sector,year,AIusage_s
Горнодобывающая промышленность и разработка карьеров,2025,65
Деятельность в области административного и вспомогательного обслуживания,2025,230
Деятельность в области здравоохранения,2025,161
Деятельность в области спорта,2025,9
Деятельность по организации отдыха и развлечений,2025,21
"Забор, обработка и распределение воды",2025,3
Информация и связь ,2025,881
Обрабатывающая промышленность,2025,410
Операции с недвижимым имуществом ,2025,136
Оптовая и розничная торговля; ремонт автомобилей и мотоциклов,2025,1795
Предоставление услуг по временному проживанию,2025,7
Предоставление услуг по обеспечению питанием и напитками,2025,31
"Профессиональная, научная и техническая деятельность",2025,717
Ремонт компьютеров и коммуникационного оборудования,2025,18
Республика Казахстан,2025,5119
"Сбор, обработка и удаление отходов; утилизация (восстановление) материалов",2025,7
"Сельское, лесное и рыбное хозяйство",2025,37
"Снабжение электроэнергией, газом, паром, горячей водой и кондиционированным воздухом",2025,24
Строительство,2025,326
Транспорт и складирование,2025,239
Финансовая и страховая деятельность,2025,2
