sector,year,BDusage_s
Горнодобывающая промышленность и разработка карьеров,2021,26
Горнодобывающая промышленность и разработка карьеров,2022,34
Горнодобывающая промышленность и разработка карьеров,2023,42
Горнодобывающая промышленность и разработка карьеров,2024,40
Горнодобывающая промышленность и разработка карьеров,2025,51
Государственное управление общего характера,2021,39
Деятельность в области административного и вспомогательного обслуживания,2021,52
Деятельность в области административного и вспомогательного обслуживания,2022,116
Деятельность в области административного и вспомогательного обслуживания,2023,87
Деятельность в области административного и вспомогательного обслуживания,2024,198
Деятельность в области административного и вспомогательного обслуживания,2025,229
Деятельность в области здравоохранения,2021,135
Деятельность в области здравоохранения,2022,142
Деятельность в области здравоохранения,2023,151
Деятельность в области здравоохранения,2024,200
Деятельность в области здравоохранения,2025,292
Деятельность в области обязательного социального страхования,2021,3
Деятельность в области спорта,2021,5
Деятельность в области спорта,2022,11
Деятельность в области спорта,2023,14
Деятельность в области спорта,2024,14
Деятельность в области спорта,2025,14
Деятельность по ликвидации загрязнений и прочие услуги в области удаления отходов,2023,2
Деятельность по ликвидации загрязнений и прочие услуги в области удаления отходов,2024,1
Деятельность по ликвидации загрязнений и прочие услуги в области удаления отходов,2025,1
Деятельность по организации отдыха и развлечений,2021,6
Деятельность по организации отдыха и развлечений,2022,13
Деятельность по организации отдыха и развлечений,2023,4
Деятельность по организации отдыха и развлечений,2024,18
Деятельность по организации отдыха и развлечений,2025,18
"Забор, обработка и распределение воды",2024,5
"Забор, обработка и распределение воды",2025,5
Информация и связь,2021,170
Информация и связь ,2022,457
Информация и связь ,2023,315
Информация и связь ,2024,331
Информация и связь ,2025,456
Обрабатывающая промышленность,2021,115
Обрабатывающая промышленность,2022,213
Обрабатывающая промышленность,2023,224
Обрабатывающая промышленность,2024,215
Обрабатывающая промышленность,2025,277
Операции с недвижимым имуществом,2021,11
Операции с недвижимым имуществом ,2022,77
Операции с недвижимым имуществом ,2023,45
Операции с недвижимым имуществом ,2024,59
Операции с недвижимым имуществом ,2025,171
Оптовая и розничная торговля; ремонт автомобилей и мотоциклов,2021,63
Оптовая и розничная торговля; ремонт автомобилей и мотоциклов,2022,577
Оптовая и розничная торговля; ремонт автомобилей и мотоциклов,2023,1228
Оптовая и розничная торговля; ремонт автомобилей и мотоциклов,2024,951
Оптовая и розничная торговля; ремонт автомобилей и мотоциклов,2025,1677
Предоставление услуг по временному проживанию,2021,11
Предоставление услуг по временному проживанию,2022,7
Предоставление услуг по временному проживанию,2023,19
Предоставление услуг по временному проживанию,2024,12
Предоставление услуг по временному проживанию,2025,18
Предоставление услуг по обеспечению питанием и напитками,2022,73
Предоставление услуг по обеспечению питанием и напитками,2023,11
Предоставление услуг по обеспечению питанием и напитками,2024,82
Предоставление услуг по обеспечению питанием и напитками,2025,13
"Профессиональная, научная и техническая деятельность",2021,158
"Профессиональная, научная и техническая деятельность",2022,119
"Профессиональная, научная и техническая деятельность",2023,267
"Профессиональная, научная и техническая деятельность",2024,382
"Профессиональная, научная и техническая деятельность",2025,317
"Регулирование деятельности учреждений здравоохранения, образования, культуры и других социальных услуг, кроме социального обеспечения ",2021,11
Регулирование и содействие эффективному ведению экономической деятельности,2021,11
Ремонт компьютеров и коммуникационного оборудования,2022,2
Ремонт компьютеров и коммуникационного оборудования,2024,6
Ремонт компьютеров и коммуникационного оборудования,2025,5
Республика Казахстан,2021,981
Республика Казахстан,2022,2165
Республика Казахстан,2023,2940
Республика Казахстан,2024,3013
Республика Казахстан,2025,4200
Сбор и обработка сточных вод,2023,4
Сбор и обработка сточных вод,2024,2
Сбор и обработка сточных вод,2025,3
"Сбор, обработка и распределение воды",2021,4
"Сбор, обработка и распределение воды",2022,4
"Сбор, обработка и распределение воды",2023,9
"Сбор, обработка и удаление отходов; утилизация (восстановление) материалов",2021,5
"Сбор, обработка и удаление отходов; утилизация (восстановление) материалов",2022,6
"Сбор, обработка и удаление отходов; утилизация (восстановление) материалов",2023,8
"Сбор, обработка и удаление отходов; утилизация (восстановление) материалов",2024,11
"Сбор, обработка и удаление отходов; утилизация (восстановление) материалов",2025,18
"Сельское, лесное и рыбное хозяйство",2021,14
"Сельское, лесное и рыбное хозяйство",2022,23
"Сельское, лесное и рыбное хозяйство",2023,32
"Сельское, лесное и рыбное хозяйство",2024,45
"Сельское, лесное и рыбное хозяйство",2025,58
"Снабжение электроэнергией, газом, паром, горячей водой и кондиционированным воздухом",2021,32
"Снабжение электроэнергией, газом, паром, горячей водой и кондиционированным воздухом",2022,28
"Снабжение электроэнергией, газом, паром, горячей водой и кондиционированным воздухом",2023,25
"Снабжение электроэнергией, газом, паром, горячей водой и кондиционированным воздухом",2024,35
"Снабжение электроэнергией, газом, паром, горячей водой и кондиционированным воздухом",2025,30
Строительство,2021,59
Строительство,2022,129
Строительство,2023,226
Строительство,2024,242
Строительство,2025,361
Транспорт и складирование,2021,51
Транспорт и складирование,2022,134
Транспорт и складирование,2023,227
Транспорт и складирование,2024,164
Транспорт и складирование,2025,184
Финансовая и страховая деятельность,2025,2
