region,year,BDusage_r
Абай,2022,18
Абай,2023,35
Абай,2024,32
Абай,2025,46
Акмолинская,2021,23
Акмолинская,2022,50
Акмолинская,2023,98
Акмолинская,2024,50
Акмолинская,2025,98
Актюбинская,2021,12
Актюбинская,2022,23
Актюбинская,2023,21
Актюбинская,2024,27
Актюбинская,2025,96
Алматинская,2021,20
Алматинская,2022,32
Алматинская,2023,27
Алматинская,2024,59
Алматинская,2025,72
Атырауская,2021,41
Атырауская,2022,64
Атырауская,2023,83
Атырауская,2024,20
Атырауская,2025,110
Восточно-Казахстанская,2021,33
Восточно-Казахстанская,2022,20
Восточно-Казахстанская,2023,25
Восточно-Казахстанская,2024,118
Восточно-Казахстанская,2025,204
Жамбылская,2021,4
Жамбылская,2022,16
Жамбылская,2023,23
Жамбылская,2024,16
Жамбылская,2025,15
Жетісу,2022,42
Жетісу,2023,44
Жетісу,2024,62
Жетісу,2025,67
Западно-Казахстанская,2021,8
Западно-Казахстанская,2022,25
Западно-Казахстанская,2023,58
Западно-Казахстанская,2024,56
Западно-Казахстанская,2025,46
Карагандинская,2021,47
Карагандинская,2022,16
Карагандинская,2023,19
Карагандинская,2024,29
Карагандинская,2025,83
Костанайская,2021,3
Костанайская,2022,6
Костанайская,2023,2
Костанайская,2024,5
Костанайская,2025,10
Кызылординская,2021,22
Кызылординская,2022,44
Кызылординская,2023,59
Кызылординская,2024,51
Кызылординская,2025,57
Мангистауская,2021,15
Мангистауская,2023,17
Мангистауская,2024,29
Мангистауская,2025,125
Мангыстауская,2022,30
Павлодарская,2021,20
Павлодарская,2022,79
Павлодарская,2023,155
Павлодарская,2024,132
Павлодарская,2025,135
Республика Казахстан,2021,981
Республика Казахстан,2022,2165
Республика Казахстан,2023,2940
Республика Казахстан,2024,3013
Республика Казахстан,2025,4200
Северо-Казахстанская,2021,5
Северо-Казахстанская,2022,31
Северо-Казахстанская,2023,5
Северо-Казахстанская,2024,6
Северо-Казахстанская,2025,21
Туркестанская,2021,10
Туркестанская,2022,18
Туркестанская,2023,18
Туркестанская,2024,18
Туркестанская,2025,15
г. Алматы,2021,552
г. Алматы,2022,1209
г. Алматы,2023,1729
г. Алматы,2024,1764
г. Алматы,2025,2337
г. Астана,2021,92
г. Астана,2022,257
г. Астана,2023,351
г. Астана,2024,236
г. Астана,2025,369
г. Шымкент,2021,74
г. Шымкент,2022,163
г. Шымкент,2023,156
г. Шымкент,2024,275
г. Шымкент,2025,269
Ұлытау,2022,22
Ұлытау,2023,15
Ұлытау,2024,28
Ұлытау,2025,25
