sector,year,inetusage_s
Горнодобывающая промышленность и разработка карьеров,2021,1087
Горнодобывающая промышленность и разработка карьеров,2022,1288
Горнодобывающая промышленность и разработка карьеров,2023,1270
Горнодобывающая промышленность и разработка карьеров,2024,1418
Горнодобывающая промышленность и разработка карьеров,2025,1225
Государственное управление общего характера,2021,4281
Деятельность в области административного и вспомогательного обслуживания,2021,7369
Деятельность в области административного и вспомогательного обслуживания,2022,8566
Деятельность в области административного и вспомогательного обслуживания,2023,8893
Деятельность в области административного и вспомогательного обслуживания,2024,9078
Деятельность в области административного и вспомогательного обслуживания,2025,7984
Деятельность в области здравоохранения,2021,3888
Деятельность в области здравоохранения,2022,4646
Деятельность в области здравоохранения,2023,4700
Деятельность в области здравоохранения,2024,5324
Деятельность в области здравоохранения,2025,5146
Деятельность в области обязательного социального страхования,2021,35
Деятельность в области спорта,2021,491
Деятельность в области спорта,2022,602
Деятельность в области спорта,2023,641
Деятельность в области спорта,2024,652
Деятельность в области спорта,2025,534
Деятельность по ликвидации загрязнений и прочие услуги в области удаления отходов,2021,16
Деятельность по ликвидации загрязнений и прочие услуги в области удаления отходов,2022,19
Деятельность по ликвидации загрязнений и прочие услуги в области удаления отходов,2023,31
Деятельность по ликвидации загрязнений и прочие услуги в области удаления отходов,2024,38
Деятельность по ликвидации загрязнений и прочие услуги в области удаления отходов,2025,21
Деятельность по организации отдыха и развлечений,2021,819
Деятельность по организации отдыха и развлечений,2022,919
Деятельность по организации отдыха и развлечений,2023,1026
Деятельность по организации отдыха и развлечений,2024,1045
Деятельность по организации отдыха и развлечений,2025,824
"Забор, обработка и распределение воды",2024,289
"Забор, обработка и распределение воды",2025,262
Информация и связь,2021,4539
Информация и связь ,2022,5936
Информация и связь ,2023,6341
Информация и связь ,2024,6785
Информация и связь ,2025,6108
Международная деятельность,2021,1
Обрабатывающая промышленность,2021,7047
Обрабатывающая промышленность,2022,8448
Обрабатывающая промышленность,2023,8679
Обрабатывающая промышленность,2024,9508
Обрабатывающая промышленность,2025,8211
Операции с недвижимым имуществом,2021,6408
Операции с недвижимым имуществом ,2022,7625
Операции с недвижимым имуществом ,2023,7269
Операции с недвижимым имуществом ,2024,8326
Операции с недвижимым имуществом ,2025,6681
Оптовая и розничная торговля; ремонт автомобилей и мотоциклов,2021,32979
Оптовая и розничная торговля; ремонт автомобилей и мотоциклов,2022,41744
Оптовая и розничная торговля; ремонт автомобилей и мотоциклов,2023,39401
Оптовая и розничная торговля; ремонт автомобилей и мотоциклов,2024,42700
Оптовая и розничная торговля; ремонт автомобилей и мотоциклов,2025,37353
Предоставление услуг по временному проживанию,2021,523
Предоставление услуг по временному проживанию,2022,714
Предоставление услуг по временному проживанию,2023,721
Предоставление услуг по временному проживанию,2024,834
Предоставление услуг по временному проживанию,2025,609
Предоставление услуг по обеспечению питанием и напитками,2022,2490
Предоставление услуг по обеспечению питанием и напитками,2023,2552
Предоставление услуг по обеспечению питанием и напитками,2024,2588
Предоставление услуг по обеспечению питанием и напитками,2025,2415
"Профессиональная, научная и техническая деятельность",2021,10666
"Профессиональная, научная и техническая деятельность",2022,12471
"Профессиональная, научная и техническая деятельность",2023,12515
"Профессиональная, научная и техническая деятельность",2024,12703
"Профессиональная, научная и техническая деятельность",2025,11116
"Регулирование деятельности учреждений здравоохранения, образования, культуры и других социальных услуг, кроме социального обеспечения ",2021,1627
Регулирование и содействие эффективному ведению экономической деятельности,2021,1566
Ремонт компьютеров и коммуникационного оборудования,2021,409
Ремонт компьютеров и коммуникационного оборудования,2022,415
Ремонт компьютеров и коммуникационного оборудования,2023,421
Ремонт компьютеров и коммуникационного оборудования,2024,420
Ремонт компьютеров и коммуникационного оборудования,2025,354
Республика Казахстан,2021,107121
Республика Казахстан,2022,124603
Республика Казахстан,2023,121439
Республика Казахстан,2024,131012
Республика Казахстан,2025,113998
Сбор и обработка сточных вод,2021,17
Сбор и обработка сточных вод,2022,29
Сбор и обработка сточных вод,2023,44
Сбор и обработка сточных вод,2024,72
Сбор и обработка сточных вод,2025,32
"Сбор, обработка и распределение воды",2021,297
"Сбор, обработка и распределение воды",2022,298
"Сбор, обработка и распределение воды",2023,302
"Сбор, обработка и удаление отходов; утилизация (восстановление) материалов",2021,519
"Сбор, обработка и удаление отходов; утилизация (восстановление) материалов",2022,568
"Сбор, обработка и удаление отходов; утилизация (восстановление) материалов",2023,565
"Сбор, обработка и удаление отходов; утилизация (восстановление) материалов",2024,574
"Сбор, обработка и удаление отходов; утилизация (восстановление) материалов",2025,488
"Сельское, лесное и рыбное хозяйство",2021,4272
"Сельское, лесное и рыбное хозяйство",2022,5205
"Сельское, лесное и рыбное хозяйство",2023,5135
"Сельское, лесное и рыбное хозяйство",2024,5740
"Сельское, лесное и рыбное хозяйство",2025,4317
"Снабжение электроэнергией, газом, паром, горячей водой и кондиционированным воздухом",2021,655
"Снабжение электроэнергией, газом, паром, горячей водой и кондиционированным воздухом",2022,672
"Снабжение электроэнергией, газом, паром, горячей водой и кондиционированным воздухом",2023,741
"Снабжение электроэнергией, газом, паром, горячей водой и кондиционированным воздухом",2024,739
"Снабжение электроэнергией, газом, паром, горячей водой и кондиционированным воздухом",2025,563
Строительство,2021,12225
Строительство,2022,15180
Строительство,2023,13560
Строительство,2024,15278
Строительство,2025,13209
Транспорт и складирование,2021,5333
Транспорт и складирование,2022,6749
Транспорт и складирование,2023,6619
Транспорт и складирование,2024,6880
Транспорт и складирование,2025,6531
Финансовая и страховая деятельность,2021,52
Финансовая и страховая деятельность,2022,19
Финансовая и страховая деятельность,2023,13
Финансовая и страховая деятельность,2024,21
Финансовая и страховая деятельность,2025,15
