sector,year,Innovcosts_s
Высшее образование,2021,22541.9
Высшее образования,2022,47451.2
Высшее образования,2023,21382.9
Высшее образования,2024,23578.1
Высшее образования,2025,40708.1
Горнодобывающая промышленность и разработка карьеров,2021,92933.5
Горнодобывающая промышленность и разработка карьеров,2022,188450.2
Горнодобывающая промышленность и разработка карьеров,2023,108995.3
Горнодобывающая промышленность и разработка карьеров,2024,93218.7
Горнодобывающая промышленность и разработка карьеров,2025,138747.6
"Деятельность в области архитектуры, инженерных изысканий, технических испытаний и анализа",2021,11810.1
"Деятельность в области архитектуры, инженерных изысканий, технических испытаний и анализа",2022,7885.9
"Деятельность в области архитектуры, инженерных изысканий, технических испытаний и анализа",2023,9339.4
"Деятельность в области архитектуры, инженерных изысканий, технических испытаний и анализа",2024,4156.2
"Деятельность в области архитектуры, инженерных изысканий, технических испытаний и анализа",2025,1927.4
Деятельность в области здравоохранения,2021,92178.2
Деятельность в области здравоохранения,2022,20495.2
Деятельность в области здравоохранения,2023,34199.2
Деятельность в области здравоохранения,2024,29699.3
Деятельность в области здравоохранения,2025,41433.6
Деятельность головных компаний; консультирование по вопросам управления ,2021,92.8
Деятельность по ликвидации загрязнений и прочие услуги в области удаления отходов,2023,0.1
Информация и связь,2021,24436.3
Информация и связь ,2022,152317.9
Информация и связь ,2023,94951.4
Информация и связь ,2024,26534.2
Информация и связь ,2025,60633.0
Научные исследования и разработки,2021,46318.7
Научные исследования и разработки,2022,26200.2
Научные исследования и разработки,2023,44631.3
Научные исследования и разработки,2024,20816.2
Научные исследования и разработки,2025,36013.4
Обрабатывающая промышленность,2021,427692.1
Обрабатывающая промышленность,2022,932139.9
Обрабатывающая промышленность,2023,1358039.2
Обрабатывающая промышленность,2024,1925475.2
Обрабатывающая промышленность,2025,939530.9
Оптовая и розничная торговля; ремонт автомобилей и мотоциклов,2021,7044.5
Оптовая и розничная торговля; ремонт автомобилей и мотоциклов,2022,11896.9
Оптовая и розничная торговля; ремонт автомобилей и мотоциклов,2023,21007.0
Оптовая и розничная торговля; ремонт автомобилей и мотоциклов,2024,20259.2
Оптовая и розничная торговля; ремонт автомобилей и мотоциклов,2025,29893.9
"Прочая профессиональная, научная и техническая деятельность",2021,2354.2
"Прочая профессиональная, научная и техническая деятельность",2022,5416.3
"Прочая профессиональная, научная и техническая деятельность",2023,5896.7
"Прочая профессиональная, научная и техническая деятельность",2024,4150.6
"Прочая профессиональная, научная и техническая деятельность",2025,4375.5
Рекламная деятельность и исследование конъюнктуры рынка,2021,332.0
Рекламная деятельность и исследование конъюнктуры рынка,2022,893.7
Рекламная деятельность и исследование конъюнктуры рынка,2024,9.0
Республика Казахстан,2021,800089.5
Республика Казахстан,2022,1453339.1
Республика Казахстан,2023,1820818.5
Республика Казахстан,2024,2301542.8
Республика Казахстан,2025,1594333.9
Сбор и обработка сточных вод,2023,797.7
"Сбор, обработка и распределение воды",2021,1242.6
"Сбор, обработка и распределение воды",2022,1112.2
"Сбор, обработка и распределение воды",2023,1674.3
"Сбор, обработка и распределение воды",2024,657.7
"Сбор, обработка и распределение воды",2025,2886.8
"Сбор, обработка и удаление отходов; утилизация (восстановление) материалов",2021,2596.9
"Сбор, обработка и удаление отходов; утилизация (восстановление) материалов",2022,58.4
"Сбор, обработка и удаление отходов; утилизация (восстановление) материалов",2023,752.5
"Сбор, обработка и удаление отходов; утилизация (восстановление) материалов",2024,137.8
"Сбор, обработка и удаление отходов; утилизация (восстановление) материалов",2025,4350.0
"Сельское, лесное и рыбное хозяйство",2021,22390.5
"Сельское, лесное и рыбное хозяйство",2022,34909.1
"Сельское, лесное и рыбное хозяйство",2023,31047.2
"Сельское, лесное и рыбное хозяйство",2024,40649.1
"Сельское, лесное и рыбное хозяйство",2025,73696.3
"Снабжение электроэнергией, газом, паром, горячей водой и  кондиционероввнным воздухом",2021,22214.2
"Снабжение электроэнергией, газом, паром, горячей водой и  кондиционероввнным воздухом",2022,11087.3
"Снабжение электроэнергией, газом, паром, горячей водой и  кондиционероввнным воздухом",2023,45419.8
"Снабжение электроэнергией, газом, паром, горячей водой и  кондиционероввнным воздухом",2024,38668.5
"Снабжение электроэнергией, газом, паром, горячей водой и  кондиционероввнным воздухом",2025,190521.8
Строительство,2021,4377.1
Строительство,2022,4333.0
Строительство,2023,2720.5
Строительство,2024,1824.2
Строительство,2025,2566.9
Транспорт и складирование,2021,19505.9
Транспорт и складирование,2022,8688.2
Транспорт и складирование,2023,39963.9
Транспорт и складирование,2024,71708.3
Транспорт и складирование,2025,27046.2
Финансовая и страховая деятельность,2021,28.1
