region,year,Innovcosts_r
Абай,2022,27797.3
Абай,2023,13187.6
Абай,2024,22837.9
Абай,2025,29135.0
Акмолинская,2021,56295.2
Акмолинская,2022,37265.7
Акмолинская,2023,20471.3
Акмолинская,2024,16132.1
Акмолинская,2025,18705.5
Актюбинская,2021,102282.0
Актюбинская,2022,53549.5
Актюбинская,2023,36078.7
Актюбинская,2024,63344.6
Актюбинская,2025,104795.3
Алматинская,2021,13830.3
Алматинская,2022,32259.6
Алматинская,2023,58925.7
Алматинская,2024,506798.6
Алматинская,2025,99284.7
Атырауская,2021,70890.5
Атырауская,2022,606527.0
Атырауская,2023,969264.3
Атырауская,2024,1025936.9
Атырауская,2025,360824.3
Восточно-Казахстанская,2021,72956.9
Восточно-Казахстанская,2022,33646.9
Восточно-Казахстанская,2023,29208.7
Восточно-Казахстанская,2024,27774.1
Восточно-Казахстанская,2025,36538.5
Жамбылская,2021,10195.3
Жамбылская,2022,18149.1
Жамбылская,2023,30443.0
Жамбылская,2024,18350.3
Жамбылская,2025,18131.8
Жетісу,2022,6435.8
Жетісу,2023,7268.6
Жетісу,2024,8723.8
Жетісу,2025,31487.8
Западно-Казахстанская,2021,18570.8
Западно-Казахстанская,2022,16327.7
Западно-Казахстанская,2023,27157.7
Западно-Казахстанская,2024,26274.3
Западно-Казахстанская,2025,26665.2
Карагандинская,2021,140569.2
Карагандинская,2022,114802.4
Карагандинская,2023,122488.7
Карагандинская,2024,118757.4
Карагандинская,2025,111354.5
Костанайская,2021,15930.9
Костанайская,2022,10026.6
Костанайская,2023,31693.5
Костанайская,2024,28996.5
Костанайская,2025,97849.7
Кызылординская,2021,7478.4
Кызылординская,2022,32880.6
Кызылординская,2023,13995.9
Кызылординская,2024,35071.3
Кызылординская,2025,31324.8
Мангыстауская,2021,3002.1
Мангыстауская,2022,22120.0
Мангыстауская,2023,19925.1
Мангыстауская,2024,11543.1
Мангыстауская,2025,10138.3
Павлодарская,2021,24845.1
Павлодарская,2022,60431.0
Павлодарская,2023,75335.0
Павлодарская,2024,66242.0
Павлодарская,2025,65683.1
Республика Казахстан,2021,800089.5
Республика Казахстан,2022,1453339.1
Республика Казахстан,2023,1820818.5
Республика Казахстан,2024,2301542.8
Республика Казахстан,2025,1594333.9
Северо-Казахстанская,2021,49076.6
Северо-Казахстанская,2022,116986.8
Северо-Казахстанская,2023,131372.9
Северо-Казахстанская,2024,150283.6
Северо-Казахстанская,2025,88897.9
Туркестанская,2021,2832.4
Туркестанская,2022,4505.8
Туркестанская,2023,14015.3
Туркестанская,2024,21084.3
Туркестанская,2025,141402.4
г. Алматы,2021,88928.8
г. Алматы,2022,206644.2
г. Алматы,2023,133013.4
г. Алматы,2024,102517.7
г. Алматы,2025,234482.1
г. Астана,2021,116582.8
г. Астана,2022,45591.7
г. Астана,2023,70921.5
г. Астана,2024,33671.4
г. Астана,2025,28816.3
г. Шымкент,2021,5822.2
г. Шымкент,2022,3549.3
г. Шымкент,2023,3755.6
г. Шымкент,2024,8323.4
г. Шымкент,2025,47061.0
Ұлытау,2022,3842.1
Ұлытау,2023,12296.1
Ұлытау,2024,8879.6
Ұлытау,2025,11755.5
