sector,year,ITcosts_s
Горнодобывающая промышленность и разработка карьеров,2021,67742.1
Горнодобывающая промышленность и разработка карьеров,2022,82445.3
Горнодобывающая промышленность и разработка карьеров,2023,120017.5
Горнодобывающая промышленность и разработка карьеров,2024,78547.9
Горнодобывающая промышленность и разработка карьеров,2025,87845.1
Государственное управление общего характера,2021,38207.0
Деятельность в области административного и вспомогательного обслуживания,2021,3351.3
Деятельность в области административного и вспомогательного обслуживания,2022,20039.7
Деятельность в области административного и вспомогательного обслуживания,2023,11107.5
Деятельность в области административного и вспомогательного обслуживания,2024,8870.8
Деятельность в области административного и вспомогательного обслуживания,2025,18192.7
Деятельность в области здравоохранения,2021,13856.9
Деятельность в области здравоохранения,2022,13910.0
Деятельность в области здравоохранения,2023,14693.7
Деятельность в области здравоохранения,2024,18043.3
Деятельность в области здравоохранения,2025,43328.6
Деятельность в области обязательного социального страхования,2021,231.1
Деятельность в области спорта,2021,146.6
Деятельность в области спорта,2022,555.4
Деятельность в области спорта,2023,893.1
Деятельность в области спорта,2024,551.0
Деятельность в области спорта,2025,816.1
Деятельность по ликвидации загрязнений и прочие услуги в области удаления отходов,2021,3.7
Деятельность по ликвидации загрязнений и прочие услуги в области удаления отходов,2022,0.9
Деятельность по ликвидации загрязнений и прочие услуги в области удаления отходов,2023,8.8
Деятельность по ликвидации загрязнений и прочие услуги в области удаления отходов,2024,3.8
Деятельность по ликвидации загрязнений и прочие услуги в области удаления отходов,2025,15.2
Деятельность по организации отдыха и развлечений,2021,616.6
Деятельность по организации отдыха и развлечений,2022,3361.7
Деятельность по организации отдыха и развлечений,2023,3367.2
Деятельность по организации отдыха и развлечений,2024,3324.0
Деятельность по организации отдыха и развлечений,2025,3730.6
"Забор, обработка и распределение воды",2024,777.2
"Забор, обработка и распределение воды",2025,789.3
Информация и связь,2021,104634.9
Информация и связь ,2022,235238.1
Информация и связь ,2023,443401.7
Информация и связь ,2024,272178.9
Информация и связь ,2025,332449.6
Международная деятельность,2021,927.5
Обрабатывающая промышленность,2021,60729.1
Обрабатывающая промышленность,2022,69686.8
Обрабатывающая промышленность,2023,74964.2
Обрабатывающая промышленность,2024,78063.2
Обрабатывающая промышленность,2025,87221.3
Операции с недвижимым имуществом,2021,5342.3
Операции с недвижимым имуществом ,2022,3976.6
Операции с недвижимым имуществом ,2023,5672.7
Операции с недвижимым имуществом ,2024,6134.7
Операции с недвижимым имуществом ,2025,5455.6
Оптовая и розничная торговля; ремонт автомобилей и мотоциклов,2021,36945.6
Оптовая и розничная торговля; ремонт автомобилей и мотоциклов,2022,63934.0
Оптовая и розничная торговля; ремонт автомобилей и мотоциклов,2023,129603.2
Оптовая и розничная торговля; ремонт автомобилей и мотоциклов,2024,84062.1
Оптовая и розничная торговля; ремонт автомобилей и мотоциклов,2025,89618.0
Предоставление услуг по временному проживанию,2021,931.2
Предоставление услуг по временному проживанию,2022,913.6
Предоставление услуг по временному проживанию,2023,1058.3
Предоставление услуг по временному проживанию,2024,1604.4
Предоставление услуг по временному проживанию,2025,1117.2
Предоставление услуг по обеспечению питанием и напитками,2022,1937.2
Предоставление услуг по обеспечению питанием и напитками,2023,5422.2
Предоставление услуг по обеспечению питанием и напитками,2024,3451.2
Предоставление услуг по обеспечению питанием и напитками,2025,4223.0
"Профессиональная, научная и техническая деятельность",2021,42336.8
"Профессиональная, научная и техническая деятельность",2022,37013.3
"Профессиональная, научная и техническая деятельность",2023,40943.1
"Профессиональная, научная и техническая деятельность",2024,38609.3
"Профессиональная, научная и техническая деятельность",2025,43955.0
"Регулирование деятельности учреждений здравоохранения, образования, культуры и других социальных услуг, кроме социального обеспечения ",2021,3825.3
Регулирование и содействие эффективному ведению экономической деятельности,2021,1994.1
Ремонт компьютеров и коммуникационного оборудования,2021,207.7
Ремонт компьютеров и коммуникационного оборудования,2022,851.7
Ремонт компьютеров и коммуникационного оборудования,2023,673.2
Ремонт компьютеров и коммуникационного оборудования,2024,730.5
Ремонт компьютеров и коммуникационного оборудования,2025,1385.1
Республика Казахстан,2021,443121.3
Республика Казахстан,2022,589852.5
Республика Казахстан,2023,918349.9
Республика Казахстан,2024,678032.6
Республика Казахстан,2025,800308.3
Сбор и обработка сточных вод,2021,28.0
Сбор и обработка сточных вод,2022,10.8
Сбор и обработка сточных вод,2023,19.0
Сбор и обработка сточных вод,2024,44.4
Сбор и обработка сточных вод,2025,66.1
"Сбор, обработка и распределение воды",2021,2492.5
"Сбор, обработка и распределение воды",2022,888.3
"Сбор, обработка и распределение воды",2023,551.1
"Сбор, обработка и удаление отходов; утилизация (восстановление) материалов",2021,209.0
"Сбор, обработка и удаление отходов; утилизация (восстановление) материалов",2022,354.5
"Сбор, обработка и удаление отходов; утилизация (восстановление) материалов",2023,302.4
"Сбор, обработка и удаление отходов; утилизация (восстановление) материалов",2024,452.7
"Сбор, обработка и удаление отходов; утилизация (восстановление) материалов",2025,536.5
"Сельское, лесное и рыбное хозяйство",2021,1413.9
"Сельское, лесное и рыбное хозяйство",2022,2428.2
"Сельское, лесное и рыбное хозяйство",2023,2777.4
"Сельское, лесное и рыбное хозяйство",2024,3119.0
"Сельское, лесное и рыбное хозяйство",2025,2746.2
"Снабжение электроэнергией, газом, паром, горячей водой и кондиционированным воздухом",2021,11862.8
"Снабжение электроэнергией, газом, паром, горячей водой и кондиционированным воздухом",2022,9645.6
"Снабжение электроэнергией, газом, паром, горячей водой и кондиционированным воздухом",2023,13938.9
"Снабжение электроэнергией, газом, паром, горячей водой и кондиционированным воздухом",2024,19081.8
"Снабжение электроэнергией, газом, паром, горячей водой и кондиционированным воздухом",2025,20066.0
Строительство,2021,16509.6
Строительство,2022,7974.5
Строительство,2023,12380.2
Строительство,2024,16586.3
Строительство,2025,12783.1
Транспорт и складирование,2021,28459.2
Транспорт и складирование,2022,34671.7
Транспорт и складирование,2023,36540.9
Транспорт и складирование,2024,43788.1
Транспорт и складирование,2025,43893.4
Финансовая и страховая деятельность,2021,116.7
Финансовая и страховая деятельность,2022,14.5
Финансовая и страховая деятельность,2023,13.7
Финансовая и страховая деятельность,2024,8.2
Финансовая и страховая деятельность,2025,74.7
