region,year,ITcosts_r
Абай,2022,3944.0
Абай,2023,4680.8
Абай,2024,5171.4
Абай,2025,7403.4
Актюбинская,2008,1115.602
Актюбинская,2009,1911.6587
Актюбинская,2010,2445.175
Актюбинская,2011,2578.9126
Актюбинская,2012,2352.1885
Актюбинская,2013,2847.2334
Актюбинская,2014,4258.2007
Актюбинская,2015,5194.9746
Актюбинская,2016,5529.137
Актюбинская,2017,5683.662
Актюбинская,2018,10364.991
Актюбинская,2019,6977.806
Актюбинская,2020,8533.415
Актюбинская,2021,8201.094
Актюбинская,2022,10537.75
Актюбинская,2023,11084.612
Актюбинская,2024,13040.209
Актюбинская,2025,14186.944
Атырауская,2012,8266.97
Атырауская,2013,6312.1606
Атырауская,2014,25691.455
Атырауская,2015,41131.8
Атырауская,2016,8514.146
Атырауская,2017,13464.1
Атырауская,2018,38711.727
Атырауская,2019,47072.188
Атырауская,2020,39715.95
Атырауская,2021,45516.0
Атырауская,2022,52245.195
Атырауская,2023,109973.38
Атырауская,2024,52792.934
Восточно-Казахстанская,2007,2267.8
Восточно-Казахстанская,2008,2782.6
Восточно-Казахстанская,2009,2511.2
Восточно-Казахстанская,2010,4066.3
Восточно-Казахстанская,2011,5126.9
Восточно-Казахстанская,2012,4604.9
Восточно-Казахстанская,2013,5179.9
Восточно-Казахстанская,2014,5025.8
Восточно-Казахстанская,2015,5840.5
Восточно-Казахстанская,2016,12898.6
Восточно-Казахстанская,2017,13376.9
Восточно-Казахстанская,2018,12752.5
Восточно-Казахстанская,2019,9768.8
Восточно-Казахстанская,2020,11062.3
Восточно-Казахстанская,2021,16742.0
Восточно-Казахстанская,2022,12399.2
Восточно-Казахстанская,2023,24215.6
Восточно-Казахстанская,2024,22502.8
Восточно-Казахстанская,2025,23298.0
Жамбылская,2010,767.3
Жамбылская,2011,2510.1
Жамбылская,2012,1257.3
Жамбылская,2013,1567.9
Жамбылская,2014,1736.6
Жамбылская,2015,2491.8
Жамбылская,2016,2390.0
Жамбылская,2017,2191.8
Жамбылская,2018,2044.9
Жамбылская,2019,2028.0
Жамбылская,2020,2347.9
Жамбылская,2021,2407.5
Жамбылская,2022,10267.3
Жамбылская,2023,3692.7
Жамбылская,2024,3605.4
Жамбылская,2025,4089.2
Западно-Казахстанская,2014,3530.2
Западно-Казахстанская,2015,6525.4
Западно-Казахстанская,2016,10705.3
Западно-Казахстанская,2017,15164.3
Западно-Казахстанская,2018,14739.2
Западно-Казахстанская,2019,16091.9
Западно-Казахстанская,2020,18365.7
Западно-Казахстанская,2021,20022.6
Западно-Казахстанская,2022,17874.8
Западно-Казахстанская,2023,18021.232
Западно-Казахстанская,2024,16319.351
Западно-Казахстанская,2025,19012.002
Карагандинская,2009,16681.4
Карагандинская,2010,2627.2
Карагандинская,2011,4871.2
Карагандинская,2012,4327.5
Карагандинская,2013,3799.1
Карагандинская,2014,4917.8
Карагандинская,2015,6941.3
Карагандинская,2016,6940.0
Карагандинская,2017,7730.9
Карагандинская,2018,10163.8
Карагандинская,2019,11711.4
Карагандинская,2020,13149.0
Карагандинская,2021,20428.4
Карагандинская,2022,13510.0
Карагандинская,2023,17173.0
Карагандинская,2024,19840.0
Карагандинская,2025,22383.8
Костанайская,2007,702.6
Костанайская,2008,990.9
Костанайская,2009,1057.2
Костанайская,2010,1200.1
Костанайская,2011,1091.3
Костанайская,2012,1419.6
Костанайская,2013,2011.0
Костанайская,2014,2024.0
Костанайская,2015,2392.8
Костанайская,2016,2779.8
Костанайская,2017,3200.3
Костанайская,2018,3709.8
Костанайская,2019,3390.5
Костанайская,2020,5642.3
Костанайская,2021,5967.9
Костанайская,2022,5889.9
Костанайская,2023,9230.0
Костанайская,2024,8945.4
Костанайская,2025,11802.8
Кызылординская,2012,1003.2832
Кызылординская,2013,2109.386
Кызылординская,2014,7314.317
Кызылординская,2015,12399.493
Кызылординская,2016,2167.794
Кызылординская,2017,3290.4897
Кызылординская,2018,2760.9897
Кызылординская,2019,8716.719
Кызылординская,2020,8218.057
Кызылординская,2021,7932.074
Кызылординская,2022,3677.8672
Кызылординская,2023,4520.8716
Кызылординская,2024,6639.389
Кызылординская,2025,13519.869
Павлодарская,2007,1854.7
Павлодарская,2008,2522.2
Павлодарская,2009,3002.8
Павлодарская,2010,3734.9
Павлодарская,2011,37312.4
Павлодарская,2012,3701.6
Павлодарская,2013,8579.0
Павлодарская,2014,6242.6
Павлодарская,2015,5427.2
Павлодарская,2016,6673.4
Павлодарская,2017,13687.6
Павлодарская,2018,9423.0
Павлодарская,2019,10285.7
Павлодарская,2020,11753.1
Павлодарская,2021,13533.3
Павлодарская,2022,16345.3
Павлодарская,2023,23460.2
Павлодарская,2024,25506.855
Павлодарская,2025,30977.594
Республика Казахстан,2007,53485.8
Республика Казахстан,2008,78159.4
Республика Казахстан,2009,126597.2
Республика Казахстан,2010,147538.27
Республика Казахстан,2011,214179.7
Республика Казахстан,2012,309821.2
Республика Казахстан,2013,220847.7
Республика Казахстан,2014,237079.36
Республика Казахстан,2015,375600.4
Республика Казахстан,2016,269526.7
Республика Казахстан,2017,349943.6
Республика Казахстан,2018,305217.4
Республика Казахстан,2019,337712.7
Республика Казахстан,2020,388928.5
Республика Казахстан,2021,443121.3
Республика Казахстан,2022,589852.5
Республика Казахстан,2023,918349.9
Республика Казахстан,2024,678032.6
Республика Казахстан,2025,800308.3
Туркестанская,2016,5297.4
Туркестанская,2017,6253.8
Туркестанская,2018,2827.4
Туркестанская,2019,3236.7
Туркестанская,2020,5184.9
Туркестанская,2021,4446.5
Туркестанская,2022,4204.9
Туркестанская,2023,5255.6
Туркестанская,2024,4755.1
Туркестанская,2025,7735.8
г. Алматы,2008,48617.51
г. Алматы,2009,37824.246
г. Алматы,2010,70184.4
г. Алматы,2011,89743.5
г. Алматы,2012,145814.5
г. Алматы,2013,62677.0
г. Алматы,2014,35221.19
г. Алматы,2015,103840.7
г. Алматы,2016,106103.3
г. Алматы,2017,172271.6
г. Алматы,2018,53088.3
г. Алматы,2019,81303.7
г. Алматы,2020,83940.7
г. Алматы,2021,93988.4
г. Алматы,2022,124520.2
г. Алматы,2023,198971.9
г. Алматы,2024,211342.9
г. Алматы,2025,252016.1
г. Шымкент,2018,2527.3
г. Шымкент,2019,5928.8
г. Шымкент,2020,4601.2
г. Шымкент,2021,5264.9
г. Шымкент,2022,5159.0
г. Шымкент,2023,4336.6
г. Шымкент,2024,7910.776
г. Шымкент,2025,7028.9
