sector,year,ITusage_s
Горнодобывающая промышленность и разработка карьеров,2021,1339
Горнодобывающая промышленность и разработка карьеров,2022,1571
Горнодобывающая промышленность и разработка карьеров,2023,1613
Горнодобывающая промышленность и разработка карьеров,2024,1836
Горнодобывающая промышленность и разработка карьеров,2025,1505
Государственное управление общего характера,2021,4622
Деятельность в области административного и вспомогательного обслуживания,2021,9633
Деятельность в области административного и вспомогательного обслуживания,2022,11085
Деятельность в области административного и вспомогательного обслуживания,2023,11581
Деятельность в области административного и вспомогательного обслуживания,2024,12537
Деятельность в области административного и вспомогательного обслуживания,2025,11444
Деятельность в области здравоохранения,2021,4670
Деятельность в области здравоохранения,2022,5590
Деятельность в области здравоохранения,2023,5719
Деятельность в области здравоохранения,2024,6584
Деятельность в области здравоохранения,2025,6683
Деятельность в области обязательного социального страхования,2021,35
Деятельность в области спорта,2021,564
Деятельность в области спорта,2022,688
Деятельность в области спорта,2023,758
Деятельность в области спорта,2024,840
Деятельность в области спорта,2025,714
Деятельность по ликвидации загрязнений и прочие услуги в области удаления отходов,2021,34
Деятельность по ликвидации загрязнений и прочие услуги в области удаления отходов,2022,45
Деятельность по ликвидации загрязнений и прочие услуги в области удаления отходов,2023,42
Деятельность по ликвидации загрязнений и прочие услуги в области удаления отходов,2024,54
Деятельность по ликвидации загрязнений и прочие услуги в области удаления отходов,2025,41
Деятельность по организации отдыха и развлечений,2021,1122
Деятельность по организации отдыха и развлечений,2022,1230
Деятельность по организации отдыха и развлечений,2023,1309
Деятельность по организации отдыха и развлечений,2024,1409
Деятельность по организации отдыха и развлечений,2025,1102
"Забор, обработка и распределение воды",2024,326
"Забор, обработка и распределение воды",2025,287
Информация и связь,2021,5206
Информация и связь ,2022,6936
Информация и связь ,2023,7308
Информация и связь ,2024,8035
Информация и связь ,2025,7393
Международная деятельность,2021,1
Обрабатывающая промышленность,2021,8470
Обрабатывающая промышленность,2022,10340
Обрабатывающая промышленность,2023,10256
Обрабатывающая промышленность,2024,11397
Обрабатывающая промышленность,2025,10611
Операции с недвижимым имуществом,2021,9472
Операции с недвижимым имуществом ,2022,10450
Операции с недвижимым имуществом ,2023,10282
Операции с недвижимым имуществом ,2024,11286
Операции с недвижимым имуществом ,2025,10326
Оптовая и розничная торговля; ремонт автомобилей и мотоциклов,2021,41294
Оптовая и розничная торговля; ремонт автомобилей и мотоциклов,2022,51318
Оптовая и розничная торговля; ремонт автомобилей и мотоциклов,2023,48495
Оптовая и розничная торговля; ремонт автомобилей и мотоциклов,2024,55525
Оптовая и розничная торговля; ремонт автомобилей и мотоциклов,2025,47497
Предоставление услуг по временному проживанию,2021,657
Предоставление услуг по временному проживанию,2022,790
Предоставление услуг по временному проживанию,2023,779
Предоставление услуг по временному проживанию,2024,894
Предоставление услуг по временному проживанию,2025,806
Предоставление услуг по обеспечению питанием и напитками,2022,3281
Предоставление услуг по обеспечению питанием и напитками,2023,3255
Предоставление услуг по обеспечению питанием и напитками,2024,3803
Предоставление услуг по обеспечению питанием и напитками,2025,3204
"Профессиональная, научная и техническая деятельность",2021,13025
"Профессиональная, научная и техническая деятельность",2022,15632
"Профессиональная, научная и техническая деятельность",2023,14609
"Профессиональная, научная и техническая деятельность",2024,15742
"Профессиональная, научная и техническая деятельность",2025,14206
"Регулирование деятельности учреждений здравоохранения, образования, культуры и других социальных услуг, кроме социального обеспечения ",2021,1717
Регулирование и содействие эффективному ведению экономической деятельности,2021,1664
Ремонт компьютеров и коммуникационного оборудования,2021,494
Ремонт компьютеров и коммуникационного оборудования,2022,516
Ремонт компьютеров и коммуникационного оборудования,2023,489
Ремонт компьютеров и коммуникационного оборудования,2024,508
Ремонт компьютеров и коммуникационного оборудования,2025,457
Республика Казахстан,2021,135372
Республика Казахстан,2022,157481
Республика Казахстан,2023,152658
Республика Казахстан,2024,172335
Республика Казахстан,2025,152234
Сбор и обработка сточных вод,2021,29
Сбор и обработка сточных вод,2022,42
Сбор и обработка сточных вод,2023,50
Сбор и обработка сточных вод,2024,68
Сбор и обработка сточных вод,2025,49
"Сбор, обработка и распределение воды",2021,338
"Сбор, обработка и распределение воды",2022,332
"Сбор, обработка и распределение воды",2023,347
"Сбор, обработка и удаление отходов; утилизация (восстановление) материалов",2021,664
"Сбор, обработка и удаление отходов; утилизация (восстановление) материалов",2022,719
"Сбор, обработка и удаление отходов; утилизация (восстановление) материалов",2023,720
"Сбор, обработка и удаление отходов; утилизация (восстановление) материалов",2024,781
"Сбор, обработка и удаление отходов; утилизация (восстановление) материалов",2025,616
"Сельское, лесное и рыбное хозяйство",2021,7589
"Сельское, лесное и рыбное хозяйство",2022,8521
"Сельское, лесное и рыбное хозяйство",2023,8114
"Сельское, лесное и рыбное хозяйство",2024,9339
"Сельское, лесное и рыбное хозяйство",2025,6070
"Снабжение электроэнергией, газом, паром, горячей водой и кондиционированным воздухом",2021,717
"Снабжение электроэнергией, газом, паром, горячей водой и кондиционированным воздухом",2022,798
"Снабжение электроэнергией, газом, паром, горячей водой и кондиционированным воздухом",2023,834
"Снабжение электроэнергией, газом, паром, горячей водой и кондиционированным воздухом",2024,844
"Снабжение электроэнергией, газом, паром, горячей водой и кондиционированным воздухом",2025,639
Строительство,2021,15409
Строительство,2022,19371
Строительство,2023,17872
Строительство,2024,21347
Строительство,2025,19714
Транспорт и складирование,2021,6539
Транспорт и складирование,2022,8191
Транспорт и складирование,2023,8201
Транспорт и складирование,2024,9147
Транспорт и складирование,2025,8852
Финансовая и страховая деятельность,2021,68
Финансовая и страховая деятельность,2022,35
Финансовая и страховая деятельность,2023,25
Финансовая и страховая деятельность,2024,33
Финансовая и страховая деятельность,2025,18
