region,year,ITusage_r
Абай,2023,2418
Абай,2024,2800
Абай,2025,2180
Акмолинская,2021,5135
Акмолинская,2022,5011
Акмолинская,2023,5075
Акмолинская,2024,5411
Акмолинская,2025,4610
Актюбинская,2021,5711
Актюбинская,2022,6262
Актюбинская,2023,6005
Актюбинская,2024,6630
Актюбинская,2025,5529
Алматинская,2021,5980
Алматинская,2022,4870
Алматинская,2023,5247
Алматинская,2024,7067
Алматинская,2025,5571
Атырауская,2021,3663
Атырауская,2022,4386
Атырауская,2023,4169
Атырауская,2024,5001
Атырауская,2025,4337
Восточно-Казахстанская,2021,8435
Восточно-Казахстанская,2022,5775
Восточно-Казахстанская,2023,5716
Восточно-Казахстанская,2024,6060
Восточно-Казахстанская,2025,5262
Жамбылская,2021,3148
Жамбылская,2022,3227
Жамбылская,2023,3110
Жамбылская,2024,3812
Жамбылская,2025,3019
Жетісу,2023,2083
Жетісу,2024,2473
Жетісу,2025,2005
Западно-Казахстанская,2021,4086
Западно-Казахстанская,2022,4287
Западно-Казахстанская,2023,4391
Западно-Казахстанская,2024,5002
Западно-Казахстанская,2025,3895
Карагандинская,2021,8984
Карагандинская,2022,9549
Карагандинская,2023,8706
Карагандинская,2024,9661
Карагандинская,2025,8972
Костанайская,2021,5734
Костанайская,2022,5894
Костанайская,2023,5916
Костанайская,2024,6110
Костанайская,2025,5213
Кызылординская,2021,2837
Кызылординская,2022,2914
Кызылординская,2023,2621
Кызылординская,2024,3279
Кызылординская,2025,2282
Мангистауская,2021,4073
Мангистауская,2023,4670
Мангистауская,2024,5007
Мангистауская,2025,4256
Мангыстауская,2022,4819
Область Абай,2022,2543
Область Жетісу,2022,2011
Область Ұлытау,2022,676
Павлодарская,2021,6444
Павлодарская,2022,6778
Павлодарская,2023,6172
Павлодарская,2024,6450
Павлодарская,2025,5701
Республика Казахстан,2021,135372
Республика Казахстан,2022,157481
Республика Казахстан,2023,152658
Республика Казахстан,2024,172335
Республика Казахстан,2025,152234
Северо-Казахстанская,2021,4327
Северо-Казахстанская,2022,4161
Северо-Казахстанская,2023,4132
Северо-Казахстанская,2024,3982
Северо-Казахстанская,2025,3726
Туркестанская,2021,4191
Туркестанская,2022,4499
Туркестанская,2023,4457
Туркестанская,2024,5602
Туркестанская,2025,3943
г. Алматы,2021,35197
г. Алматы,2022,43651
г. Алматы,2023,43316
г. Алматы,2024,48923
г. Алматы,2025,46876
г. Астана,2021,21346
г. Астана,2022,29107
г. Астана,2023,26673
г. Астана,2024,29778
г. Астана,2025,27338
г. Шымкент,2021,6081
г. Шымкент,2022,7061
г. Шымкент,2023,7013
г. Шымкент,2024,8250
г. Шымкент,2025,6831
Ұлытау,2023,768
Ұлытау,2024,1037
Ұлытау,2025,688
