sector,year,PCusage_s
Горнодобывающая промышленность и разработка карьеров,2021,1111
Горнодобывающая промышленность и разработка карьеров,2022,1217
Горнодобывающая промышленность и разработка карьеров,2023,1311
Горнодобывающая промышленность и разработка карьеров,2024,1442
Горнодобывающая промышленность и разработка карьеров,2025,1254
Государственное управление общего характера,2021,4563
Деятельность в области административного и вспомогательного обслуживания,2021,7660
Деятельность в области административного и вспомогательного обслуживания,2022,8081
Деятельность в области административного и вспомогательного обслуживания,2023,9169
Деятельность в области административного и вспомогательного обслуживания,2024,9361
Деятельность в области административного и вспомогательного обслуживания,2025,8233
Деятельность в области здравоохранения,2021,3969
Деятельность в области здравоохранения,2022,4542
Деятельность в области здравоохранения,2023,4834
Деятельность в области здравоохранения,2024,5439
Деятельность в области здравоохранения,2025,5305
Деятельность в области обязательного социального страхования,2021,35
Деятельность в области спорта,2021,504
Деятельность в области спорта,2022,569
Деятельность в области спорта,2023,656
Деятельность в области спорта,2024,661
Деятельность в области спорта,2025,540
Деятельность по ликвидации загрязнений и прочие услуги в области удаления отходов,2021,16
Деятельность по ликвидации загрязнений и прочие услуги в области удаления отходов,2022,19
Деятельность по ликвидации загрязнений и прочие услуги в области удаления отходов,2023,31
Деятельность по ликвидации загрязнений и прочие услуги в области удаления отходов,2024,41
Деятельность по ликвидации загрязнений и прочие услуги в области удаления отходов,2025,21
Деятельность по организации отдыха и развлечений,2021,881
Деятельность по организации отдыха и развлечений,2022,927
Деятельность по организации отдыха и развлечений,2023,1095
Деятельность по организации отдыха и развлечений,2024,1117
Деятельность по организации отдыха и развлечений,2025,883
"Забор, обработка и распределение воды",2024,297
"Забор, обработка и распределение воды",2025,266
Информация и связь,2021,4657
Информация и связь ,2022,5721
Информация и связь ,2023,6449
Информация и связь ,2024,6886
Информация и связь ,2025,6177
Международная деятельность,2021,1
Обрабатывающая промышленность,2021,7262
Обрабатывающая промышленность,2022,8138
Обрабатывающая промышленность,2023,8906
Обрабатывающая промышленность,2024,9734
Обрабатывающая промышленность,2025,8502
Операции с недвижимым имуществом,2021,6868
Операции с недвижимым имуществом ,2022,7245
Операции с недвижимым имуществом ,2023,7538
Операции с недвижимым имуществом ,2024,8727
Операции с недвижимым имуществом ,2025,6840
Оптовая и розничная торговля; ремонт автомобилей и мотоциклов,2021,33417
Оптовая и розничная торговля; ремонт автомобилей и мотоциклов,2022,39927
Оптовая и розничная торговля; ремонт автомобилей и мотоциклов,2023,39737
Оптовая и розничная торговля; ремонт автомобилей и мотоциклов,2024,43783
Оптовая и розничная торговля; ремонт автомобилей и мотоциклов,2025,38157
Предоставление услуг по временному проживанию,2021,547
Предоставление услуг по временному проживанию,2022,654
Предоставление услуг по временному проживанию,2023,731
Предоставление услуг по временному проживанию,2024,858
Предоставление услуг по временному проживанию,2025,631
Предоставление услуг по обеспечению питанием и напитками,2022,2241
Предоставление услуг по обеспечению питанием и напитками,2023,2627
Предоставление услуг по обеспечению питанием и напитками,2024,2630
Предоставление услуг по обеспечению питанием и напитками,2025,2461
"Профессиональная, научная и техническая деятельность",2021,10761
"Профессиональная, научная и техническая деятельность",2022,12286
"Профессиональная, научная и техническая деятельность",2023,12974
"Профессиональная, научная и техническая деятельность",2024,12866
"Профессиональная, научная и техническая деятельность",2025,11405
"Регулирование деятельности учреждений здравоохранения, образования, культуры и других социальных услуг, кроме социального обеспечения ",2021,1697
Регулирование и содействие эффективному ведению экономической деятельности,2021,1643
Ремонт компьютеров и коммуникационного оборудования,2021,419
Ремонт компьютеров и коммуникационного оборудования,2022,409
Ремонт компьютеров и коммуникационного оборудования,2023,433
Ремонт компьютеров и коммуникационного оборудования,2024,423
Ремонт компьютеров и коммуникационного оборудования,2025,369
Республика Казахстан,2021,110047
Республика Казахстан,2022,119587
Республика Казахстан,2023,124305
Республика Казахстан,2024,134416
Республика Казахстан,2025,116847
Сбор и обработка сточных вод,2021,17
Сбор и обработка сточных вод,2022,28
Сбор и обработка сточных вод,2023,44
Сбор и обработка сточных вод,2024,72
Сбор и обработка сточных вод,2025,34
"Сбор, обработка и распределение воды",2021,301
"Сбор, обработка и распределение воды",2022,294
"Сбор, обработка и распределение воды",2023,304
"Сбор, обработка и удаление отходов; утилизация (восстановление) материалов",2021,549
"Сбор, обработка и удаление отходов; утилизация (восстановление) материалов",2022,553
"Сбор, обработка и удаление отходов; утилизация (восстановление) материалов",2023,581
"Сбор, обработка и удаление отходов; утилизация (восстановление) материалов",2024,585
"Сбор, обработка и удаление отходов; утилизация (восстановление) материалов",2025,495
"Сельское, лесное и рыбное хозяйство",2021,4459
"Сельское, лесное и рыбное хозяйство",2022,5158
"Сельское, лесное и рыбное хозяйство",2023,5285
"Сельское, лесное и рыбное хозяйство",2024,5882
"Сельское, лесное и рыбное хозяйство",2025,4391
"Снабжение электроэнергией, газом, паром, горячей водой и кондиционированным воздухом",2021,666
"Снабжение электроэнергией, газом, паром, горячей водой и кондиционированным воздухом",2022,666
"Снабжение электроэнергией, газом, паром, горячей водой и кондиционированным воздухом",2023,749
"Снабжение электроэнергией, газом, паром, горячей водой и кондиционированным воздухом",2024,760
"Снабжение электроэнергией, газом, паром, горячей водой и кондиционированным воздухом",2025,565
Строительство,2021,12504
Строительство,2022,14426
Строительство,2023,14022
Строительство,2024,15749
Строительство,2025,13603
Транспорт и складирование,2021,5488
Транспорт и складирование,2022,6472
Транспорт и складирование,2023,6814
Транспорт и складирование,2024,7081
Транспорт и складирование,2025,6700
Финансовая и страховая деятельность,2021,52
Финансовая и страховая деятельность,2022,14
Финансовая и страховая деятельность,2023,15
Финансовая и страховая деятельность,2024,22
Финансовая и страховая деятельность,2025,15
