region,year,PCusage_r
Абай,2018,20145
Абай,2019,19175
Абай,2020,19180
Абай,2021,19883
Абай,2022,17566
Абай,2023,19360
Абай,2024,20636
Абай,2025,20652
Акмолинская,2004,524
Акмолинская,2005,1530
Акмолинская,2006,3376
Акмолинская,2007,4842
Акмолинская,2008,8032
Акмолинская,2009,19430
Акмолинская,2010,20889
Акмолинская,2011,21758
Акмолинская,2012,21941
Акмолинская,2013,33003
Акмолинская,2014,33838
Акмолинская,2015,38415
Акмолинская,2016,31415
Акмолинская,2017,33497
Акмолинская,2018,34903
Акмолинская,2019,35418
Акмолинская,2020,36528
Акмолинская,2021,39396
Акмолинская,2022,31432
Акмолинская,2023,32415
Акмолинская,2024,32428
Акмолинская,2025,34954
Актюбинская,2004,3639
Актюбинская,2005,5528
Актюбинская,2006,7110
Актюбинская,2007,7838
Актюбинская,2008,7985
Актюбинская,2009,26769
Актюбинская,2010,24993
Актюбинская,2011,28237
Актюбинская,2012,28581
Актюбинская,2013,36891
Актюбинская,2014,38728
Актюбинская,2015,41116
Актюбинская,2016,39437
Актюбинская,2017,39617
Актюбинская,2018,41716
Актюбинская,2019,48175
Актюбинская,2020,46509
Актюбинская,2021,45041
Актюбинская,2022,42519
Актюбинская,2023,38379
Актюбинская,2024,41333
Актюбинская,2025,39270
Алматинская,2004,318
Алматинская,2005,2173
Алматинская,2006,5020
Алматинская,2007,6245
Алматинская,2008,7111
Алматинская,2009,29916
Алматинская,2010,23821
Алматинская,2011,25255
Алматинская,2012,27308
Алматинская,2013,35239
Алматинская,2014,39953
Алматинская,2015,42791
Алматинская,2016,34874
Алматинская,2017,39897
Алматинская,2018,22416
Алматинская,2019,25780
Алматинская,2020,24437
Алматинская,2021,26165
Алматинская,2022,24951
Алматинская,2023,34370
Алматинская,2024,38940
Алматинская,2025,37838
Атырауская,2004,3844
Атырауская,2005,9115
Атырауская,2006,10220
Атырауская,2007,15566
Атырауская,2008,10399
Атырауская,2009,29081
Атырауская,2010,41519
Атырауская,2011,37921
Атырауская,2012,32756
Атырауская,2013,39439
Атырауская,2014,47587
Атырауская,2015,48599
Атырауская,2016,49525
Атырауская,2017,52887
Атырауская,2018,55952
Атырауская,2019,63050
Атырауская,2020,61849
Атырауская,2021,63704
Атырауская,2022,57406
Атырауская,2023,55337
Атырауская,2024,53769
Атырауская,2025,56706
Восточно-Казахстанская,2004,7306
Восточно-Казахстанская,2005,11932
Восточно-Казахстанская,2006,13531
Восточно-Казахстанская,2007,17861
Восточно-Казахстанская,2008,21614
Восточно-Казахстанская,2009,45356
Восточно-Казахстанская,2010,45754
Восточно-Казахстанская,2011,50860
Восточно-Казахстанская,2012,51168
Восточно-Казахстанская,2013,64633
Восточно-Казахстанская,2014,66719
Восточно-Казахстанская,2015,67885
Восточно-Казахстанская,2016,62369
Восточно-Казахстанская,2017,63988
Восточно-Казахстанская,2018,55438
Восточно-Казахстанская,2019,52835
Восточно-Казахстанская,2020,59207
Восточно-Казахстанская,2021,49659
Восточно-Казахстанская,2022,47442
Восточно-Казахстанская,2023,44778
Восточно-Казахстанская,2024,48124
Восточно-Казахстанская,2025,51271
Жамбылская,2004,645
Жамбылская,2005,1574
Жамбылская,2006,3201
Жамбылская,2007,4329
Жамбылская,2008,4562
Жамбылская,2009,16274
Жамбылская,2010,13863
Жамбылская,2011,16431
Жамбылская,2012,17957
Жамбылская,2013,23262
Жамбылская,2014,23333
Жамбылская,2015,28149
Жамбылская,2016,24475
Жамбылская,2017,24953
Жамбылская,2018,24994
Жамбылская,2019,26579
Жамбылская,2020,28730
Жамбылская,2021,28548
Жамбылская,2022,26108
Жамбылская,2023,24291
Жамбылская,2024,25272
Жамбылская,2025,24973
Жетісу,2018,19257
Жетісу,2019,18646
Жетісу,2020,20481
Жетісу,2021,21340
Жетісу,2022,12603
Жетісу,2023,13479
Жетісу,2024,15196
Жетісу,2025,15637
Западно-Казахстанская,2004,730
Западно-Казахстанская,2005,2931
Западно-Казахстанская,2006,6257
Западно-Казахстанская,2007,7468
Западно-Казахстанская,2008,4235
Западно-Казахстанская,2009,17038
Западно-Казахстанская,2010,18642
Западно-Казахстанская,2011,18485
Западно-Казахстанская,2012,20554
Западно-Казахстанская,2013,27918
Западно-Казахстанская,2014,31033
Западно-Казахстанская,2015,31040
Западно-Казахстанская,2016,32499
Западно-Казахстанская,2017,35246
Западно-Казахстанская,2018,32613
Западно-Казахстанская,2019,33744
Западно-Казахстанская,2020,37752
Западно-Казахстанская,2021,33820
Западно-Казахстанская,2022,30243
Западно-Казахстанская,2023,30230
Западно-Казахстанская,2024,33463
Западно-Казахстанская,2025,30382
Карагандинская,2004,7644
Карагандинская,2005,10813
Карагандинская,2006,13585
Карагандинская,2007,16880
Карагандинская,2008,17957
Карагандинская,2009,45645
Карагандинская,2010,50989
Карагандинская,2011,48673
Карагандинская,2012,48852
Карагандинская,2013,61973
Карагандинская,2014,70893
Карагандинская,2015,78492
Карагандинская,2016,79930
Карагандинская,2017,78664
Карагандинская,2018,70396
Карагандинская,2019,79398
Карагандинская,2020,77791
Карагандинская,2021,79855
Карагандинская,2022,67895
Карагандинская,2023,72340
Карагандинская,2024,77496
Карагандинская,2025,82242
Костанайская,2004,3239
Костанайская,2005,5311
Костанайская,2006,6925
Костанайская,2007,8423
Костанайская,2008,9653
Костанайская,2009,28450
Костанайская,2010,29595
Костанайская,2011,25961
Костанайская,2012,27548
Костанайская,2013,37341
Костанайская,2014,40351
Костанайская,2015,40653
Костанайская,2016,36317
Костанайская,2017,44157
Костанайская,2018,44336
Костанайская,2019,46101
Костанайская,2020,51068
Костанайская,2021,46900
Костанайская,2022,41015
Костанайская,2023,42184
Костанайская,2024,41122
Костанайская,2025,44234
Кызылординская,2004,1829
Кызылординская,2005,2728
Кызылординская,2006,2741
Кызылординская,2007,3164
Кызылординская,2008,2996
Кызылординская,2009,13513
Кызылординская,2010,13452
Кызылординская,2011,14265
Кызылординская,2012,14462
Кызылординская,2013,20456
Кызылординская,2014,21966
Кызылординская,2015,27473
Кызылординская,2016,21518
Кызылординская,2017,23194
Кызылординская,2018,26809
Кызылординская,2019,25870
Кызылординская,2020,27907
Кызылординская,2021,27576
Кызылординская,2022,19889
Кызылординская,2023,21274
Кызылординская,2024,23135
Кызылординская,2025,20388
Мангистауская,2004,2127
Мангистауская,2005,4070
Мангистауская,2006,5270
Мангистауская,2007,6450
Мангистауская,2008,6234
Мангистауская,2009,18440
Мангистауская,2010,17920
Мангистауская,2011,21225
Мангистауская,2012,22731
Мангистауская,2013,36562
Мангистауская,2014,33340
Мангистауская,2015,33907
Мангистауская,2016,32162
Мангистауская,2017,37263
Мангыстауская,2018,37060
Мангыстауская,2019,40157
Мангыстауская,2020,38506
Мангыстауская,2021,40012
Мангыстауская,2022,36291
Мангыстауская,2023,34556
Мангыстауская,2024,39967
Мангыстауская,2025,36661
Павлодарская,2004,4765
Павлодарская,2005,7697
Павлодарская,2006,9792
Павлодарская,2007,12294
Павлодарская,2008,11357
Павлодарская,2009,27250
Павлодарская,2010,29098
Павлодарская,2011,29894
Павлодарская,2012,33432
Павлодарская,2013,46639
Павлодарская,2014,46531
Павлодарская,2015,46322
Павлодарская,2016,47991
Павлодарская,2017,48411
Павлодарская,2018,48789
Павлодарская,2019,54390
Павлодарская,2020,51319
Павлодарская,2021,54506
Павлодарская,2022,47708
Павлодарская,2023,47882
Павлодарская,2024,45797
Павлодарская,2025,46426
Республика Казахстан,2004,52531
Республика Казахстан,2005,114869
Республика Казахстан,2006,155847
Республика Казахстан,2007,193929
Республика Казахстан,2008,257663
Республика Казахстан,2009,540702
Республика Казахстан,2010,557824
Республика Казахстан,2011,578279
Республика Казахстан,2012,631670
Республика Казахстан,2013,884909
Республика Казахстан,2014,882677
Республика Казахстан,2015,935312
Республика Казахстан,2016,951777
Республика Казахстан,2017,977192
Республика Казахстан,2018,1042813
Республика Казахстан,2019,1124080
Республика Казахстан,2020,1165071
Республика Казахстан,2021,1167482
Республика Казахстан,2022,1108576
Республика Казахстан,2023,1116642
Республика Казахстан,2024,1209306
Республика Казахстан,2025,1201768
Северо-Казахстанская,2004,1761
Северо-Казахстанская,2005,2618
Северо-Казахстанская,2006,3070
Северо-Казахстанская,2007,4400
Северо-Казахстанская,2008,4291
Северо-Казахстанская,2009,17610
Северо-Казахстанская,2010,16632
Северо-Казахстанская,2011,18390
Северо-Казахстанская,2012,18072
Северо-Казахстанская,2013,24494
Северо-Казахстанская,2014,28597
Северо-Казахстанская,2015,28034
Северо-Казахстанская,2016,25731
Северо-Казахстанская,2017,29159
Северо-Казахстанская,2018,29044
Северо-Казахстанская,2019,28848
Северо-Казахстанская,2020,29440
Северо-Казахстанская,2021,29471
Северо-Казахстанская,2022,24952
Северо-Казахстанская,2023,23977
Северо-Казахстанская,2024,24095
Северо-Казахстанская,2025,24394
Туркестанская,2018,25595
Туркестанская,2019,31308
Туркестанская,2020,32268
Туркестанская,2021,34438
Туркестанская,2022,26331
Туркестанская,2023,27067
Туркестанская,2024,29891
Туркестанская,2025,30760
Южно-Казахстанская,2004,635
Южно-Казахстанская,2005,5605
Южно-Казахстанская,2006,8078
Южно-Казахстанская,2007,9424
Южно-Казахстанская,2008,8868
Южно-Казахстанская,2009,25768
Южно-Казахстанская,2010,26657
Южно-Казахстанская,2011,31309
Южно-Казахстанская,2012,32137
Южно-Казахстанская,2013,51416
Южно-Казахстанская,2014,48498
Южно-Казахстанская,2015,54212
Южно-Казахстанская,2016,51013
Южно-Казахстанская,2017,52285
г. Алматы,2004,13172
г. Алматы,2005,30134
г. Алматы,2006,44939
г. Алматы,2007,53232
г. Алматы,2008,101537
г. Алматы,2009,138058
г. Алматы,2010,124991
г. Алматы,2011,123175
г. Алматы,2012,142510
г. Алматы,2013,237335
г. Алматы,2014,188222
г. Алматы,2015,222318
г. Алматы,2016,254411
г. Алматы,2017,237494
г. Алматы,2018,235142
г. Алматы,2019,275464
г. Алматы,2020,283677
г. Алматы,2021,300014
г. Алматы,2022,314244
г. Алматы,2023,321372
г. Алматы,2024,365592
г. Алматы,2025,358875
г. Астана,2004,353
г. Астана,2005,11110
г. Астана,2006,12732
г. Астана,2007,15513
г. Астана,2008,30832
г. Астана,2009,42104
г. Астана,2010,59009
г. Астана,2011,66440
г. Астана,2012,91661
г. Астана,2013,108308
г. Астана,2014,123088
г. Астана,2015,105906
г. Астана,2016,128110
г. Астана,2017,136480
г. Астана,2018,169724
г. Астана,2019,170739
г. Астана,2020,188163
г. Астана,2021,176764
г. Астана,2022,186202
г. Астана,2023,176780
г. Астана,2024,195621
г. Астана,2025,194668
г. Шымкент,2018,38670
г. Шымкент,2019,37473
г. Шымкент,2020,39615
г. Шымкент,2021,39813
г. Шымкент,2022,38727
г. Шымкент,2023,42034
г. Шымкент,2024,43411
г. Шымкент,2025,39553
Ұлытау,2018,9814
Ұлытау,2019,10930
Ұлытау,2020,10644
Ұлытау,2021,10577
Ұлытау,2022,15052
Ұлытау,2023,14537
Ұлытау,2024,14018
Ұлытау,2025,11884
