sector,year,RDcosts_s
Высшее образования,2022,22196.2
Высшее образования,2023,18595.5
Высшее образования,2024,19781.8
Высшее образования,2025,34672.7
Горнодобывающая промышленность и разработка карьеров,2022,2180.4
Горнодобывающая промышленность и разработка карьеров,2023,854.0
Горнодобывающая промышленность и разработка карьеров,2024,857.5
Горнодобывающая промышленность и разработка карьеров,2025,41110.8
"Деятельность в области архитектуры, инженерных изысканий, технических испытаний и анализа",2022,7329.3
"Деятельность в области архитектуры, инженерных изысканий, технических испытаний и анализа",2023,729.5
"Деятельность в области архитектуры, инженерных изысканий, технических испытаний и анализа",2024,1079.9
"Деятельность в области архитектуры, инженерных изысканий, технических испытаний и анализа",2025,1108.3
Деятельность в области здравоохранения,2022,863.1
Деятельность в области здравоохранения,2023,6684.2
Деятельность в области здравоохранения,2024,2497.6
Деятельность в области здравоохранения,2025,2538.0
Информация и связь ,2022,7199.7
Информация и связь ,2023,7894.8
Информация и связь ,2024,12230.5
Информация и связь ,2025,23715.1
Научные исследования и разработки,2022,22506.9
Научные исследования и разработки,2023,39958.2
Научные исследования и разработки,2024,14633.7
Научные исследования и разработки,2025,29340.1
Обрабатывающая промышленность,2022,58839.0
Обрабатывающая промышленность,2023,36848.0
Обрабатывающая промышленность,2024,54960.4
Обрабатывающая промышленность,2025,162785.8
Оптовая и розничная торговля; ремонт автомобилей и мотоциклов,2022,249.2
Оптовая и розничная торговля; ремонт автомобилей и мотоциклов,2023,490.1
Оптовая и розничная торговля; ремонт автомобилей и мотоциклов,2024,346.8
"Прочая профессиональная, научная и техническая деятельность",2022,3967.0
"Прочая профессиональная, научная и техническая деятельность",2023,3828.2
"Прочая профессиональная, научная и техническая деятельность",2024,3527.7
"Прочая профессиональная, научная и техническая деятельность",2025,4318.7
Рекламная деятельность и исследование конъюнктуры рынка,2022,892.1
Республика Казахстан,2022,126585.2
Республика Казахстан,2023,116493.2
Республика Казахстан,2024,110792.1
Республика Казахстан,2025,309280.8
"Сельское, лесное и рыбное хозяйство",2022,321.6
"Сельское, лесное и рыбное хозяйство",2023,555.7
"Сельское, лесное и рыбное хозяйство",2024,514.4
"Сельское, лесное и рыбное хозяйство",2025,689.4
"Снабжение электроэнергией, газом, паром, горячей водой и  кондиционероввнным воздухом",2022,0.6
"Снабжение электроэнергией, газом, паром, горячей водой и  кондиционероввнным воздухом",2024,7.6
"Снабжение электроэнергией, газом, паром, горячей водой и  кондиционероввнным воздухом",2025,8438.6
Строительство,2022,25.6
Строительство,2023,34.3
Строительство,2024,29.4
Строительство,2025,74.9
Транспорт и складирование,2024,277.4
Транспорт и складирование,2025,485.5
