region,year,RDcosts_r
Абай,2017,1726.661
Абай,2018,2327.435
Абай,2019,3662.1592
Абай,2020,2370.3906
Абай,2021,3177.05
Абай,2022,3996.6548
Абай,2023,5802.0
Абай,2024,7023.4243
Абай,2025,7299.0728
Акмолинская,2000,95.1872
Акмолинская,2001,113.3751
Акмолинская,2002,215.8625
Акмолинская,2003,446.0
Акмолинская,2004,328.5
Акмолинская,2005,213.6
Акмолинская,2006,259.2
Акмолинская,2007,399.3
Акмолинская,2008,464.7
Акмолинская,2009,482.574
Акмолинская,2010,574.471
Акмолинская,2011,471.0
Акмолинская,2012,631.0
Акмолинская,2013,742.5
Акмолинская,2014,826.7
Акмолинская,2015,1113.1
Акмолинская,2016,797.3
Акмолинская,2017,898.218
Акмолинская,2018,1694.3054
Акмолинская,2019,1608.8131
Акмолинская,2020,1655.37
Акмолинская,2021,1695.1693
Акмолинская,2022,1736.0504
Акмолинская,2023,3187.2
Акмолинская,2024,4465.4814
Акмолинская,2025,5531.048
Актюбинская,2000,49.7709
Актюбинская,2001,51.6827
Актюбинская,2002,135.6855
Актюбинская,2003,258.2
Актюбинская,2004,48.3
Актюбинская,2005,208.0
Актюбинская,2006,365.9
Актюбинская,2007,343.4
Актюбинская,2008,498.1
Актюбинская,2009,492.435
Актюбинская,2010,627.323
Актюбинская,2011,628.1
Актюбинская,2012,645.1
Актюбинская,2013,559.2
Актюбинская,2014,735.3
Актюбинская,2015,701.6
Актюбинская,2016,763.0
Актюбинская,2017,839.0586
Актюбинская,2018,974.6115
Актюбинская,2019,1060.6392
Актюбинская,2020,1176.7152
Актюбинская,2021,1604.2208
Актюбинская,2022,1596.9484
Актюбинская,2023,1918.0
Актюбинская,2024,3474.427
Актюбинская,2025,4876.554
Алматинская,2000,84.1919
Алматинская,2001,128.6924
Алматинская,2002,267.8365
Алматинская,2003,233.2
Алматинская,2004,257.9
Алматинская,2005,280.0
Алматинская,2006,309.1
Алматинская,2007,557.4
Алматинская,2008,486.4
Алматинская,2009,536.976
Алматинская,2010,705.092
Алматинская,2011,1007.9
Алматинская,2012,879.0
Алматинская,2013,1117.4
Алматинская,2014,804.2
Алматинская,2015,1053.6
Алматинская,2016,941.7
Алматинская,2017,845.2811
Алматинская,2018,1065.2808
Алматинская,2019,1463.3184
Алматинская,2020,1588.6124
Алматинская,2021,1439.2714
Алматинская,2022,1148.681
Алматинская,2023,2300.5
Алматинская,2024,3598.2185
Алматинская,2025,3591.2834
Атырауская,2000,481.824
Атырауская,2001,690.3655
Атырауская,2002,629.3962
Атырауская,2003,847.7
Атырауская,2004,1338.5
Атырауская,2005,1921.9
Атырауская,2006,1723.8
Атырауская,2007,2079.4
Атырауская,2008,2053.2
Атырауская,2009,1883.117
Атырауская,2010,2199.288
Атырауская,2011,3010.9
Атырауская,2012,3531.0
Атырауская,2013,1880.0
Атырауская,2014,1885.7
Атырауская,2015,2415.9
Атырауская,2016,2753.3
Атырауская,2017,3637.741
Атырауская,2018,4494.5356
Атырауская,2019,5134.644
Атырауская,2020,5801.797
Атырауская,2021,6412.0527
Атырауская,2022,467.8045
Атырауская,2023,620.5
Атырауская,2024,759.4716
Атырауская,2025,2266.0886
Восточно-Казахстанская,2000,1077.4674
Восточно-Казахстанская,2001,1491.0717
Восточно-Казахстанская,2002,1586.3446
Восточно-Казахстанская,2003,1759.3
Восточно-Казахстанская,2004,1932.4
Восточно-Казахстанская,2005,2095.0
Восточно-Казахстанская,2006,2274.7
Восточно-Казахстанская,2007,2735.7
Восточно-Казахстанская,2008,4273.4
Восточно-Казахстанская,2009,5588.951
Восточно-Казахстанская,2010,5099.218
Восточно-Казахстанская,2011,4175.9
Восточно-Казахстанская,2012,3959.9
Восточно-Казахстанская,2013,3773.3
Восточно-Казахстанская,2014,3040.6
Восточно-Казахстанская,2015,3300.0
Восточно-Казахстанская,2016,3475.4
Восточно-Казахстанская,2017,3273.8162
Восточно-Казахстанская,2018,2991.6333
Восточно-Казахстанская,2019,3420.0952
Восточно-Казахстанская,2020,3041.8435
Восточно-Казахстанская,2021,3844.5884
Восточно-Казахстанская,2022,5881.6343
Восточно-Казахстанская,2023,8219.1
Восточно-Казахстанская,2024,11005.232
Восточно-Казахстанская,2025,12185.69
Жамбылская,2000,46.3974
Жамбылская,2001,82.5693
Жамбылская,2002,91.3807
Жамбылская,2003,97.0
Жамбылская,2004,146.5
Жамбылская,2005,246.7
Жамбылская,2006,520.0
Жамбылская,2007,486.2
Жамбылская,2008,1123.3
Жамбылская,2009,1153.751
Жамбылская,2010,1221.901
Жамбылская,2011,198.2
Жамбылская,2012,1485.5
Жамбылская,2013,1077.0
Жамбылская,2014,1322.3
Жамбылская,2015,689.7
Жамбылская,2016,456.3
Жамбылская,2017,1024.3367
Жамбылская,2018,731.5557
Жамбылская,2019,759.0084
Жамбылская,2020,2156.2434
Жамбылская,2021,5881.5264
Жамбылская,2022,3574.0088
Жамбылская,2023,4801.8
Жамбылская,2024,5315.307
Жамбылская,2025,6115.483
Жетісу,2017,25.8144
Жетісу,2018,55.823
Жетісу,2019,57.946
Жетісу,2020,84.144
Жетісу,2021,108.38
Жетісу,2022,127.2258
Жетісу,2023,217.5
Жетісу,2024,838.3239
Западно-Казахстанская,2000,76.8975
Западно-Казахстанская,2001,89.4197
Западно-Казахстанская,2002,134.2706
Западно-Казахстанская,2003,76.0
Западно-Казахстанская,2004,159.1
Западно-Казахстанская,2005,253.8
Западно-Казахстанская,2006,199.7
Западно-Казахстанская,2007,533.3
Западно-Казахстанская,2008,478.7
Западно-Казахстанская,2009,489.316
Западно-Казахстанская,2010,212.867
Западно-Казахстанская,2011,353.7
Западно-Казахстанская,2012,548.2
Западно-Казахстанская,2013,916.0
Западно-Казахстанская,2014,672.2
Западно-Казахстанская,2015,753.2
Западно-Казахстанская,2016,1789.2
Западно-Казахстанская,2017,298.4728
Западно-Казахстанская,2018,878.2266
Западно-Казахстанская,2019,1045.31
Западно-Казахстанская,2020,1060.9806
Западно-Казахстанская,2021,1298.7072
Западно-Казахстанская,2022,994.6607
Западно-Казахстанская,2023,1393.7
Западно-Казахстанская,2024,1815.9521
Западно-Казахстанская,2025,2694.795
Карагандинская,2000,337.702
Карагандинская,2001,481.2225
Карагандинская,2002,628.3651
Карагандинская,2003,673.1
Карагандинская,2004,823.3
Карагандинская,2005,1037.8
Карагандинская,2006,1169.6
Карагандинская,2007,1148.3
Карагандинская,2008,1190.2
Карагандинская,2009,1205.964
Карагандинская,2010,939.405
Карагандинская,2011,1528.4
Карагандинская,2012,2947.0
Карагандинская,2013,3407.7
Карагандинская,2014,4048.9
Карагандинская,2015,3597.8
Карагандинская,2016,4279.1
Карагандинская,2017,3483.954
Карагандинская,2018,3508.3247
Карагандинская,2019,4543.555
Карагандинская,2020,3986.3892
Карагандинская,2021,4717.9033
Карагандинская,2022,5363.499
Карагандинская,2023,7816.0
Карагандинская,2024,10138.433
Карагандинская,2025,13295.478
Костанайская,2000,29.9067
Костанайская,2001,41.2008
Костанайская,2002,50.7472
Костанайская,2003,53.0
Костанайская,2004,139.2
Костанайская,2005,166.8
Костанайская,2006,185.5
Костанайская,2007,234.0
Костанайская,2008,214.2
Костанайская,2009,361.01
Костанайская,2010,214.663
Костанайская,2011,250.6
Костанайская,2012,329.9
Костанайская,2013,445.3
Костанайская,2014,574.0
Костанайская,2015,599.2
Костанайская,2016,562.1
Костанайская,2017,1176.4996
Костанайская,2018,827.4119
Костанайская,2019,687.7456
Костанайская,2020,788.0772
Костанайская,2021,1091.2704
Костанайская,2022,1036.7943
Костанайская,2023,1305.0
Костанайская,2024,2564.371
Костанайская,2025,3878.4658
Кызылординская,2000,6.9392
Кызылординская,2001,11.0682
Кызылординская,2002,15.3018
Кызылординская,2003,19.8
Кызылординская,2004,36.8
Кызылординская,2005,46.8
Кызылординская,2006,55.5
Кызылординская,2007,69.8
Кызылординская,2008,59.5
Кызылординская,2009,80.846
Кызылординская,2010,80.702
Кызылординская,2011,79.5
Кызылординская,2012,213.0
Кызылординская,2013,213.3
Кызылординская,2014,266.0
Кызылординская,2015,235.6
Кызылординская,2016,613.6
Кызылординская,2017,506.2835
Кызылординская,2018,301.8932
Кызылординская,2019,273.0329
Кызылординская,2020,283.943
Кызылординская,2021,429.3049
Кызылординская,2022,526.6084
Кызылординская,2023,1170.5
Кызылординская,2024,1393.2245
Кызылординская,2025,1344.952
Мангыстауская,2000,137.8451
Мангыстауская,2001,845.5217
Мангыстауская,2002,1532.6942
Мангыстауская,2003,1898.8
Мангыстауская,2004,1593.6
Мангыстауская,2005,1731.8
Мангыстауская,2006,2263.0
Мангыстауская,2007,2598.0
Мангыстауская,2008,3425.5
Мангыстауская,2009,3138.037
Мангыстауская,2010,3064.799
Мангыстауская,2011,5150.9
Мангыстауская,2012,5059.5
Мангыстауская,2013,5095.4
Мангыстауская,2014,6160.7
Мангыстауская,2015,7694.5
Мангыстауская,2016,7800.4
Мангыстауская,2017,8043.52
Мангыстауская,2018,9848.738
Мангыстауская,2019,9713.808
Мангыстауская,2020,10428.248
Мангыстауская,2021,11089.649
Мангыстауская,2022,13521.023
Мангыстауская,2023,13576.7
Мангыстауская,2024,17154.305
Мангыстауская,2025,17181.059
Павлодарская,2000,12.856
Павлодарская,2001,13.0223
Павлодарская,2002,13.2387
Павлодарская,2003,16.2
Павлодарская,2004,21.6
Павлодарская,2005,243.0
Павлодарская,2006,174.6
Павлодарская,2007,228.4
Павлодарская,2008,258.3
Павлодарская,2009,303.301
Павлодарская,2010,198.848
Павлодарская,2011,385.6
Павлодарская,2012,434.1
Павлодарская,2013,335.3
Павлодарская,2014,322.9
Павлодарская,2015,320.8
Павлодарская,2016,390.4
Павлодарская,2017,335.7477
Павлодарская,2018,290.1768
Павлодарская,2019,1258.2048
Павлодарская,2020,598.2161
Павлодарская,2021,604.0459
Павлодарская,2022,829.9418
Павлодарская,2023,1226.8
Павлодарская,2024,1772.8436
Павлодарская,2025,3106.5664
Республика Казахстан,2000,4706.8823
Республика Казахстан,2001,7154.0747
Республика Казахстан,2002,9632.949
Республика Казахстан,2003,11643.5
Республика Казахстан,2004,14579.8
Республика Казахстан,2005,21527.4
Республика Казахстан,2006,24799.9
Республика Казахстан,2007,26835.5
Республика Казахстан,2008,34761.6
Республика Казахстан,2009,38988.74
Республика Казахстан,2010,33466.816
Республика Казахстан,2011,43351.6
Республика Казахстан,2012,51253.1
Республика Казахстан,2013,61672.7
Республика Казахстан,2014,66347.6
Республика Казахстан,2015,69302.9
Республика Казахстан,2016,66600.1
Республика Казахстан,2017,68884.22
Республика Казахстан,2018,72224.555
Республика Казахстан,2019,82333.1
Республика Казахстан,2020,89028.73
Республика Казахстан,2021,109332.73
Республика Казахстан,2022,121560.09
Республика Казахстан,2023,172585.9
Республика Казахстан,2024,219669.8
Республика Казахстан,2025,261491.75
Северо-Казахстанская,2000,87.3463
Северо-Казахстанская,2001,55.6977
Северо-Казахстанская,2002,56.6131
Северо-Казахстанская,2003,82.3
Северо-Казахстанская,2004,145.7
Северо-Казахстанская,2005,63.7
Северо-Казахстанская,2006,68.3
Северо-Казахстанская,2007,94.3
Северо-Казахстанская,2008,131.1
Северо-Казахстанская,2009,129.792
Северо-Казахстанская,2010,112.148
Северо-Казахстанская,2011,101.9
Северо-Казахстанская,2012,221.4
Северо-Казахстанская,2013,209.6
Северо-Казахстанская,2014,236.3
Северо-Казахстанская,2015,224.4
Северо-Казахстанская,2016,180.2
Северо-Казахстанская,2017,185.2435
Северо-Казахстанская,2018,226.2502
Северо-Казахстанская,2019,241.338
Северо-Казахстанская,2020,339.4222
Северо-Казахстанская,2021,411.1327
Северо-Казахстанская,2022,8839.674
Северо-Казахстанская,2023,1144.0
Северо-Казахстанская,2024,2788.9165
Северо-Казахстанская,2025,3733.5095
Туркестанская,2000,12.2339
Туркестанская,2001,16.1525
Туркестанская,2002,54.3076
Туркестанская,2003,35.6
Туркестанская,2004,39.8
Туркестанская,2005,87.9
Туркестанская,2006,162.1
Туркестанская,2007,112.4
Туркестанская,2008,89.4
Туркестанская,2009,95.7
Туркестанская,2010,109.6
Туркестанская,2011,147.4
Туркестанская,2012,206.5
Туркестанская,2013,247.3
Туркестанская,2014,284.1
Туркестанская,2015,313.0
Туркестанская,2016,173.1
Туркестанская,2017,204.9064
Туркестанская,2018,273.6292
Туркестанская,2019,188.5086
Туркестанская,2020,481.886
Туркестанская,2021,719.8795
Туркестанская,2022,659.9116
Туркестанская,2023,1018.3
Туркестанская,2024,2726.0093
Туркестанская,2025,5025.2246
г. Алматы,2000,2122.3318
г. Алматы,2001,2954.2776
г. Алматы,2002,4089.619
г. Алматы,2003,4971.0
г. Алматы,2004,6974.5
г. Алматы,2005,10619.2
г. Алматы,2006,12812.6
г. Алматы,2007,12520.2
г. Алматы,2008,14951.7
г. Алматы,2009,18336.23
г. Алматы,2010,13319.826
г. Алматы,2011,16287.6
г. Алматы,2012,19061.5
г. Алматы,2013,30991.0
г. Алматы,2014,34030.3
г. Алматы,2015,31791.2
г. Алматы,2016,26596.1
г. Алматы,2017,25357.791
г. Алматы,2018,26586.531
г. Алматы,2019,28095.438
г. Алматы,2020,32873.25
г. Алматы,2021,42738.723
г. Алматы,2022,46759.434
г. Алматы,2023,77204.1
г. Алматы,2024,94580.11
г. Алматы,2025,113238.52
г. Астана,2000,30.0467
г. Астана,2001,60.4067
г. Астана,2002,89.283
г. Астана,2003,94.5
г. Астана,2004,400.7
г. Астана,2005,1968.2
г. Астана,2006,1991.1
г. Астана,2007,2387.5
г. Астана,2008,4768.4
г. Астана,2009,4448.496
г. Астана,2010,4445.573
г. Астана,2011,9280.9
г. Астана,2012,10376.4
г. Астана,2013,9741.2
г. Астана,2014,10187.7
г. Астана,2015,13451.9
г. Астана,2016,13990.6
г. Астана,2017,16297.452
г. Астана,2018,14094.219
г. Астана,2019,17965.053
г. Астана,2020,18752.984
г. Астана,2021,20529.0
г. Астана,2022,22961.043
г. Астана,2023,36665.3
г. Астана,2024,44843.844
г. Астана,2025,51414.19
г. Шымкент,2000,17.9381
г. Шымкент,2001,28.3282
г. Шымкент,2002,42.0033
г. Шымкент,2003,81.8
г. Шымкент,2004,193.4
г. Шымкент,2005,343.2
г. Шымкент,2006,265.1
г. Шымкент,2007,307.9
г. Шымкент,2008,295.5
г. Шымкент,2009,262.2
г. Шымкент,2010,341.1
г. Шымкент,2011,293.1
г. Шымкент,2012,724.1
г. Шымкент,2013,921.2
г. Шымкент,2014,949.7
г. Шымкент,2015,1047.4
г. Шымкент,2016,1038.3
г. Шымкент,2017,719.2993
г. Шымкент,2018,1053.9703
г. Шымкент,2019,1154.4843
г. Шымкент,2020,1560.2167
г. Шымкент,2021,1539.9521
г. Шымкент,2022,1534.9141
г. Шымкент,2023,2809.6
г. Шымкент,2024,3378.033
г. Шымкент,2025,3311.266
Ұлытау,2017,4.1175
Ұлытау,2021,0.896
Ұлытау,2022,3.584
Ұлытау,2023,189.3
Ұлытау,2024,33.899
Ұлытау,2025,70.16
