region,year,researchorg_r
Абай,2017,12
Абай,2018,13
Абай,2019,11
Абай,2020,10
Абай,2021,10
Абай,2022,10
Абай,2023,11
Абай,2024,11
Абай,2025,11
Акмолинская,2000,8
Акмолинская,2001,7
Акмолинская,2002,7
Акмолинская,2003,8
Акмолинская,2004,7
Акмолинская,2005,8
Акмолинская,2006,8
Акмолинская,2007,8
Акмолинская,2008,8
Акмолинская,2009,7
Акмолинская,2010,7
Акмолинская,2011,8
Акмолинская,2012,9
Акмолинская,2013,12
Акмолинская,2014,11
Акмолинская,2015,11
Акмолинская,2016,9
Акмолинская,2017,11
Акмолинская,2018,11
Акмолинская,2019,13
Акмолинская,2020,12
Акмолинская,2021,10
Акмолинская,2022,10
Акмолинская,2023,13
Акмолинская,2024,14
Акмолинская,2025,12
Актюбинская,2000,10
Актюбинская,2001,13
Актюбинская,2002,11
Актюбинская,2003,11
Актюбинская,2004,11
Актюбинская,2005,15
Актюбинская,2006,17
Актюбинская,2007,17
Актюбинская,2008,16
Актюбинская,2009,15
Актюбинская,2010,16
Актюбинская,2011,18
Актюбинская,2012,16
Актюбинская,2013,13
Актюбинская,2014,14
Актюбинская,2015,14
Актюбинская,2016,14
Актюбинская,2017,16
Актюбинская,2018,16
Актюбинская,2019,15
Актюбинская,2020,15
Актюбинская,2021,15
Актюбинская,2022,13
Актюбинская,2023,13
Актюбинская,2024,12
Актюбинская,2025,13
Алматинская,2000,8
Алматинская,2001,7
Алматинская,2002,8
Алматинская,2003,5
Алматинская,2004,6
Алматинская,2005,8
Алматинская,2006,9
Алматинская,2007,14
Алматинская,2008,12
Алматинская,2009,7
Алматинская,2010,10
Алматинская,2011,8
Алматинская,2012,7
Алматинская,2013,10
Алматинская,2014,13
Алматинская,2015,11
Алматинская,2016,10
Алматинская,2017,9
Алматинская,2018,8
Алматинская,2019,8
Алматинская,2020,8
Алматинская,2021,8
Алматинская,2022,8
Алматинская,2023,9
Алматинская,2024,9
Алматинская,2025,7
Атырауская,2000,12
Атырауская,2001,9
Атырауская,2002,10
Атырауская,2003,9
Атырауская,2004,8
Атырауская,2005,8
Атырауская,2006,10
Атырауская,2007,10
Атырауская,2008,11
Атырауская,2009,12
Атырауская,2010,12
Атырауская,2011,9
Атырауская,2012,9
Атырауская,2013,8
Атырауская,2014,9
Атырауская,2015,10
Атырауская,2016,11
Атырауская,2017,10
Атырауская,2018,10
Атырауская,2019,10
Атырауская,2020,10
Атырауская,2021,10
Атырауская,2022,8
Атырауская,2023,11
Атырауская,2024,8
Атырауская,2025,6
Восточно-Казахстанская,2000,26
Восточно-Казахстанская,2001,28
Восточно-Казахстанская,2002,26
Восточно-Казахстанская,2003,29
Восточно-Казахстанская,2004,30
Восточно-Казахстанская,2005,36
Восточно-Казахстанская,2006,35
Восточно-Казахстанская,2007,35
Восточно-Казахстанская,2008,35
Восточно-Казахстанская,2009,34
Восточно-Казахстанская,2010,33
Восточно-Казахстанская,2011,36
Восточно-Казахстанская,2012,34
Восточно-Казахстанская,2013,29
Восточно-Казахстанская,2014,30
Восточно-Казахстанская,2015,30
Восточно-Казахстанская,2016,35
Восточно-Казахстанская,2017,22
Восточно-Казахстанская,2018,22
Восточно-Казахстанская,2019,20
Восточно-Казахстанская,2020,20
Восточно-Казахстанская,2021,27
Восточно-Казахстанская,2022,25
Восточно-Казахстанская,2023,25
Восточно-Казахстанская,2024,25
Восточно-Казахстанская,2025,23
Жамбылская,2000,5
Жамбылская,2001,5
Жамбылская,2002,5
Жамбылская,2003,5
Жамбылская,2004,7
Жамбылская,2005,9
Жамбылская,2006,13
Жамбылская,2007,12
Жамбылская,2008,11
Жамбылская,2009,12
Жамбылская,2010,10
Жамбылская,2011,7
Жамбылская,2012,8
Жамбылская,2013,9
Жамбылская,2014,11
Жамбылская,2015,11
Жамбылская,2016,11
Жамбылская,2017,11
Жамбылская,2018,9
Жамбылская,2019,10
Жамбылская,2020,9
Жамбылская,2021,9
Жамбылская,2022,9
Жамбылская,2023,7
Жамбылская,2024,8
Жамбылская,2025,7
Жетісу,2017,2
Жетісу,2018,1
Жетісу,2019,1
Жетісу,2020,1
Жетісу,2021,2
Жетісу,2022,2
Жетісу,2023,2
Жетісу,2024,2
Жетісу,2025,1
Западно-Казахстанская,2000,4
Западно-Казахстанская,2001,5
Западно-Казахстанская,2002,5
Западно-Казахстанская,2003,6
Западно-Казахстанская,2004,8
Западно-Казахстанская,2005,11
Западно-Казахстанская,2006,13
Западно-Казахстанская,2007,16
Западно-Казахстанская,2008,10
Западно-Казахстанская,2009,10
Западно-Казахстанская,2010,10
Западно-Казахстанская,2011,9
Западно-Казахстанская,2012,15
Западно-Казахстанская,2013,9
Западно-Казахстанская,2014,9
Западно-Казахстанская,2015,7
Западно-Казахстанская,2016,8
Западно-Казахстанская,2017,8
Западно-Казахстанская,2018,10
Западно-Казахстанская,2019,12
Западно-Казахстанская,2020,10
Западно-Казахстанская,2021,9
Западно-Казахстанская,2022,9
Западно-Казахстанская,2023,7
Западно-Казахстанская,2024,8
Западно-Казахстанская,2025,8
Карагандинская,2000,29
Карагандинская,2001,31
Карагандинская,2002,35
Карагандинская,2003,33
Карагандинская,2004,43
Карагандинская,2005,51
Карагандинская,2006,51
Карагандинская,2007,46
Карагандинская,2008,40
Карагандинская,2009,29
Карагандинская,2010,28
Карагандинская,2011,29
Карагандинская,2012,26
Карагандинская,2013,23
Карагандинская,2014,31
Карагандинская,2015,32
Карагандинская,2016,33
Карагандинская,2017,28
Карагандинская,2018,28
Карагандинская,2019,30
Карагандинская,2020,29
Карагандинская,2021,36
Карагандинская,2022,38
Карагандинская,2023,39
Карагандинская,2024,30
Карагандинская,2025,35
Костанайская,2000,7
Костанайская,2001,7
Костанайская,2002,7
Костанайская,2003,7
Костанайская,2004,7
Костанайская,2005,10
Костанайская,2006,15
Костанайская,2007,16
Костанайская,2008,13
Костанайская,2009,14
Костанайская,2010,15
Костанайская,2011,13
Костанайская,2012,14
Костанайская,2013,13
Костанайская,2014,13
Костанайская,2015,14
Костанайская,2016,13
Костанайская,2017,14
Костанайская,2018,12
Костанайская,2019,12
Костанайская,2020,13
Костанайская,2021,15
Костанайская,2022,14
Костанайская,2023,15
Костанайская,2024,13
Костанайская,2025,14
Кызылординская,2000,3
Кызылординская,2001,3
Кызылординская,2002,4
Кызылординская,2003,6
Кызылординская,2004,5
Кызылординская,2005,7
Кызылординская,2006,6
Кызылординская,2007,6
Кызылординская,2008,7
Кызылординская,2009,7
Кызылординская,2010,14
Кызылординская,2011,23
Кызылординская,2012,7
Кызылординская,2013,6
Кызылординская,2014,6
Кызылординская,2015,8
Кызылординская,2016,10
Кызылординская,2017,8
Кызылординская,2018,7
Кызылординская,2019,6
Кызылординская,2020,7
Кызылординская,2021,10
Кызылординская,2022,7
Кызылординская,2023,9
Кызылординская,2024,9
Кызылординская,2025,9
Мангыстауская,2000,5
Мангыстауская,2001,5
Мангыстауская,2002,6
Мангыстауская,2003,5
Мангыстауская,2004,3
Мангыстауская,2005,4
Мангыстауская,2006,6
Мангыстауская,2007,7
Мангыстауская,2008,7
Мангыстауская,2009,6
Мангыстауская,2010,8
Мангыстауская,2011,8
Мангыстауская,2012,7
Мангыстауская,2013,7
Мангыстауская,2014,7
Мангыстауская,2015,5
Мангыстауская,2016,7
Мангыстауская,2017,6
Мангыстауская,2018,6
Мангыстауская,2019,6
Мангыстауская,2020,6
Мангыстауская,2021,7
Мангыстауская,2022,5
Мангыстауская,2023,6
Мангыстауская,2024,6
Мангыстауская,2025,5
Павлодарская,2000,7
Павлодарская,2001,7
Павлодарская,2002,5
Павлодарская,2003,5
Павлодарская,2004,5
Павлодарская,2005,10
Павлодарская,2006,12
Павлодарская,2007,12
Павлодарская,2008,11
Павлодарская,2009,10
Павлодарская,2010,9
Павлодарская,2011,11
Павлодарская,2012,11
Павлодарская,2013,10
Павлодарская,2014,11
Павлодарская,2015,9
Павлодарская,2016,10
Павлодарская,2017,11
Павлодарская,2018,14
Павлодарская,2019,12
Павлодарская,2020,10
Павлодарская,2021,9
Павлодарская,2022,6
Павлодарская,2023,6
Павлодарская,2024,6
Павлодарская,2025,6
Республика Казахстан,2000,257
Республика Казахстан,2001,259
Республика Казахстан,2002,267
Республика Казахстан,2003,273
Республика Казахстан,2004,295
Республика Казахстан,2005,390
Республика Казахстан,2006,437
Республика Казахстан,2007,438
Республика Казахстан,2008,421
Республика Казахстан,2009,414
Республика Казахстан,2010,424
Республика Казахстан,2011,412
Республика Казахстан,2012,345
Республика Казахстан,2013,341
Республика Казахстан,2014,392
Республика Казахстан,2015,390
Республика Казахстан,2016,383
Республика Казахстан,2017,386
Республика Казахстан,2018,384
Республика Казахстан,2019,386
Республика Казахстан,2020,396
Республика Казахстан,2021,438
Республика Казахстан,2022,414
Республика Казахстан,2023,425
Республика Казахстан,2024,423
Республика Казахстан,2025,434
Северо-Казахстанская,2000,7
Северо-Казахстанская,2001,7
Северо-Казахстанская,2002,9
Северо-Казахстанская,2003,9
Северо-Казахстанская,2004,9
Северо-Казахстанская,2005,5
Северо-Казахстанская,2006,4
Северо-Казахстанская,2007,5
Северо-Казахстанская,2008,5
Северо-Казахстанская,2009,5
Северо-Казахстанская,2010,5
Северо-Казахстанская,2011,3
Северо-Казахстанская,2012,3
Северо-Казахстанская,2013,3
Северо-Казахстанская,2014,3
Северо-Казахстанская,2015,4
Северо-Казахстанская,2016,5
Северо-Казахстанская,2017,5
Северо-Казахстанская,2018,5
Северо-Казахстанская,2019,5
Северо-Казахстанская,2020,5
Северо-Казахстанская,2021,8
Северо-Казахстанская,2022,7
Северо-Казахстанская,2023,7
Северо-Казахстанская,2024,7
Северо-Казахстанская,2025,9
Туркестанская,2000,4
Туркестанская,2001,4
Туркестанская,2002,4
Туркестанская,2003,3
Туркестанская,2004,3
Туркестанская,2005,6
Туркестанская,2006,3
Туркестанская,2007,4
Туркестанская,2008,3
Туркестанская,2009,3
Туркестанская,2010,3
Туркестанская,2011,3
Туркестанская,2012,3
Туркестанская,2013,3
Туркестанская,2014,5
Туркестанская,2015,4
Туркестанская,2016,5
Туркестанская,2017,6
Туркестанская,2018,6
Туркестанская,2019,7
Туркестанская,2020,8
Туркестанская,2021,9
Туркестанская,2022,8
Туркестанская,2023,9
Туркестанская,2024,8
Туркестанская,2025,10
г. Алматы,2000,110
г. Алматы,2001,111
г. Алматы,2002,117
г. Алматы,2003,121
г. Алматы,2004,127
г. Алматы,2005,170
г. Алматы,2006,194
г. Алматы,2007,184
г. Алматы,2008,183
г. Алматы,2009,193
г. Алматы,2010,196
г. Алматы,2011,180
г. Алматы,2012,119
г. Алматы,2013,122
г. Алматы,2014,148
г. Алматы,2015,152
г. Алматы,2016,133
г. Алматы,2017,131
г. Алматы,2018,135
г. Алматы,2019,138
г. Алматы,2020,135
г. Алматы,2021,139
г. Алматы,2022,132
г. Алматы,2023,134
г. Алматы,2024,142
г. Алматы,2025,141
г. Астана,2000,9
г. Астана,2001,7
г. Астана,2002,5
г. Астана,2003,5
г. Астана,2004,10
г. Астана,2005,23
г. Астана,2006,30
г. Астана,2007,35
г. Астана,2008,41
г. Астана,2009,43
г. Астана,2010,42
г. Астана,2011,41
г. Астана,2012,49
г. Астана,2013,52
г. Астана,2014,59
г. Астана,2015,53
г. Астана,2016,55
г. Астана,2017,62
г. Астана,2018,60
г. Астана,2019,56
г. Астана,2020,76
г. Астана,2021,90
г. Астана,2022,90
г. Астана,2023,90
г. Астана,2024,90
г. Астана,2025,103
г. Шымкент,2000,3
г. Шымкент,2001,3
г. Шымкент,2002,3
г. Шымкент,2003,6
г. Шымкент,2004,6
г. Шымкент,2005,9
г. Шымкент,2006,11
г. Шымкент,2007,11
г. Шымкент,2008,8
г. Шымкент,2009,7
г. Шымкент,2010,6
г. Шымкент,2011,6
г. Шымкент,2012,8
г. Шымкент,2013,12
г. Шымкент,2014,12
г. Шымкент,2015,15
г. Шымкент,2016,14
г. Шымкент,2017,13
г. Шымкент,2018,11
г. Шымкент,2019,14
г. Шымкент,2020,12
г. Шымкент,2021,13
г. Шымкент,2022,12
г. Шымкент,2023,10
г. Шымкент,2024,13
г. Шымкент,2025,12
Ұлытау,2017,1
Ұлытау,2021,2
Ұлытау,2022,1
Ұлытау,2023,2
Ұлытау,2024,2
Ұлытау,2025,2
