region,year,researchers_r
Абай,2017,1298
Абай,2018,1330
Абай,2019,1281
Абай,2020,914
Абай,2021,982
Абай,2022,1042
Абай,2023,1214
Абай,2024,1394
Абай,2025,1366
Акмолинская,2000,527
Акмолинская,2001,520
Акмолинская,2002,615
Акмолинская,2003,658
Акмолинская,2004,659
Акмолинская,2005,591
Акмолинская,2006,579
Акмолинская,2007,468
Акмолинская,2008,559
Акмолинская,2009,555
Акмолинская,2010,615
Акмолинская,2011,798
Акмолинская,2012,936
Акмолинская,2013,992
Акмолинская,2014,1054
Акмолинская,2015,802
Акмолинская,2016,652
Акмолинская,2017,678
Акмолинская,2018,739
Акмолинская,2019,789
Акмолинская,2020,733
Акмолинская,2021,782
Акмолинская,2022,748
Акмолинская,2023,775
Акмолинская,2024,788
Акмолинская,2025,735
Актюбинская,2000,540
Актюбинская,2001,669
Актюбинская,2002,648
Актюбинская,2003,766
Актюбинская,2004,564
Актюбинская,2005,654
Актюбинская,2006,659
Актюбинская,2007,532
Актюбинская,2008,335
Актюбинская,2009,157
Актюбинская,2010,195
Актюбинская,2011,184
Актюбинская,2012,172
Актюбинская,2013,282
Актюбинская,2014,356
Актюбинская,2015,335
Актюбинская,2016,323
Актюбинская,2017,362
Актюбинская,2018,351
Актюбинская,2019,420
Актюбинская,2020,431
Актюбинская,2021,381
Актюбинская,2022,420
Актюбинская,2023,472
Актюбинская,2024,515
Актюбинская,2025,506
Алматинская,2000,637
Алматинская,2001,649
Алматинская,2002,785
Алматинская,2003,699
Алматинская,2004,736
Алматинская,2005,709
Алматинская,2006,694
Алматинская,2007,790
Алматинская,2008,547
Алматинская,2009,440
Алматинская,2010,759
Алматинская,2011,823
Алматинская,2012,415
Алматинская,2013,826
Алматинская,2014,901
Алматинская,2015,1049
Алматинская,2016,983
Алматинская,2017,587
Алматинская,2018,620
Алматинская,2019,620
Алматинская,2020,537
Алматинская,2021,417
Алматинская,2022,330
Алматинская,2023,404
Алматинская,2024,455
Алматинская,2025,440
Атырауская,2000,424
Атырауская,2001,475
Атырауская,2002,471
Атырауская,2003,487
Атырауская,2004,633
Атырауская,2005,631
Атырауская,2006,654
Атырауская,2007,681
Атырауская,2008,633
Атырауская,2009,554
Атырауская,2010,582
Атырауская,2011,609
Атырауская,2012,605
Атырауская,2013,400
Атырауская,2014,398
Атырауская,2015,462
Атырауская,2016,400
Атырауская,2017,474
Атырауская,2018,466
Атырауская,2019,471
Атырауская,2020,476
Атырауская,2021,427
Атырауская,2022,111
Атырауская,2023,140
Атырауская,2024,180
Атырауская,2025,142
Восточно-Казахстанская,2000,1246
Восточно-Казахстанская,2001,1504
Восточно-Казахстанская,2002,1629
Восточно-Казахстанская,2003,1552
Восточно-Казахстанская,2004,1574
Восточно-Казахстанская,2005,1604
Восточно-Казахстанская,2006,1606
Восточно-Казахстанская,2007,1636
Восточно-Казахстанская,2008,1692
Восточно-Казахстанская,2009,1757
Восточно-Казахстанская,2010,1852
Восточно-Казахстанская,2011,1857
Восточно-Казахстанская,2012,1913
Восточно-Казахстанская,2013,2269
Восточно-Казахстанская,2014,2377
Восточно-Казахстанская,2015,2303
Восточно-Казахстанская,2016,2205
Восточно-Казахстанская,2017,1027
Восточно-Казахстанская,2018,965
Восточно-Казахстанская,2019,880
Восточно-Казахстанская,2020,890
Восточно-Казахстанская,2021,920
Восточно-Казахстанская,2022,1004
Восточно-Казахстанская,2023,1051
Восточно-Казахстанская,2024,1060
Восточно-Казахстанская,2025,986
Жамбылская,2000,287
Жамбылская,2001,337
Жамбылская,2002,323
Жамбылская,2003,309
Жамбылская,2004,341
Жамбылская,2005,378
Жамбылская,2006,459
Жамбылская,2007,417
Жамбылская,2008,414
Жамбылская,2009,474
Жамбылская,2010,344
Жамбылская,2011,155
Жамбылская,2012,350
Жамбылская,2013,278
Жамбылская,2014,368
Жамбылская,2015,318
Жамбылская,2016,327
Жамбылская,2017,377
Жамбылская,2018,280
Жамбылская,2019,308
Жамбылская,2020,349
Жамбылская,2021,393
Жамбылская,2022,407
Жамбылская,2023,405
Жамбылская,2024,318
Жамбылская,2025,320
Жетісу,2017,381
Жетісу,2018,350
Жетісу,2019,315
Жетісу,2021,280
Жетісу,2022,308
Жетісу,2023,333
Жетісу,2024,404
Западно-Казахстанская,2000,250
Западно-Казахстанская,2001,284
Западно-Казахстанская,2002,300
Западно-Казахстанская,2003,222
Западно-Казахстанская,2004,232
Западно-Казахстанская,2005,524
Западно-Казахстанская,2006,542
Западно-Казахстанская,2007,657
Западно-Казахстанская,2008,542
Западно-Казахстанская,2009,170
Западно-Казахстанская,2010,459
Западно-Казахстанская,2011,500
Западно-Казахстанская,2012,516
Западно-Казахстанская,2013,600
Западно-Казахстанская,2014,425
Западно-Казахстанская,2015,540
Западно-Казахстанская,2016,756
Западно-Казахстанская,2017,323
Западно-Казахстанская,2018,442
Западно-Казахстанская,2019,534
Западно-Казахстанская,2020,517
Западно-Казахстанская,2021,441
Западно-Казахстанская,2022,417
Западно-Казахстанская,2023,379
Западно-Казахстанская,2024,423
Западно-Казахстанская,2025,448
Карагандинская,2000,1273
Карагандинская,2001,1201
Карагандинская,2002,1308
Карагандинская,2003,1285
Карагандинская,2004,1220
Карагандинская,2005,1635
Карагандинская,2006,1812
Карагандинская,2007,1140
Карагандинская,2008,1039
Карагандинская,2009,735
Карагандинская,2010,875
Карагандинская,2011,794
Карагандинская,2012,1189
Карагандинская,2013,1387
Карагандинская,2014,1631
Карагандинская,2015,1708
Карагандинская,2016,1458
Карагандинская,2017,1355
Карагандинская,2018,1349
Карагандинская,2019,1259
Карагандинская,2020,1168
Карагандинская,2021,1132
Карагандинская,2022,1272
Карагандинская,2023,1463
Карагандинская,2024,1562
Карагандинская,2025,1754
Костанайская,2000,210
Костанайская,2001,221
Костанайская,2002,230
Костанайская,2003,230
Костанайская,2004,230
Костанайская,2005,378
Костанайская,2006,399
Костанайская,2007,436
Костанайская,2008,333
Костанайская,2009,415
Костанайская,2010,324
Костанайская,2011,263
Костанайская,2012,268
Костанайская,2013,518
Костанайская,2014,565
Костанайская,2015,574
Костанайская,2016,556
Костанайская,2017,569
Костанайская,2018,590
Костанайская,2019,592
Костанайская,2020,635
Костанайская,2021,570
Костанайская,2022,484
Костанайская,2023,513
Костанайская,2024,468
Костанайская,2025,485
Кызылординская,2000,46
Кызылординская,2001,59
Кызылординская,2002,64
Кызылординская,2003,77
Кызылординская,2004,71
Кызылординская,2005,115
Кызылординская,2006,96
Кызылординская,2007,72
Кызылординская,2008,74
Кызылординская,2009,79
Кызылординская,2010,98
Кызылординская,2011,147
Кызылординская,2012,192
Кызылординская,2013,205
Кызылординская,2014,253
Кызылординская,2015,236
Кызылординская,2016,228
Кызылординская,2017,229
Кызылординская,2018,222
Кызылординская,2019,183
Кызылординская,2020,260
Кызылординская,2021,239
Кызылординская,2022,293
Кызылординская,2023,423
Кызылординская,2024,413
Кызылординская,2025,451
Мангыстауская,2000,517
Мангыстауская,2001,492
Мангыстауская,2002,794
Мангыстауская,2003,1153
Мангыстауская,2004,604
Мангыстауская,2005,741
Мангыстауская,2006,822
Мангыстауская,2007,801
Мангыстауская,2008,841
Мангыстауская,2009,404
Мангыстауская,2010,474
Мангыстауская,2011,548
Мангыстауская,2012,569
Мангыстауская,2013,590
Мангыстауская,2014,583
Мангыстауская,2015,648
Мангыстауская,2016,700
Мангыстауская,2017,696
Мангыстауская,2018,694
Мангыстауская,2019,689
Мангыстауская,2020,685
Мангыстауская,2021,650
Мангыстауская,2022,661
Мангыстауская,2023,683
Мангыстауская,2024,694
Мангыстауская,2025,687
Павлодарская,2000,61
Павлодарская,2001,50
Павлодарская,2002,51
Павлодарская,2003,52
Павлодарская,2004,56
Павлодарская,2005,205
Павлодарская,2006,197
Павлодарская,2007,187
Павлодарская,2008,181
Павлодарская,2009,258
Павлодарская,2010,187
Павлодарская,2011,280
Павлодарская,2012,292
Павлодарская,2013,774
Павлодарская,2014,809
Павлодарская,2015,716
Павлодарская,2016,693
Павлодарская,2017,654
Павлодарская,2018,533
Павлодарская,2019,621
Павлодарская,2020,514
Павлодарская,2021,447
Павлодарская,2022,477
Павлодарская,2023,551
Павлодарская,2024,624
Павлодарская,2025,650
Республика Казахстан,2000,14756
Республика Казахстан,2001,15339
Республика Казахстан,2002,15998
Республика Казахстан,2003,16578
Республика Казахстан,2004,16715
Республика Казахстан,2005,18912
Республика Казахстан,2006,19563
Республика Казахстан,2007,17774
Республика Казахстан,2008,16304
Республика Казахстан,2009,15793
Республика Казахстан,2010,17021
Республика Казахстан,2011,18003
Республика Казахстан,2012,20404
Республика Казахстан,2013,23712
Республика Казахстан,2014,25793
Республика Казахстан,2015,24735
Республика Казахстан,2016,22985
Республика Казахстан,2017,22081
Республика Казахстан,2018,22378
Республика Казахстан,2019,21843
Республика Казахстан,2020,22665
Республика Казахстан,2021,21617
Республика Казахстан,2022,22456
Республика Казахстан,2023,25473
Республика Казахстан,2024,27146
Республика Казахстан,2025,28374
Северо-Казахстанская,2000,190
Северо-Казахстанская,2001,187
Северо-Казахстанская,2002,194
Северо-Казахстанская,2003,169
Северо-Казахстанская,2004,281
Северо-Казахстанская,2005,230
Северо-Казахстанская,2006,216
Северо-Казахстанская,2007,147
Северо-Казахстанская,2008,200
Северо-Казахстанская,2009,136
Северо-Казахстанская,2010,106
Северо-Казахстанская,2011,77
Северо-Казахстанская,2012,325
Северо-Казахстанская,2013,312
Северо-Казахстанская,2014,229
Северо-Казахстанская,2015,182
Северо-Казахстанская,2016,135
Северо-Казахстанская,2017,93
Северо-Казахстанская,2018,90
Северо-Казахстанская,2019,92
Северо-Казахстанская,2020,120
Северо-Казахстанская,2021,163
Северо-Казахстанская,2022,161
Северо-Казахстанская,2023,162
Северо-Казахстанская,2024,133
Северо-Казахстанская,2025,148
Туркестанская,2000,101
Туркестанская,2001,96
Туркестанская,2002,162
Туркестанская,2003,51
Туркестанская,2004,80
Туркестанская,2005,209
Туркестанская,2006,90
Туркестанская,2007,98
Туркестанская,2008,95
Туркестанская,2009,106
Туркестанская,2010,102
Туркестанская,2011,104
Туркестанская,2012,129
Туркестанская,2013,121
Туркестанская,2014,132
Туркестанская,2015,141
Туркестанская,2016,157
Туркестанская,2017,174
Туркестанская,2018,202
Туркестанская,2019,182
Туркестанская,2020,251
Туркестанская,2021,245
Туркестанская,2022,239
Туркестанская,2023,353
Туркестанская,2024,482
Туркестанская,2025,641
г. Алматы,2000,7794
г. Алматы,2001,7941
г. Алматы,2002,8036
г. Алматы,2003,8332
г. Алматы,2004,8700
г. Алматы,2005,9258
г. Алматы,2006,9265
г. Алматы,2007,7989
г. Алматы,2008,7225
г. Алматы,2009,8218
г. Алматы,2010,8178
г. Алматы,2011,8689
г. Алматы,2012,8644
г. Алматы,2013,9654
г. Алматы,2014,11094
г. Алматы,2015,10505
г. Алматы,2016,9542
г. Алматы,2017,8821
г. Алматы,2018,9407
г. Алматы,2019,8859
г. Алматы,2020,9299
г. Алматы,2021,8730
г. Алматы,2022,9191
г. Алматы,2023,9994
г. Алматы,2024,10628
г. Алматы,2025,11358
г. Астана,2000,514
г. Астана,2001,518
г. Астана,2002,256
г. Астана,2003,293
г. Астана,2004,490
г. Астана,2005,834
г. Астана,2006,1136
г. Астана,2007,1468
г. Астана,2008,1430
г. Астана,2009,1146
г. Астана,2010,1531
г. Астана,2011,1703
г. Астана,2012,3024
г. Астана,2013,3159
г. Астана,2014,3391
г. Астана,2015,3001
г. Астана,2016,2939
г. Астана,2017,3062
г. Астана,2018,3081
г. Астана,2019,3027
г. Астана,2020,3942
г. Астана,2021,3894
г. Астана,2022,4265
г. Астана,2023,4867
г. Астана,2024,5432
г. Астана,2025,5798
г. Шымкент,2000,139
г. Шымкент,2001,136
г. Шымкент,2002,132
г. Шымкент,2003,243
г. Шымкент,2004,244
г. Шымкент,2005,216
г. Шымкент,2006,337
г. Шымкент,2007,255
г. Шымкент,2008,164
г. Шымкент,2009,189
г. Шымкент,2010,340
г. Шымкент,2011,472
г. Шымкент,2012,865
г. Шымкент,2013,1345
г. Шымкент,2014,1227
г. Шымкент,2015,1215
г. Шымкент,2016,931
г. Шымкент,2017,916
г. Шымкент,2018,667
г. Шымкент,2019,721
г. Шымкент,2020,683
г. Шымкент,2021,522
г. Шымкент,2022,624
г. Шымкент,2023,1270
г. Шымкент,2024,1162
г. Шымкент,2025,1059
Ұлытау,2017,5
Ұлытау,2021,2
Ұлытау,2022,2
Ұлытау,2023,21
Ұлытау,2024,11
Ұлытау,2025,13
