region,year,trainingcosts_r
Абай,2022,84.5
Абай,2023,65.6
Абай,2024,50.1
Абай,2025,47.5
Актюбинская,2008,15.049
Актюбинская,2009,17.516401
Актюбинская,2010,11.1485
Актюбинская,2011,34.026398
Актюбинская,2012,9.3787
Актюбинская,2013,9.5852
Актюбинская,2014,23.3719
Актюбинская,2015,23.2136
Актюбинская,2016,17.4376
Актюбинская,2017,64.5764
Актюбинская,2018,45.9675
Актюбинская,2019,21.5379
Актюбинская,2020,18.3199
Актюбинская,2021,12.6832
Актюбинская,2022,70.9219
Актюбинская,2023,32.1797
Актюбинская,2024,16.1895
Актюбинская,2025,12.5572
Атырауская,2012,94.94579
Атырауская,2013,164.354
Атырауская,2014,201.0936
Атырауская,2016,139.12909
Атырауская,2017,231.85109
Атырауская,2018,175.8967
Атырауская,2019,179.0736
Атырауская,2020,208.1967
Атырауская,2021,232.7587
Атырауская,2022,3080.747
Атырауская,2023,274.7354
Атырауская,2024,1479.2183
Восточно-Казахстанская,2007,32.6
Восточно-Казахстанская,2008,29.9
Восточно-Казахстанская,2009,24.6
Восточно-Казахстанская,2010,51.2
Восточно-Казахстанская,2011,18.9
Восточно-Казахстанская,2012,31.2
Восточно-Казахстанская,2013,55.4
Восточно-Казахстанская,2014,16.5
Восточно-Казахстанская,2015,18.8
Восточно-Казахстанская,2016,11.8
Восточно-Казахстанская,2017,30.9
Восточно-Казахстанская,2018,38.5
Восточно-Казахстанская,2019,96.9
Восточно-Казахстанская,2020,148.6
Восточно-Казахстанская,2021,142.1
Восточно-Казахстанская,2022,40.5
Восточно-Казахстанская,2023,54.5
Восточно-Казахстанская,2024,106.6
Восточно-Казахстанская,2025,138.8
Жамбылская,2010,4.9
Жамбылская,2011,2.7
Жамбылская,2012,8.2
Жамбылская,2013,23.2
Жамбылская,2014,2.6
Жамбылская,2015,13.4
Жамбылская,2016,41.7
Жамбылская,2017,8.7
Жамбылская,2018,7.8
Жамбылская,2019,8.4
Жамбылская,2020,4.3
Жамбылская,2021,7.5
Жамбылская,2022,215.5
Жамбылская,2023,48.6
Жамбылская,2024,57.4
Жамбылская,2025,41.5
Карагандинская,2009,25.6
Карагандинская,2010,40.0
Карагандинская,2011,44.4
Карагандинская,2012,49.0
Карагандинская,2013,123.3
Карагандинская,2014,25.6
Карагандинская,2015,36.3281
Карагандинская,2016,86.8
Карагандинская,2017,57.0
Карагандинская,2018,87.5
Карагандинская,2019,55.6
Карагандинская,2020,71.1
Карагандинская,2021,82.4
Карагандинская,2022,96.7
Карагандинская,2023,73.0
Карагандинская,2024,54.0
Карагандинская,2025,93.8
Костанайская,2007,2.5
Костанайская,2008,54.7
Костанайская,2009,2.8
Костанайская,2010,8.9
Костанайская,2011,4.6
Костанайская,2012,7.4
Костанайская,2013,3.8
Костанайская,2014,9.4
Костанайская,2015,5.9
Костанайская,2016,18.5
Костанайская,2017,8.4
Костанайская,2018,6.7
Костанайская,2019,12.3
Костанайская,2020,4.2
Костанайская,2021,7.7
Костанайская,2022,10.2
Костанайская,2023,6.6
Костанайская,2024,19.9
Костанайская,2025,103.9
Кызылординская,2012,7.8314247
Кызылординская,2013,8.3913
Кызылординская,2014,9.2528
Кызылординская,2015,61.6273
Кызылординская,2016,39.964302
Кызылординская,2017,28.8529
Кызылординская,2018,56.3316
Кызылординская,2019,4876.7993
Кызылординская,2020,25.6793
Кызылординская,2021,93.6925
Кызылординская,2022,23.3195
Кызылординская,2023,62.833397
Кызылординская,2024,110.9347
Кызылординская,2025,30.7481
Павлодарская,2007,10.1
Павлодарская,2008,9.1
Павлодарская,2009,8.9
Павлодарская,2010,24.1
Павлодарская,2011,210.4
Павлодарская,2012,51.7
Павлодарская,2013,30.4
Павлодарская,2014,31.9
Павлодарская,2015,23.0
Павлодарская,2016,258.1
Павлодарская,2017,47.7
Павлодарская,2018,29.1
Павлодарская,2019,35.4
Павлодарская,2020,14.5
Павлодарская,2021,20.0
Павлодарская,2022,9.7
Павлодарская,2023,20.2
Павлодарская,2024,9.9935
Павлодарская,2025,209.8957
Республика Казахстан,2007,712.3
Республика Казахстан,2008,1167.4
Республика Казахстан,2009,827.8
Республика Казахстан,2010,1434.8536
Республика Казахстан,2011,1397.0
Республика Казахстан,2012,2216.8
Республика Казахстан,2013,3431.8
Республика Казахстан,2014,1831.3542
Республика Казахстан,2015,1491.0
Республика Казахстан,2016,1276.0
Республика Казахстан,2017,11816.0
Республика Казахстан,2018,2134.0
Республика Казахстан,2019,8137.7
Республика Казахстан,2020,1398.0
Республика Казахстан,2021,2054.6
Республика Казахстан,2022,14363.5
Республика Казахстан,2023,2162.2
Республика Казахстан,2024,4945.4
Республика Казахстан,2025,5392.9
Туркестанская,2016,33.7
Туркестанская,2017,61.3
Туркестанская,2018,14.5
Туркестанская,2019,17.5
Туркестанская,2020,6.4
Туркестанская,2021,9.3
Туркестанская,2022,19.2
Туркестанская,2023,19.5
Туркестанская,2024,17.7
Туркестанская,2025,44.5
г. Алматы,2008,688.195
г. Алматы,2009,438.4001
г. Алматы,2010,371.3
г. Алматы,2011,753.2
г. Алматы,2012,859.9
г. Алматы,2013,2069.0
г. Алматы,2014,996.4312
г. Алматы,2015,116.2
г. Алматы,2016,344.7
г. Алматы,2017,10668.3
г. Алматы,2018,1000.4
г. Алматы,2019,1865.5
г. Алматы,2020,284.1
г. Алматы,2021,652.8
г. Алматы,2022,919.1
г. Алматы,2023,533.1
г. Алматы,2024,1241.4
г. Алматы,2025,1918.0
г. Шымкент,2018,19.5
г. Шымкент,2019,20.6
г. Шымкент,2020,23.8
г. Шымкент,2021,14.5
г. Шымкент,2022,11.9
г. Шымкент,2023,24.3
г. Шымкент,2024,60.435
г. Шымкент,2025,31.4
