sector,year,trainingcosts_s
Горнодобывающая промышленность и разработка карьеров,2021,343.7
Горнодобывающая промышленность и разработка карьеров,2022,578.5
Горнодобывающая промышленность и разработка карьеров,2023,532.8
Горнодобывающая промышленность и разработка карьеров,2024,412.9
Горнодобывающая промышленность и разработка карьеров,2025,468.9
Государственное управление общего характера,2021,64.6
Деятельность в области административного и вспомогательного обслуживания,2021,16.3
Деятельность в области административного и вспомогательного обслуживания,2022,176.4
Деятельность в области административного и вспомогательного обслуживания,2023,25.2
Деятельность в области административного и вспомогательного обслуживания,2024,76.7
Деятельность в области административного и вспомогательного обслуживания,2025,130.8
Деятельность в области здравоохранения,2021,20.2
Деятельность в области здравоохранения,2022,37.6
Деятельность в области здравоохранения,2023,41.6
Деятельность в области здравоохранения,2024,61.1
Деятельность в области здравоохранения,2025,82.3
Деятельность в области спорта,2021,0.0
Деятельность в области спорта,2022,3.5
Деятельность в области спорта,2023,0.0
Деятельность в области спорта,2024,0.4
Деятельность в области спорта,2025,1.9
Деятельность по организации отдыха и развлечений,2021,3.2
Деятельность по организации отдыха и развлечений,2022,3.9
Деятельность по организации отдыха и развлечений,2023,0.8
Деятельность по организации отдыха и развлечений,2024,1.7
Деятельность по организации отдыха и развлечений,2025,14.2
"Забор, обработка и распределение воды",2025,0.4
Информация и связь,2021,704.0
Информация и связь ,2022,4196.9
Информация и связь ,2023,582.5
Информация и связь ,2024,1606.3
Информация и связь ,2025,653.1
Обрабатывающая промышленность,2021,373.0
Обрабатывающая промышленность,2022,7503.8
Обрабатывающая промышленность,2023,144.2
Обрабатывающая промышленность,2024,1521.4
Обрабатывающая промышленность,2025,1544.0
Операции с недвижимым имуществом,2021,34.1
Операции с недвижимым имуществом ,2022,6.3
Операции с недвижимым имуществом ,2023,127.4
Операции с недвижимым имуществом ,2024,14.4
Операции с недвижимым имуществом ,2025,56.3
Оптовая и розничная торговля; ремонт автомобилей и мотоциклов,2021,138.2
Оптовая и розничная торговля; ремонт автомобилей и мотоциклов,2022,1492.3
Оптовая и розничная торговля; ремонт автомобилей и мотоциклов,2023,288.8
Оптовая и розничная торговля; ремонт автомобилей и мотоциклов,2024,759.5
Оптовая и розничная торговля; ремонт автомобилей и мотоциклов,2025,1391.4
Предоставление услуг по временному проживанию,2021,0.9
Предоставление услуг по временному проживанию,2022,3.7
Предоставление услуг по временному проживанию,2023,1.2
Предоставление услуг по временному проживанию,2024,2.1
Предоставление услуг по обеспечению питанием и напитками,2022,52.7
Предоставление услуг по обеспечению питанием и напитками,2023,9.9
Предоставление услуг по обеспечению питанием и напитками,2024,60.3
Предоставление услуг по обеспечению питанием и напитками,2025,12.0
"Профессиональная, научная и техническая деятельность",2021,166.5
"Профессиональная, научная и техническая деятельность",2022,146.8
"Профессиональная, научная и техническая деятельность",2023,187.2
"Профессиональная, научная и техническая деятельность",2024,63.8
"Профессиональная, научная и техническая деятельность",2025,622.8
"Регулирование деятельности учреждений здравоохранения, образования, культуры и других социальных услуг, кроме социального обеспечения ",2021,7.1
Регулирование и содействие эффективному ведению экономической деятельности,2021,2.6
Ремонт компьютеров и коммуникационного оборудования,2021,3.3
Ремонт компьютеров и коммуникационного оборудования,2022,4.8
Ремонт компьютеров и коммуникационного оборудования,2023,0.1
Ремонт компьютеров и коммуникационного оборудования,2024,2.1
Ремонт компьютеров и коммуникационного оборудования,2025,13.3
Республика Казахстан,2021,2054.6
Республика Казахстан,2022,14363.5
Республика Казахстан,2023,2162.2
Республика Казахстан,2024,4945.4
Республика Казахстан,2025,5392.9
Сбор и обработка сточных вод,2025,1.2
"Сбор, обработка и распределение воды",2021,0.5
"Сбор, обработка и распределение воды",2022,5.7
"Сбор, обработка и распределение воды",2023,0.6
"Сбор, обработка и удаление отходов; утилизация (восстановление) материалов",2021,1.4
"Сбор, обработка и удаление отходов; утилизация (восстановление) материалов",2023,0.7
"Сбор, обработка и удаление отходов; утилизация (восстановление) материалов",2024,0.5
"Сбор, обработка и удаление отходов; утилизация (восстановление) материалов",2025,1.1
"Сельское, лесное и рыбное хозяйство",2021,4.9
"Сельское, лесное и рыбное хозяйство",2022,8.7
"Сельское, лесное и рыбное хозяйство",2023,14.5
"Сельское, лесное и рыбное хозяйство",2024,31.8
"Сельское, лесное и рыбное хозяйство",2025,29.4
"Снабжение электроэнергией, газом, паром, горячей водой и кондиционированным воздухом",2021,28.1
"Снабжение электроэнергией, газом, паром, горячей водой и кондиционированным воздухом",2022,23.2
"Снабжение электроэнергией, газом, паром, горячей водой и кондиционированным воздухом",2023,20.8
"Снабжение электроэнергией, газом, паром, горячей водой и кондиционированным воздухом",2024,28.3
"Снабжение электроэнергией, газом, паром, горячей водой и кондиционированным воздухом",2025,39.3
Строительство,2021,39.0
Строительство,2022,16.5
Строительство,2023,110.2
Строительство,2024,207.7
Строительство,2025,128.3
Транспорт и складирование,2021,102.9
Транспорт и складирование,2022,102.2
Транспорт и складирование,2023,73.8
Транспорт и складирование,2024,94.6
Транспорт и складирование,2025,202.1
Финансовая и страховая деятельность,2023,0.0
