sector,year,VDS_s
"Водоснабжение; сбор, обработка и удаление отходов, деятельность по ликвидации загрязнений",2010,66817.4
"Водоснабжение; сбор, обработка и удаление отходов, деятельность по ликвидации загрязнений",2011,95095.8
"Водоснабжение; сбор, обработка и удаление отходов, деятельность по ликвидации загрязнений",2012,99610.4
"Водоснабжение; сбор, обработка и удаление отходов, деятельность по ликвидации загрязнений",2013,99498.1
"Водоснабжение; сбор, обработка и удаление отходов, деятельность по ликвидации загрязнений",2014,103972.2
"Водоснабжение; сбор, обработка и удаление отходов, деятельность по ликвидации загрязнений",2015,101807.2
"Водоснабжение; сбор, обработка и удаление отходов, деятельность по ликвидации загрязнений",2016,117355.9
"Водоснабжение; сбор, обработка и удаление отходов, деятельность по ликвидации загрязнений",2017,141734.5
"Водоснабжение; сбор, обработка и удаление отходов, деятельность по ликвидации загрязнений",2018,156088.8
"Водоснабжение; сбор, обработка и удаление отходов, деятельность по ликвидации загрязнений",2019,168723.7
"Водоснабжение; сбор, обработка и удаление отходов, деятельность по ликвидации загрязнений",2020,168593.2
"Водоснабжение; сбор, обработка и удаление отходов, деятельность по ликвидации загрязнений",2021,219906.7
"Водоснабжение; сбор, обработка и удаление отходов, деятельность по ликвидации загрязнений",2022,248723.8
"Водоснабжение; сбор, обработка и удаление отходов, деятельность по ликвидации загрязнений",2023,279912.7
"Водоснабжение; сбор, обработка и удаление отходов, деятельность по ликвидации загрязнений",2024,329637.7
"Водоснабжение; сбор, обработка и удаление отходов, деятельность по ликвидации загрязнений",2025,371048.9
Горнодобывающая промышленность и разработка карьеров,2010,4249268.0
Горнодобывающая промышленность и разработка карьеров,2011,5003253.0
Горнодобывающая промышленность и разработка карьеров,2012,5288740.5
Горнодобывающая промышленность и разработка карьеров,2013,5477694.0
Горнодобывающая промышленность и разработка карьеров,2014,5982772.0
Горнодобывающая промышленность и разработка карьеров,2015,5170567.5
Горнодобывающая промышленность и разработка карьеров,2016,6047727.5
Горнодобывающая промышленность и разработка карьеров,2017,7421694.5
Горнодобывающая промышленность и разработка карьеров,2018,9204650.0
Горнодобывающая промышленность и разработка карьеров,2019,10032110.0
Горнодобывающая промышленность и разработка карьеров,2020,8596836.0
Горнодобывающая промышленность и разработка карьеров,2021,11886878.0
Горнодобывающая промышленность и разработка карьеров,2022,15210887.0
Горнодобывающая промышленность и разработка карьеров,2023,15365189.0
Горнодобывающая промышленность и разработка карьеров,2024,16430049.0
Горнодобывающая промышленность и разработка карьеров,2025,18643096.0
Государственное управление и оборона; обязательное социальное обеспечение ,2014,773223.0
Государственное управление и оборона; обязательное социальное обеспечение ,2015,809408.7
Государственное управление и оборона; обязательное социальное обеспечение ,2016,856126.3
Государственное управление и оборона; обязательное социальное обеспечение ,2017,914529.6
Государственное управление и оборона; обязательное социальное обеспечение ,2018,934017.6
Государственное управление и оборона; обязательное социальное обеспечение ,2019,1175340.4
Государственное управление и оборона; обязательное социальное обеспечение ,2020,1342993.8
Государственное управление и оборона; обязательное социальное обеспечение ,2021,1533106.6
Государственное управление и оборона; обязательное социальное обеспечение ,2022,1961063.2
Государственное управление и оборона; обязательное социальное обеспечение ,2023,2442908.8
Государственное управление и оборона; обязательное социальное обеспечение ,2024,2630560.2
Государственное управление и оборона; обязательное социальное обеспечение ,2025,3003133.0
Деятельность в области административного и вспомогательного обслуживания,2014,752924.9
Деятельность в области административного и вспомогательного обслуживания,2015,846480.3
Деятельность в области административного и вспомогательного обслуживания,2016,1005314.3
Деятельность в области административного и вспомогательного обслуживания,2017,1240767.2
Деятельность в области административного и вспомогательного обслуживания,2018,1371432.8
Деятельность в области административного и вспомогательного обслуживания,2019,1600314.9
Деятельность в области административного и вспомогательного обслуживания,2020,1609821.0
Деятельность в области административного и вспомогательного обслуживания,2021,1741828.5
Деятельность в области административного и вспомогательного обслуживания,2022,2219160.5
Деятельность в области административного и вспомогательного обслуживания,2023,2821767.5
Деятельность в области административного и вспомогательного обслуживания,2024,3210188.5
Деятельность в области административного и вспомогательного обслуживания,2025,3416188.5
Здравоохранение и социальное обслуживание населения,2014,666308.4
Здравоохранение и социальное обслуживание населения,2015,729986.8
Здравоохранение и социальное обслуживание населения,2016,888829.7
Здравоохранение и социальное обслуживание населения,2017,1075843.5
Здравоохранение и социальное обслуживание населения,2018,1172754.2
Здравоохранение и социальное обслуживание населения,2019,1326324.9
Здравоохранение и социальное обслуживание населения,2020,1804796.2
Здравоохранение и социальное обслуживание населения,2021,2459920.0
Здравоохранение и социальное обслуживание населения,2022,2959635.5
Здравоохранение и социальное обслуживание населения,2023,3490168.8
Здравоохранение и социальное обслуживание населения,2024,4075853.2
Здравоохранение и социальное обслуживание населения,2025,2925088.2
Информация и связь,2010,675234.2
Информация и связь,2011,698970.9
Информация и связь,2012,811345.7
Информация и связь,2013,946161.4
Информация и связь,2014,1005229.0
Информация и связь,2015,1071814.5
Информация и связь,2016,978417.4
Информация и связь,2017,1089261.8
Информация и связь,2018,1182681.6
Информация и связь,2019,1349561.9
Информация и связь,2020,1670561.0
Информация и связь,2021,1952156.8
Информация и связь,2022,2109087.5
Информация и связь,2023,2595103.5
Информация и связь,2024,3013049.2
Информация и связь,2025,4076628.8
"Искусство, развлечения и отдых",2014,289131.1
"Искусство, развлечения и отдых",2015,329278.5
"Искусство, развлечения и отдых",2016,357605.4
"Искусство, развлечения и отдых",2017,415736.0
"Искусство, развлечения и отдых",2018,450094.6
"Искусство, развлечения и отдых",2019,508692.8
"Искусство, развлечения и отдых",2020,639680.6
"Искусство, развлечения и отдых",2021,731327.4
"Искусство, развлечения и отдых",2022,928891.5
"Искусство, развлечения и отдых",2023,1047193.4
"Искусство, развлечения и отдых",2024,1257750.9
"Искусство, развлечения и отдых",2025,1527393.5
Обрабатывающая промышленность,2010,2469804.0
Обрабатывающая промышленность,2011,3131187.0
Обрабатывающая промышленность,2012,3436730.5
Обрабатывающая промышленность,2013,3828487.0
Обрабатывающая промышленность,2014,4093849.0
Обрабатывающая промышленность,2015,4201012.0
Обрабатывающая промышленность,2016,5321897.0
Обрабатывающая промышленность,2017,6134020.5
Обрабатывающая промышленность,2018,7065121.5
Обрабатывающая промышленность,2019,7972864.0
Обрабатывающая промышленность,2020,9235618.0
Обрабатывающая промышленность,2021,11424766.0
Обрабатывающая промышленность,2022,13929791.0
Обрабатывающая промышленность,2023,14677294.0
Обрабатывающая промышленность,2024,16941134.0
Обрабатывающая промышленность,2025,20627624.0
Образование,2014,1125456.2
Образование,2015,1197316.9
Образование,2016,1325335.8
Образование,2017,1528964.5
Образование,2018,1657450.4
Образование,2019,1859275.2
Образование,2020,2572779.8
Образование,2021,3245879.8
Образование,2022,4224631.0
Образование,2023,5337072.5
Образование,2024,5729285.5
Образование,2025,4850431.0
Операции с недвижимым имуществом,2010,1884428.6
Операции с недвижимым имуществом,2011,2390740.0
Операции с недвижимым имуществом,2012,2659455.0
Операции с недвижимым имуществом,2013,3019353.0
Операции с недвижимым имуществом,2014,3283011.0
Операции с недвижимым имуществом,2015,3685580.5
Операции с недвижимым имуществом,2016,4101176.8
Операции с недвижимым имуществом,2017,4515363.5
Операции с недвижимым имуществом,2018,4793647.5
Операции с недвижимым имуществом,2019,5222691.0
Операции с недвижимым имуществом,2020,5147649.0
Операции с недвижимым имуществом,2021,5486403.0
Операции с недвижимым имуществом,2022,6732562.0
Операции с недвижимым имуществом,2023,8942177.0
Операции с недвижимым имуществом,2024,11576195.0
Операции с недвижимым имуществом,2025,15016783.0
Оптовая и розничная торговля; ремонт автомо-билей и мотоциклов,2010,2834219.2
Оптовая и розничная торговля; ремонт автомо-билей и мотоциклов,2011,3819319.2
Оптовая и розничная торговля; ремонт автомо-билей и мотоциклов,2012,4624795.0
Оптовая и розничная торговля; ремонт автомо-билей и мотоциклов,2013,5415975.5
Оптовая и розничная торговля; ремонт автомо-билей и мотоциклов,2014,6332749.0
Оптовая и розничная торговля; ремонт автомо-билей и мотоциклов,2015,6994016.0
Оптовая и розничная торговля; ремонт автомо-билей и мотоциклов,2016,7898849.5
Оптовая и розничная торговля; ремонт автомо-билей и мотоциклов,2017,9141162.0
Оптовая и розничная торговля; ремонт автомо-билей и мотоциклов,2018,10366506.0
Оптовая и розничная торговля; ремонт автомо-билей и мотоциклов,2019,11788364.0
Оптовая и розничная торговля; ремонт автомо-билей и мотоциклов,2020,12166038.0
Оптовая и розничная торговля; ремонт автомо-билей и мотоциклов,2021,14106195.0
Оптовая и розничная торговля; ремонт автомо-билей и мотоциклов,2022,17046878.0
Оптовая и розничная торговля; ремонт автомо-билей и мотоциклов,2023,21816414.0
Оптовая и розничная торговля; ремонт автомо-билей и мотоциклов,2024,26007102.0
Оптовая и розничная торговля; ремонт автомо-билей и мотоциклов,2025,31900246.0
Предоставление прочих видов услуг,2014,1148475.0
Предоставление прочих видов услуг,2015,1343596.2
Предоставление прочих видов услуг,2016,1355142.5
Предоставление прочих видов услуг,2017,1662796.0
Предоставление прочих видов услуг,2018,1793005.6
Предоставление прочих видов услуг,2019,2100375.5
Предоставление прочих видов услуг,2020,1838171.2
Предоставление прочих видов услуг,2021,1933067.9
Предоставление прочих видов услуг,2022,2401696.0
Предоставление прочих видов услуг,2023,2661371.2
Предоставление прочих видов услуг,2024,3468350.8
Предоставление прочих видов услуг,2025,3338676.2
Предоставление услуг по проживанию и питанию,2014,366505.8
Предоставление услуг по проживанию и питанию,2015,420185.0
Предоставление услуг по проживанию и питанию,2016,528771.4
Предоставление услуг по проживанию и питанию,2017,645467.1
Предоставление услуг по проживанию и питанию,2018,703857.5
Предоставление услуг по проживанию и питанию,2019,793329.6
Предоставление услуг по проживанию и питанию,2020,722736.0
Предоставление услуг по проживанию и питанию,2021,812752.2
Предоставление услуг по проживанию и питанию,2022,1052069.2
Предоставление услуг по проживанию и питанию,2023,1305506.8
Предоставление услуг по проживанию и питанию,2024,1580662.4
Предоставление услуг по проживанию и питанию,2025,1820386.0
Промышленность,2010,7177126.0
Промышленность,2011,8708469.0
Промышленность,2012,9343706.0
Промышленность,2013,9985997.0
Промышленность,2014,10818122.0
Промышленность,2015,10166976.0
Промышленность,2016,12262515.0
Промышленность,2017,14600972.0
Промышленность,2018,17421280.0
Промышленность,2019,19154492.0
Промышленность,2020,19098172.0
Промышленность,2021,24841596.0
Промышленность,2022,30841860.0
Промышленность,2023,32012398.0
Промышленность,2024,35717804.0
Промышленность,2025,42039360.0
"Профессиональная, научная и техническая деятельность",2014,1670643.0
"Профессиональная, научная и техническая деятельность",2015,1864408.9
"Профессиональная, научная и техническая деятельность",2016,2335967.0
"Профессиональная, научная и техническая деятельность",2017,2457399.0
"Профессиональная, научная и техническая деятельность",2018,2742927.0
"Профессиональная, научная и техническая деятельность",2019,3062750.0
"Профессиональная, научная и техническая деятельность",2020,2919937.5
"Профессиональная, научная и техническая деятельность",2021,3106546.5
"Профессиональная, научная и техническая деятельность",2022,3427482.2
"Профессиональная, научная и техническая деятельность",2023,4188167.0
"Профессиональная, научная и техническая деятельность",2024,4252469.0
"Профессиональная, научная и техническая деятельность",2025,4697544.0
"Сельское, лесное и рыбное хозяйство",2010,983994.9
"Сельское, лесное и рыбное хозяйство",2011,1409038.6
"Сельское, лесное и рыбное хозяйство",2012,1330033.6
"Сельское, лесное и рыбное хозяйство",2013,1621232.5
"Сельское, лесное и рыбное хозяйство",2014,1717786.0
"Сельское, лесное и рыбное хозяйство",2015,1925866.5
"Сельское, лесное и рыбное хозяйство",2016,2140007.5
"Сельское, лесное и рыбное хозяйство",2017,2456284.5
"Сельское, лесное и рыбное хозяйство",2018,2717499.0
"Сельское, лесное и рыбное хозяйство",2019,3105560.8
"Сельское, лесное и рыбное хозяйство",2020,3808889.0
"Сельское, лесное и рыбное хозяйство",2021,4222766.5
"Сельское, лесное и рыбное хозяйство",2022,5444727.5
"Сельское, лесное и рыбное хозяйство",2023,4568671.5
"Сельское, лесное и рыбное хозяйство",2024,5306833.0
"Сельское, лесное и рыбное хозяйство",2025,6154545.0
"Снабжение электроэнергией, газом, паром, горячей водой и  кондиционированным воздухом",2010,391236.4
"Снабжение электроэнергией, газом, паром, горячей водой и  кондиционированным воздухом",2011,478933.7
"Снабжение электроэнергией, газом, паром, горячей водой и  кондиционированным воздухом",2012,518624.1
"Снабжение электроэнергией, газом, паром, горячей водой и  кондиционированным воздухом",2013,580317.6
"Снабжение электроэнергией, газом, паром, горячей водой и  кондиционированным воздухом",2014,637529.2
"Снабжение электроэнергией, газом, паром, горячей водой и  кондиционированным воздухом",2015,693589.4
"Снабжение электроэнергией, газом, паром, горячей водой и  кондиционированным воздухом",2016,775534.8
"Снабжение электроэнергией, газом, паром, горячей водой и  кондиционированным воздухом",2017,903522.7
"Снабжение электроэнергией, газом, паром, горячей водой и  кондиционированным воздухом",2018,995420.5
"Снабжение электроэнергией, газом, паром, горячей водой и  кондиционированным воздухом",2019,980795.2
"Снабжение электроэнергией, газом, паром, горячей водой и  кондиционированным воздухом",2020,1097125.1
"Снабжение электроэнергией, газом, паром, горячей водой и  кондиционированным воздухом",2021,1310044.2
"Снабжение электроэнергией, газом, паром, горячей водой и  кондиционированным воздухом",2022,1452458.8
"Снабжение электроэнергией, газом, паром, горячей водой и  кондиционированным воздухом",2023,1690003.0
"Снабжение электроэнергией, газом, паром, горячей водой и  кондиционированным воздухом",2024,2016982.2
"Снабжение электроэнергией, газом, паром, горячей водой и  кондиционированным воздухом",2025,2397589.8
Строительство,2010,1680502.5
Строительство,2011,1816611.5
Строительство,2012,1915692.2
Строительство,2013,2145248.5
Строительство,2014,2357993.8
Строительство,2015,2447736.0
Строительство,2016,2758760.5
Строительство,2017,2977116.2
Строительство,2018,3285915.0
Строительство,2019,3811296.8
Строительство,2020,4285102.5
Строительство,2021,4765552.5
Строительство,2022,5454692.5
Строительство,2023,6720925.5
Строительство,2024,8178260.0
Строительство,2025,9859632.0
Транспорт и складирование,2010,1750835.6
Транспорт и складирование,2011,1937037.6
Транспорт и складирование,2012,2294129.0
Транспорт и складирование,2013,2736538.0
Транспорт и складирование,2014,3144595.2
Транспорт и складирование,2015,3520545.5
Транспорт и складирование,2016,3876007.8
Транспорт и складирование,2017,4453674.5
Транспорт и складирование,2018,5065480.5
Транспорт и складирование,2019,5589850.5
Транспорт и складирование,2020,4824664.0
Транспорт и складирование,2021,5718757.0
Транспорт и складирование,2022,6391443.5
Транспорт и складирование,2023,6716351.0
Транспорт и складирование,2024,7752757.0
Транспорт и складирование,2025,9757857.0
Финансовая и страховая деятельность,2014,1199418.2
Финансовая и страховая деятельность,2015,1430703.9
Финансовая и страховая деятельность,2016,1668758.4
Финансовая и страховая деятельность,2017,2020521.6
Финансовая и страховая деятельность,2018,2048002.8
Финансовая и страховая деятельность,2019,2233384.2
Финансовая и страховая деятельность,2020,2376245.0
Финансовая и страховая деятельность,2021,2438216.0
Финансовая и страховая деятельность,2022,3171635.8
Финансовая и страховая деятельность,2023,3934921.8
Финансовая и страховая деятельность,2024,4649709.0
Финансовая и страховая деятельность,2025,5608633.0
