region,year,VDS_r
Абай,2021,1737843.8
Абай,2022,2229943.0
Абай,2023,2579782.8
Абай,2024,3218241.5
Абай,2025,4105337.5
Акмолинская,2010,554955.9
Акмолинская,2011,755537.1
Акмолинская,2012,755470.5
Акмолинская,2013,895153.9
Акмолинская,2014,989258.0
Акмолинская,2015,1069374.4
Акмолинская,2016,1272179.8
Акмолинская,2017,1468468.9
Акмолинская,2018,1599446.0
Акмолинская,2019,1809904.2
Акмолинская,2020,2165333.5
Акмолинская,2021,2535298.8
Акмолинская,2022,3259731.5
Акмолинская,2023,3561276.5
Акмолинская,2024,4103529.2
Акмолинская,2025,5013413.5
Актюбинская,2010,1111626.2
Актюбинская,2011,1383724.2
Актюбинская,2012,1573759.1
Актюбинская,2013,1641550.2
Актюбинская,2014,1760923.4
Актюбинская,2015,1673001.8
Актюбинская,2016,1953224.9
Актюбинская,2017,2202723.2
Актюбинская,2018,2523518.5
Актюбинская,2019,2763515.8
Актюбинская,2020,2793337.2
Актюбинская,2021,3377850.0
Актюбинская,2022,4107770.0
Актюбинская,2023,3936432.5
Актюбинская,2024,4708429.5
Актюбинская,2025,5066824.0
Алматинская,2010,945089.0
Алматинская,2011,1160913.1
Алматинская,2012,1367116.6
Алматинская,2013,1631580.0
Алматинская,2014,1797868.0
Алматинская,2015,1884931.6
Алматинская,2016,2072410.4
Алматинская,2017,2338342.5
Алматинская,2018,2629826.5
Алматинская,2019,3038434.2
Алматинская,2020,3537264.5
Алматинская,2021,3199389.5
Алматинская,2022,3992291.2
Алматинская,2023,4763423.5
Алматинская,2024,5456979.0
Алматинская,2025,6112389.5
Атырауская,2010,2694242.0
Атырауская,2011,3218019.5
Атырауская,2012,3094722.0
Атырауская,2013,3347374.8
Атырауская,2014,3736234.5
Атырауская,2015,3921019.0
Атырауская,2016,4863040.5
Атырауская,2017,5492574.5
Атырауская,2018,7150486.5
Атырауская,2019,8555496.0
Атырауская,2020,7280311.5
Атырауская,2021,9909064.0
Атырауская,2022,12442400.0
Атырауская,2023,13133532.0
Атырауская,2024,13090154.0
Атырауская,2025,14630342.0
Восточно-Казахстанская,2010,1178122.4
Восточно-Казахстанская,2011,1521790.8
Восточно-Казахстанская,2012,1710406.6
Восточно-Казахстанская,2013,1932217.8
Восточно-Казахстанская,2014,2147952.0
Восточно-Казахстанская,2015,2204512.5
Восточно-Казахстанская,2016,2643626.5
Восточно-Казахстанская,2017,3002627.2
Восточно-Казахстанская,2018,3376381.5
Восточно-Казахстанская,2019,3767004.5
Восточно-Казахстанская,2020,4366175.0
Восточно-Казахстанская,2021,3055297.8
Восточно-Казахстанская,2022,3663739.2
Восточно-Казахстанская,2023,4300448.5
Восточно-Казахстанская,2024,5014498.5
Восточно-Казахстанская,2025,5813143.5
Жамбылская,2010,422681.6
Жамбылская,2011,594833.8
Жамбылская,2012,718076.8
Жамбылская,2013,821201.5
Жамбылская,2014,922007.2
Жамбылская,2015,967746.8
Жамбылская,2016,1119307.4
Жамбылская,2017,1277376.1
Жамбылская,2018,1441543.2
Жамбылская,2019,1603322.2
Жамбылская,2020,1802643.0
Жамбылская,2021,2142077.8
Жамбылская,2022,2512181.0
Жамбылская,2023,2870490.8
Жамбылская,2024,3090154.8
Жамбылская,2025,3273587.8
Жетісу,2021,1161702.0
Жетісу,2022,1334813.5
Жетісу,2023,1591875.8
Жетісу,2024,2039791.4
Жетісу,2025,2328095.5
Западно-Казахстанская,2010,993480.1
Западно-Казахстанская,2011,1229981.0
Западно-Казахстанская,2012,1608422.5
Западно-Казахстанская,2013,1617090.1
Западно-Казахстанская,2014,1794689.2
Западно-Казахстанская,2015,1593262.6
Западно-Казахстанская,2016,1911454.4
Западно-Казахстанская,2017,2179429.0
Западно-Казахстанская,2018,2528613.2
Западно-Казахстанская,2019,2675662.0
Западно-Казахстанская,2020,2552497.0
Западно-Казахстанская,2021,3240973.5
Западно-Казахстанская,2022,3996760.0
Западно-Казахстанская,2023,4864318.0
Западно-Казахстанская,2024,4636827.0
Западно-Казахстанская,2025,4882905.0
Карагандинская,2010,1773854.2
Карагандинская,2011,2241682.2
Карагандинская,2012,2310445.8
Карагандинская,2013,2455994.5
Карагандинская,2014,2729472.0
Карагандинская,2015,2963952.5
Карагандинская,2016,3512819.8
Карагандинская,2017,4050511.8
Карагандинская,2018,4454517.5
Карагандинская,2019,5043617.0
Карагандинская,2020,5783089.0
Карагандинская,2021,5745715.0
Карагандинская,2022,6808446.0
Карагандинская,2023,7548004.0
Карагандинская,2024,8921075.0
Карагандинская,2025,10151596.0
Костанайская,2010,811404.2
Костанайская,2011,1064909.2
Костанайская,2012,1086683.2
Костанайская,2013,1262980.8
Костанайская,2014,1312856.5
Костанайская,2015,1314766.8
Костанайская,2016,1440577.5
Костанайская,2017,1751121.2
Костанайская,2018,1946947.8
Костанайская,2019,2294919.0
Костанайская,2020,2723055.5
Костанайская,2021,3328703.0
Костанайская,2022,3912231.2
Костанайская,2023,4322016.5
Костанайская,2024,4901693.5
Костанайская,2025,5967722.5
Кызылординская,2010,813875.5
Кызылординская,2011,966951.5
Кызылординская,2012,1105396.4
Кызылординская,2013,1242646.8
Кызылординская,2014,1237040.5
Кызылординская,2015,1091711.6
Кызылординская,2016,1231197.2
Кызылординская,2017,1340529.9
Кызылординская,2018,1526367.9
Кызылординская,2019,1687249.6
Кызылординская,2020,1550191.8
Кызылординская,2021,1812624.8
Кызылординская,2022,2244593.0
Кызылординская,2023,2446178.8
Кызылординская,2024,2930286.0
Кызылординская,2025,2922011.5
Мангистауская,2010,1406677.5
Мангистауская,2011,1635477.5
Мангистауская,2012,1541389.9
Мангистауская,2013,1777928.1
Мангистауская,2014,2139751.8
Мангистауская,2015,1988577.8
Мангистауская,2016,2304670.5
Мангистауская,2017,3069297.8
Мангистауская,2018,3484990.8
Мангистауская,2019,3361429.5
Мангистауская,2020,2884503.2
Мангистауская,2021,3350090.0
Мангистауская,2022,4018973.8
Мангистауская,2023,4185780.8
Мангистауская,2024,4386775.5
Мангистауская,2025,5003357.5
Павлодарская,2010,977298.2
Павлодарская,2011,1427507.0
Павлодарская,2012,1436005.2
Павлодарская,2013,1646892.6
Павлодарская,2014,1644072.2
Павлодарская,2015,1656176.6
Павлодарская,2016,1869458.0
Павлодарская,2017,2239475.2
Павлодарская,2018,2584211.0
Павлодарская,2019,2835829.5
Павлодарская,2020,2958107.8
Павлодарская,2021,3676704.5
Павлодарская,2022,4019667.0
Павлодарская,2023,4083538.0
Павлодарская,2024,4881066.5
Павлодарская,2025,6031561.0
Республика Казахстан,2010,20649032.0
Республика Казахстан,2011,25741874.0
Республика Казахстан,2012,28528090.0
Республика Казахстан,2013,32896600.0
Республика Казахстан,2014,36651572.0
Республика Казахстан,2015,38783900.0
Республика Казахстан,2016,44337584.0
Республика Казахстан,2017,51195860.0
Республика Казахстан,2018,57706550.0
Республика Казахстан,2019,64681604.0
Республика Казахстан,2020,66828236.0
Республика Казахстан,2021,79096070.0
Республика Казахстан,2022,96367510.0
Республика Казахстан,2023,110601120.0
Республика Казахстан,2024,128406830.0
Республика Казахстан,2025,150278670.0
Северо-Казахстанская,2010,442169.0
Северо-Казахстанская,2011,625830.5
Северо-Казахстанская,2012,641812.3
Северо-Казахстанская,2013,702430.7
Северо-Казахстанская,2014,748775.3
Северо-Казахстанская,2015,798613.8
Северо-Казахстанская,2016,868952.8
Северо-Казахстанская,2017,1053703.8
Северо-Казахстанская,2018,1140355.6
Северо-Казахстанская,2019,1293906.6
Северо-Казахстанская,2020,1490274.5
Северо-Казахстанская,2021,1695269.6
Северо-Казахстанская,2022,2056974.8
Северо-Казахстанская,2023,2156952.8
Северо-Казахстанская,2024,2565087.5
Северо-Казахстанская,2025,3355649.0
Туркестанская,2011,745128.8
Туркестанская,2012,969972.0
Туркестанская,2013,1100818.6
Туркестанская,2014,1102563.4
Туркестанская,2015,1226044.8
Туркестанская,2016,1363026.0
Туркестанская,2017,1395527.4
Туркестанская,2018,1560522.5
Туркестанская,2019,1885757.6
Туркестанская,2020,2260035.2
Туркестанская,2021,2657986.5
Туркестанская,2022,3289035.0
Туркестанская,2023,3709034.8
Туркестанская,2024,4522264.5
Туркестанская,2025,5203265.5
Южно-Казахстанская,2010,1141636.0
Южно-Казахстанская,2011,1414621.2
Южно-Казахстанская,2012,1757895.4
Южно-Казахстанская,2013,1997746.0
Южно-Казахстанская,2014,2252080.0
Южно-Казахстанская,2015,2390824.8
Южно-Казахстанская,2016,2639002.2
Южно-Казахстанская,2017,3014146.0
г. Алматы,2010,3704373.2
г. Алматы,2011,4560635.5
г. Алматы,2012,5393367.0
г. Алматы,2013,6673886.0
г. Алматы,2014,7661393.0
г. Алматы,2015,8679336.0
г. Алматы,2016,10031679.0
г. Алматы,2017,11250827.0
г. Алматы,2018,11414268.0
г. Алматы,2019,12678898.0
г. Алматы,2020,12760333.0
г. Алматы,2021,14199302.0
г. Алматы,2022,17916766.0
г. Алматы,2023,22887230.0
г. Алматы,2024,29010432.0
г. Алматы,2025,33487972.0
г. Астана,2010,1677546.5
г. Астана,2011,1939460.4
г. Астана,2012,2427120.5
г. Астана,2013,3249927.0
г. Астана,2014,3777198.8
г. Астана,2015,4586092.0
г. Астана,2016,4603984.0
г. Астана,2017,5464705.0
г. Астана,2018,6298969.0
г. Астана,2019,7324607.0
г. Астана,2020,7557317.0
г. Астана,2021,8437675.0
г. Астана,2022,9973504.0
г. Астана,2023,11954711.0
г. Астана,2024,14061148.0
г. Астана,2025,18409766.0
г. Шымкент,2018,2045586.8
г. Шымкент,2019,2062051.8
г. Шымкент,2020,2363766.5
г. Шымкент,2021,2529051.0
г. Шымкент,2022,3081823.2
г. Шымкент,2023,3777206.0
г. Шымкент,2024,4427458.0
г. Шымкент,2025,5514584.5
г.Шымкент,2011,669492.5
г.Шымкент,2012,787923.4
г.Шымкент,2013,896927.4
г.Шымкент,2014,1149516.6
г.Шымкент,2015,1164780.0
г.Шымкент,2016,1275976.2
г.Шымкент,2017,1618618.8
Ұлытау,2021,1303452.0
Ұлытау,2022,1505872.2
Ұлытау,2023,1928885.9
Ұлытау,2024,2440937.0
Ұлытау,2025,3005152.5
