sector,okved2,year,factoriescap_s,researchorg_s,researchersavg_s,researchers_s
Добыча нефти и природного газа,06,2020.0,0.15755785944343395,0.003134796238244514,0.003642289786178911,0.0034231107518957853
Предоставление услуг в области добычи полезных ископаемых,09,2019.0,0.042661255437071714,0.006269592476489028,0.00019612329617886445,0.0003090308317683695
Предоставление услуг в области добычи полезных ископаемых,09,2020.0,0.04154030268744939,0.006269592476489028,0.00020546250075881037,0.0002852592293246488
Предоставление услуг в области добычи полезных ископаемых,09,2021.0,0.0357484450135317,0.006269592476489028,0.0010459909129539437,0.0009191686278238682
Предоставление услуг в области добычи полезных ископаемых,09,2022.0,0.034406060649971995,0.0109717868338558,0.0010067662537181707,0.000586366193611778
Предоставление услуг в области добычи полезных ископаемых,09,2023.0,0.03402499187821016,0.009404388714733543,0.0009115063670027223,0.0007923867481240244
Предоставление услуг в области добычи полезных ископаемых,09,2024.0,0.032681314823783406,0.006269592476489028,0.00066495136609215,0.0005942900610930183
Производство пищевых продуктов,10,2018.0,0.11203675298947408,0.004702194357366771,0.0007377971618157281,0.0006259855310179793
Производство пищевых продуктов,10,2019.0,0.11950183950493379,0.007836990595611285,0.0015222903465311858,0.001592697363729289
Производство пищевых продуктов,10,2020.0,0.12906486981537912,0.007836990595611285,0.0017277528472899963,0.0015372302913606072
Производство пищевых продуктов,10,2021.0,0.13561001580868504,0.0109717868338558,0.0020163342688103254,0.0017907940507602951
Производство пищевых продуктов,10,2022.0,0.13181918346877095,0.01567398119122257,0.002427259270327946,0.002210759027266028
Производство пищевых продуктов,10,2023.0,0.1271083072329171,0.012539184952978056,0.0014550480735555753,0.0014738393515106854
Производство пищевых продуктов,10,2024.0,0.12202707599950986,0.01567398119122257,0.0023142548949106004,0.0022266067622285085
Производство прочих пищевых продуктов,10.8,2024.0,0.022769916050749586,0.009404388714733543,0.0019126690979729257,0.0017907940507602951
Производство напитков,11,2020.0,0.015041449490589014,0.001567398119122257,1.8678409159891853e-05,1.584773496248049e-05
Производство текстильных изделий,13,2018.0,0.004434400004241023,0.009404388714733543,0.0006163875022764311,0.0004675081813931744
Производство текстильных изделий,13,2019.0,0.004455127510205225,0.006269592476489028,0.000513656251897026,0.00047543204887441463
Производство текстильных изделий,13,2020.0,0.005662014600124315,0.007836990595611285,0.0007546077300596308,0.0006656048684241805
Производство текстильных изделий,13,2021.0,0.005279697494555245,0.007836990595611285,0.0023674883610162924,0.0021235964849723853
Производство текстильных изделий,13,2022.0,0.005170858396547183,0.007836990595611285,0.0024552768840677835,0.002083977147566184
Производство текстильных изделий,13,2023.0,0.005647236125597717,0.006269592476489028,0.002152686655677536,0.001822489520685256
Производство текстильных изделий,13,2024.0,0.005404587625706575,0.006269592476489028,0.0014811978463794239,0.001529306423879367
Производство текстильных тканей,13.2,2020.0,0.0013503001950036589,0.001567398119122257,4.669602289972963e-05,3.961933740620122e-05
Производство одежды,14,2021.0,0.003930290621937425,0.003134796238244514,0.0009619380717344304,0.0008320060855302256
Производство одежды,14,2024.0,0.005777581102900589,0.006269592476489028,0.0015549775625609966,0.0016323167011354901
"Производство одежды, кроме одежды из меха",14.1,2021.0,0.0035887906324172675,0.003134796238244514,0.0009619380717344304,0.0008320060855302256
"Производство одежды, кроме одежды из меха",14.1,2024.0,0.005491553989161445,0.006269592476489028,0.0015549775625609966,0.0016323167011354901
Производство бумаги и бумажных изделий,17,2021.0,0.020691005944294235,0.001567398119122257,2.614977282384859e-05,1.584773496248049e-05
Деятельность полиграфическая и копирование носителей информации,18,2020.0,0.005637287569032818,0.001567398119122257,0.00010273125037940519,8.716254229364268e-05
Деятельность полиграфическая и копирование носителей информации,18,2021.0,0.004957823393678177,0.001567398119122257,0.00013074886411924296,0.00011093414473736342
Производство кокса и нефтепродуктов,19,2018.0,0.20021580889642607,0.007836990595611285,0.0007191187526558363,0.0006339093984992195
Производство кокса и нефтепродуктов,19,2019.0,0.190986011246741,0.007836990595611285,0.0007004403434959445,0.0006022139285742585
Производство кокса и нефтепродуктов,19,2020.0,0.14949399418863357,0.003134796238244514,0.0006537443205962148,0.000554670723686817
Производство кокса и нефтепродуктов,19,2021.0,0.1978091093339837,0.003134796238244514,0.0006257267068563771,0.0005308991212430963
Производство кокса и нефтепродуктов,19,2022.0,0.184449915587286,0.004702194357366771,0.0006939029002899823,0.0006576810009429402
Производство кокса и нефтепродуктов,19,2023.0,0.16889353862434597,0.004702194357366771,0.0006761584115880851,0.0006497571334617
Производство химических веществ и химических продуктов,20,2018.0,0.0628878808641996,0.06896551724137931,0.012962815956964946,0.013850920357207946
Производство химических веществ и химических продуктов,20,2019.0,0.06110226025077843,0.07993730407523511,0.0214334745109759,0.02181440717585439
Производство химических веществ и химических продуктов,20,2020.0,0.06227029021749591,0.08150470219435736,0.04225056151967537,0.03989667276804463
Производство химических веществ и химических продуктов,20,2021.0,0.08357964141151422,0.08150470219435736,0.03256487244981345,0.03028502151330021
Производство химических веществ и химических продуктов,20,2022.0,0.0799926058609624,0.07836990595611286,0.027616027942900103,0.02375575470875825
Производство химических веществ и химических продуктов,20,2023.0,0.06836209309402698,0.07210031347962383,0.01902582757026584,0.016838218397635517
Производство химических веществ и химических продуктов,20,2024.0,0.06422668234621609,0.08150470219435736,0.029068274255081693,0.029500558632657426
"Производство основных химических веществ, удобрений и азотных соединений, пластмасс и синтетического каучука в первичных формах",20.1,2018.0,0.048010747392442876,0.032915360501567396,0.007518059686856471,0.009041132796095117
"Производство основных химических веществ, удобрений и азотных соединений, пластмасс и синтетического каучука в первичных формах",20.1,2019.0,0.046326054435635304,0.03918495297805643,0.013737969937100457,0.014191646658901276
"Производство основных химических веществ, удобрений и азотных соединений, пластмасс и синтетического каучука в первичных формах",20.1,2020.0,0.04541830778512045,0.04075235109717868,0.030631657101764645,0.029532254102582388
"Производство основных химических веществ, удобрений и азотных соединений, пластмасс и синтетического каучука в первичных формах",20.1,2021.0,0.0667152709103046,0.045454545454545456,0.020041933028563958,0.019373855991632397
"Производство основных химических веществ, удобрений и азотных соединений, пластмасс и синтетического каучука в первичных формах",20.1,2022.0,0.06219387869606336,0.03761755485893417,0.011360208451046225,0.010998328063961458
"Производство основных химических веществ, удобрений и азотных соединений, пластмасс и синтетического каучука в первичных формах",20.1,2023.0,0.04904799725874751,0.032915360501567396,0.007264033322281941,0.008193278975602411
"Производство основных химических веществ, удобрений и азотных соединений, пластмасс и синтетического каучука в первичных формах",20.1,2024.0,0.046106105098658846,0.03918495297805643,0.0133681374357346,0.014112407984088873
"Производство красок, лаков и аналогичных материалов для нанесения покрытий, полиграфических красок и мастик",20.3,2018.0,0.0024708536980332144,0.007836990595611285,0.0009619380717344304,0.0008557776879739463
"Производство красок, лаков и аналогичных материалов для нанесения покрытий, полиграфических красок и мастик",20.3,2019.0,0.0026188816995554717,0.0109717868338558,0.0010553301175338897,0.000942940230267589
"Производство красок, лаков и аналогичных материалов для нанесения покрытий, полиграфических красок и мастик",20.3,2020.0,0.003202925447551264,0.009404388714733543,0.0010515944357019113,0.0009191686278238682
"Производство красок, лаков и аналогичных материалов для нанесения покрытий, полиграфических красок и мастик",20.3,2021.0,0.0032078006873507018,0.007836990595611285,0.0009236473329566521,0.0007844628806427842
"Производство красок, лаков и аналогичных материалов для нанесения покрытий, полиграфических красок и мастик",20.3,2022.0,0.0032433829452092207,0.007836990595611285,0.0009199116511246737,0.0007765390131615439
"Производство красок, лаков и аналогичных материалов для нанесения покрытий, полиграфических красок и мастик",20.3,2023.0,0.003819153567513941,0.007836990595611285,0.0008423962531111226,0.0007527674107178231
"Производство мыла и моющих, чистящих и полирующих средств; парфюмерных и косметических средств",20.4,2018.0,0.005888039317260876,0.009404388714733543,0.0012794710274525918,0.001038026640042472
"Производство мыла и моющих, чистящих и полирующих средств; парфюмерных и косметических средств",20.4,2019.0,0.006008571647732614,0.007836990595611285,0.0010833477312737275,0.0010301027725612318
"Производство мыла и моющих, чистящих и полирующих средств; парфюмерных и косметических средств",20.4,2020.0,0.006900708530151605,0.006269592476489028,0.0009339204579945926,0.0008716254229364268
"Производство мыла и моющих, чистящих и полирующих средств; парфюмерных и косметических средств",20.4,2021.0,0.006407249257042613,0.006269592476489028,0.0008685460259349712,0.0007686151456803036
"Производство мыла и моющих, чистящих и полирующих средств; парфюмерных и косметических средств",20.4,2022.0,0.006645557561901954,0.006269592476489028,0.0009787486399783331,0.0008637015554551865
"Производство мыла и моющих, чистящих и полирующих средств; парфюмерных и косметических средств",20.4,2023.0,0.007114952120869406,0.006269592476489028,0.0010114358560081437,0.0008637015554551865
"Производство мыла и моющих, чистящих и полирующих средств; парфюмерных и косметических средств",20.4,2024.0,0.006404036410186564,0.009404388714733543,0.001109497504097576,0.0011172653148548743
Производство прочих химических продуктов,20.5,2018.0,0.0051754404430194275,0.017241379310344827,0.0030445806930623717,0.0027812774859153257
Производство прочих химических продуктов,20.5,2019.0,0.004819344326133218,0.02037617554858934,0.005398060247208745,0.00551501176694321
Производство прочих химических продуктов,20.5,2020.0,0.005039893769443355,0.025078369905956112,0.009633389524214223,0.008573624614701944
Производство прочих химических продуктов,20.5,2021.0,0.005578261883030973,0.02037617554858934,0.010702728448618032,0.009334315892901008
Производство прочих химических продуктов,20.5,2022.0,0.005968304911668839,0.025078369905956112,0.014329141587011034,0.011093414473736341
Производство прочих химических продуктов,20.5,2023.0,0.006592916129611154,0.023510971786833857,0.009879944525124796,0.007004698853416375
Производство прочих химических продуктов,20.5,2024.0,0.00663621775955171,0.023510971786833857,0.013713688005192598,0.013446803115664693
Производство химических волокон,20.6,2021.0,0.0004568259031243271,0.001567398119122257,2.8017613739837777e-05,2.377160244372073e-05
"Производство лекарственных средств и материалов, применяемых в медицинских целях и ветеринарии",21,2022.0,0.014810315131868278,0.054858934169279,0.010504737311523177,0.009944453688956505
"Производство лекарственных средств и материалов, применяемых в медицинских целях и ветеринарии",21,2023.0,0.014012526891164338,0.05956112852664577,0.0111921027686072,0.010348570930499758
"Производство лекарственных средств и материалов, применяемых в медицинских целях и ветеринарии",21,2024.0,0.013575092346812213,0.05799373040752351,0.012029829419428347,0.011552998787648275
Производство фармацевтических субстанций,21.1,2018.0,0.0004570291758430125,0.004702194357366771,0.0004296034106775126,0.00041996497650573293
Производство фармацевтических субстанций,21.1,2020.0,0.0009859991706962284,0.001567398119122257,0.00019892505755284823,0.00016640121710604513
Производство фармацевтических субстанций,21.1,2021.0,0.001068547068152645,0.003134796238244514,0.00033621136487805333,0.0002852592293246488
Производство фармацевтических субстанций,21.1,2022.0,0.0008670486773095966,0.007836990595611285,0.000786361025631447,0.0008161583505677451
Производство фармацевтических субстанций,21.1,2023.0,0.0005456595725703425,0.0109717868338558,0.001090819094937684,0.0015055348214356463
Производство фармацевтических субстанций,21.1,2024.0,0.00048187496758563073,0.006269592476489028,0.00050431704731708,0.0006576810009429402
"Производство лекарственных препаратов и материалов, применяемых в медицинских целях и ветеринарии",21.2,2022.0,0.013943266454558682,0.047021943573667714,0.00971837628589173,0.009128295338388761
"Производство лекарственных препаратов и материалов, применяемых в медицинских целях и ветеринарии",21.2,2023.0,0.013466867318593997,0.048589341692789965,0.010101283673669513,0.008843036109064112
"Производство лекарственных препаратов и материалов, применяемых в медицинских целях и ветеринарии",21.2,2024.0,0.01309320746287955,0.05172413793103448,0.011525512372111267,0.010895317786705334
Производство резиновых и пластмассовых изделий,22,2018.0,0.02234738645979862,0.0109717868338558,0.001877180120569131,0.001561001893804328
Производство резиновых и пластмассовых изделий,22,2019.0,0.022697018190626157,0.0109717868338558,0.002176034667127401,0.0018938043280164183
Производство резиновых и пластмассовых изделий,22,2020.0,0.02702257664669504,0.012539184952978056,0.0021013210304878334,0.0018145656532040158
Производство резиновых и пластмассовых изделий,22,2021.0,0.02873919226447822,0.0109717868338558,0.0019201404616368822,0.0016402405686167304
Производство резиновых и пластмассовых изделий,22,2022.0,0.026988412796258947,0.009404388714733543,0.0017968629611815963,0.0016481644360979706
Производство резиновых и пластмассовых изделий,22,2023.0,0.026734253218935456,0.014106583072100314,0.0023562813155203572,0.00227414996711595
Производство резиновых и пластмассовых изделий,22,2024.0,0.02566757181644488,0.01567398119122257,0.0026056380778049135,0.0023137693045221512
Производство резиновых изделий,22.1,2018.0,0.004565573963364753,0.006269592476489028,0.0016063431877506992,0.0013391336043296013
Производство резиновых изделий,22.1,2019.0,0.004285237892833883,0.007836990595611285,0.0019425545526287526,0.0016798599060229317
Производство резиновых изделий,22.1,2020.0,0.0045891009718522025,0.007836990595611285,0.001886519325149077,0.0016085450986917695
Производство резиновых изделий,22.1,2021.0,0.005010587817594832,0.007836990595611285,0.0017987308020975853,0.0015372302913606072
Производство резиновых изделий,22.1,2022.0,0.004673903251642465,0.006269592476489028,0.0016847925062222452,0.0014421438815857245
Производство резиновых изделий,22.1,2023.0,0.004733735527114028,0.006269592476489028,0.0018118056885095097,0.001727403110910373
Производство изделий из пластмасс,22.2,2024.0,0.021272428653024738,0.009404388714733543,0.0006911011389159986,0.0006735287359054208
Производство прочей неметаллической минеральной продукции,23,2018.0,0.0308673199654262,0.0109717868338558,0.002400175577046103,0.002052281677641223
Производство прочей неметаллической минеральной продукции,23,2019.0,0.03263396826630749,0.014106583072100314,0.011814093793631596,0.01010293103858131
Производство прочей неметаллической минеральной продукции,23,2020.0,0.033591759797027304,0.014106583072100314,0.005024492064010908,0.004373974849644614
Производство прочей неметаллической минеральной продукции,23,2021.0,0.033285602409982906,0.014106583072100314,0.011421847201273868,0.009904834351550304
Производство прочей неметаллической минеральной продукции,23,2022.0,0.034711274449080634,0.0109717868338558,0.010170393787561113,0.009017361193651397
Производство прочей неметаллической минеральной продукции,23,2023.0,0.03470652269259259,0.012539184952978056,0.010669107312130227,0.009350163627863487
Производство прочей неметаллической минеральной продукции,23,2024.0,0.03373709837574197,0.01567398119122257,0.024192275543891927,0.020903162415511763
Производство огнеупорных изделий,23.2,2020.0,0.0013463023060736232,0.004702194357366771,0.0009152420488347007,0.0007844628806427842
Производство огнеупорных изделий,23.2,2021.0,0.0012329853390165841,0.004702194357366771,0.0008965636396748089,0.0008240822180489853
Производство металлургическое,24,2018.0,0.11745593975876892,0.047021943573667714,0.012589247773767109,0.01398562610438903
Производство металлургическое,24,2019.0,0.1320116645533964,0.05329153605015674,0.012178322772249487,0.01393015903202035
Производство металлургическое,24,2020.0,0.1387381583481242,0.0438871473354232,0.011258411121124814,0.01237708100569726
Производство металлургическое,24,2021.0,0.17025450458604302,0.03918495297805643,0.011389159985244058,0.012511786752878345
Производство металлургическое,24,2022.0,0.14155628178782448,0.034482758620689655,0.011666534361268452,0.012297842330884858
Производство металлургическое,24,2023.0,0.1364476904687533,0.034482758620689655,0.013153335730395843,0.01171147613727308
Производство металлургическое,24,2024.0,0.12307736589521369,0.03761755485893417,0.01443000499647445,0.012979294934271518
"Производство чугуна, стали и ферросплавов",24.1,2018.0,0.054628196339423035,0.006269592476489028,0.0021853738717073465,0.001854184990610217
"Производство чугуна, стали и ферросплавов",24.1,2019.0,0.05033007388278641,0.009404388714733543,0.0023814971678862112,0.002044357810159983
"Производство чугуна, стали и ферросплавов",24.1,2020.0,0.04810281094833459,0.007836990595611285,0.0024655500091057244,0.002115672617491145
"Производство чугуна, стали и ферросплавов",24.1,2021.0,0.07396711615667936,0.006269592476489028,0.0026803517144444807,0.002559409196440599
"Производство чугуна, стали и ферросплавов",24.1,2022.0,0.05472561230766737,0.006269592476489028,0.003035241488482426,0.0025831807988843194
"Производство чугуна, стали и ферросплавов",24.1,2023.0,0.051321386701182005,0.006269592476489028,0.0031006159205420472,0.0026148762688092803
"Производство чугуна, стали и ферросплавов",24.1,2024.0,0.04350384739464624,0.007836990595611285,0.003377056376108447,0.0030665367152399744
"Производство стальных труб, полых профилей и фитингов",24.2,2018.0,0.01357321194091346,0.006269592476489028,0.0014288983007317267,0.0012202755921109974
"Производство стальных труб, полых профилей и фитингов",24.2,2019.0,0.013403398615371176,0.006269592476489028,0.0015783255740108614,0.0014738393515106854
"Производство стальных труб, полых профилей и фитингов",24.2,2020.0,0.010804321251189507,0.006269592476489028,0.0015998057445447372,0.0012598949295171988
"Производство стальных труб, полых профилей и фитингов",24.2,2021.0,0.012836617335185407,0.006269592476489028,0.0013588542663821323,0.0009270924953051085
"Производство стальных труб, полых профилей и фитингов",24.2,2022.0,0.01413143914670364,0.004702194357366771,0.0012421142091328082,0.001069722109967433
"Производство основных драгоценных металлов и прочих цветных металлов, производство ядерного топлива",24.4,2018.0,0.04325746295439549,0.034482758620689655,0.008974975601328036,0.010911165521667815
"Производство основных драгоценных металлов и прочих цветных металлов, производство ядерного топлива",24.4,2019.0,0.06219673606666924,0.03605015673981191,0.008171804007452686,0.010372342532943479
"Производство основных драгоценных металлов и прочих цветных металлов, производство ядерного топлива",24.4,2020.0,0.0736600820488668,0.02821316614420063,0.007137020139994677,0.008953970253801475
"Производство основных драгоценных металлов и прочих цветных металлов, производство ядерного топлива",24.4,2021.0,0.07551408395688401,0.025078369905956112,0.007293918776937768,0.008977741856245195
"Производство основных драгоценных металлов и прочих цветных металлов, производство ядерного топлива",24.4,2022.0,0.06615897488624178,0.023510971786833857,0.007389178663653217,0.008644939422033105
"Производство основных драгоценных металлов и прочих цветных металлов, производство ядерного топлива",24.4,2023.0,0.06535668159123667,0.023510971786833857,0.008740561566371392,0.007915943613759004
"Производство основных драгоценных металлов и прочих цветных металлов, производство ядерного топлива",24.4,2024.0,0.062443971058861555,0.025078369905956112,0.009670746342534006,0.008708330361883027
Литье металлов,24.5,2020.0,0.0014979402958868683,0.001567398119122257,5.603522747967555e-05,4.754320488744146e-05
Литье металлов,24.5,2021.0,0.0016010183867265478,0.001567398119122257,5.603522747967555e-05,4.754320488744146e-05
"Производство готовых металлических изделий, кроме машин и оборудования",25,2018.0,0.04716922754692525,0.06739811912225706,0.17510074666940617,0.15141718369901982
"Производство готовых металлических изделий, кроме машин и оборудования",25,2019.0,0.050537011022244324,0.09717868338557993,0.24759165261894645,0.22632150299918385
"Производство готовых металлических изделий, кроме машин и оборудования",25,2020.0,0.05523819731986383,0.09717868338557993,0.24169301100625262,0.21838971165046236
"Производство готовых металлических изделий, кроме машин и оборудования",25,2021.0,0.05507160908786619,0.10188087774294671,0.20895069366942018,0.18867520859581144
"Производство готовых металлических изделий, кроме машин и оборудования",25,2022.0,0.053032245902239115,0.109717868338558,0.22907761345966163,0.21280338507618798
"Производство готовых металлических изделий, кроме машин и оборудования",25,2023.0,0.06155342759706054,0.11128526645768025,0.24721248091300066,0.23378578616651216
"Производство готовых металлических изделий, кроме машин и оборудования",25,2024.0,0.06902312024125444,0.11755485893416928,0.2618684946603098,0.24605193302747205
"Производство готовых металлических изделий, не включенных в другие группировки",25.04.АГ,2018.0,0.02453815718139985,0.050156739811912224,0.16165229207428403,0.1392223516453911
"Производство готовых металлических изделий, не включенных в другие группировки",25.04.АГ,2019.0,0.027687425585056533,0.07523510971786834,0.22981914630330935,0.20961006648124816
"Производство готовых металлических изделий, не включенных в другие группировки",25.04.АГ,2020.0,0.02795956205134594,0.0768025078369906,0.20873122236179145,0.1898875603204412
"Производство готовых металлических изделий, не включенных в другие группировки",25.04.АГ,2024.0,0.03551038913341782,0.10188087774294671,0.24553235800906836,0.23154333166932117
Производство строительных металлических конструкций и изделий,25.1,2020.0,0.013197295535730165,0.001567398119122257,5.603522747967555e-05,4.754320488744146e-05
Производство строительных металлических конструкций и изделий,25.1,2021.0,0.013958135248413573,0.001567398119122257,1.8678409159891853e-05,1.584773496248049e-05
"Производство металлических цистерн, резервуаров и прочих емкостей",25.2,2018.0,0.0012480397297015811,0.006269592476489028,0.0009806164808943223,0.0011410369172985952
"Производство металлических цистерн, резервуаров и прочих емкостей",25.2,2019.0,0.0013973006595727826,0.004702194357366771,0.005024492064010908,0.005134666127843678
"Производство металлических цистерн, резервуаров и прочих емкостей",25.2,2020.0,0.0016019734672953281,0.004702194357366771,0.004962853313783265,0.005087122922956236
"Производство металлических цистерн, резервуаров и прочих емкостей",25.2,2021.0,0.0017004181139965613,0.004702194357366771,0.0025757526231490863,0.0020998248825286644
"Производство паровых котлов, кроме котлов центрального отопления",25.3,2020.0,0.0015607441369639918,0.001567398119122257,0.007191187526558363,0.006584733876910643
"Производство паровых котлов, кроме котлов центрального отопления",25.3,2021.0,0.0017440841283723658,0.001567398119122257,0.012253036408889055,0.010792307509449211
Обработка металлов и нанесение покрытий на металлы; механическая обработка металлов,25.6,2018.0,0.006651571121901951,0.006269592476489028,0.000635065911436323,0.000554670723686817
Обработка металлов и нанесение покрытий на металлы; механическая обработка металлов,25.6,2019.0,0.007584199595619532,0.007836990595611285,0.0006630835251761608,0.0005625945911680574
Обработка металлов и нанесение покрытий на металлы; механическая обработка металлов,25.6,2020.0,0.008773006214130265,0.009404388714733543,0.020546250075881036,0.01660842624067955
Обработка металлов и нанесение покрытий на металлы; механическая обработка металлов,25.6,2021.0,0.009355848483058538,0.006269592476489028,0.0026803517144444807,0.00227414996711595
Обработка металлов и нанесение покрытий на металлы; механическая обработка металлов,25.6,2022.0,0.0087399145273987,0.009404388714733543,0.003773038650298154,0.0035261210291519084
Обработка металлов и нанесение покрытий на металлы; механическая обработка металлов,25.6,2023.0,0.010300784566849581,0.004702194357366771,0.0022404751787290277,0.0026782672086592026
Обработка металлов и нанесение покрытий на металлы; механическая обработка металлов,25.6,2024.0,0.011193979097920134,0.004702194357366771,0.00197057216636859,0.0018779565930539378
"Производство ножевых изделий и столовых приборов, инструментов и универсальных скобяных изделий",25.7,2019.0,0.0008224028369473603,0.006269592476489028,0.00050431704731708,0.00042788884398697316
"Производство ножевых изделий и столовых приборов, инструментов и универсальных скобяных изделий",25.7,2020.0,0.0009219272767426181,0.003134796238244514,0.00020546250075881037,0.00017432508458728536
"Производство ножевых изделий и столовых приборов, инструментов и универсальных скобяных изделий",25.7,2021.0,0.0008399912096343423,0.003134796238244514,0.00023348011449864816,0.00022186828947472683
"Производство компьютеров, электронных и оптических изделий",26,2018.0,0.02613338811530003,0.2304075235109718,0.1710008358588099,0.16705097423950682
"Производство компьютеров, электронных и оптических изделий",26,2019.0,0.02829700540171172,0.22413793103448276,0.1727285887060999,0.1667340195402572
"Производство компьютеров, электронных и оптических изделий",26,2020.0,0.028739537853304034,0.24294670846394983,0.22540730605974288,0.20925349244459235
"Производство компьютеров, электронных и оптических изделий",26,2021.0,0.02690536256765056,0.2445141065830721,0.21821425069226855,0.20206654463910745
"Производство компьютеров, электронных и оптических изделий",26,2022.0,0.026218697134884877,0.274294670846395,0.2569812889036241,0.25250988502468286
"Производство компьютеров, электронных и оптических изделий",26,2023.0,0.031322254540208705,0.28056426332288403,0.2591573235707515,0.2620106021346899
"Производство компьютеров, электронных и оптических изделий",26,2024.0,0.03601560718191255,0.3275862068965517,0.3206485143660314,0.32582150696111756
Производство электрического оборудования,27,2018.0,0.01928544118084027,0.06583072100313479,0.023758936451382436,0.024508522119476073
Производство электрического оборудования,27,2019.0,0.01940066415656455,0.07210031347962383,0.01921074382094877,0.018446763496327286
Производство электрического оборудования,27,2020.0,0.02074358387477774,0.07836990595611286,0.02078906939495963,0.020665446391074555
Производство электрического оборудования,27,2021.0,0.02169572123870479,0.07366771159874608,0.0236095091781033,0.02270980420123454
Производство электрического оборудования,27,2022.0,0.019784481681877797,0.08620689655172414,0.017385863246027335,0.01779700636286559
Производство электрического оборудования,27,2023.0,0.022251274639933958,0.08150470219435736,0.02175100746669406,0.023597277359133445
Производство электрического оборудования,27,2024.0,0.02218723149925492,0.08620689655172414,0.02463868952281334,0.026434021917417453
"Производство электродвигателей, генераторов, трансформаторов и распределительных устройств, а также контрольно-измерительной аппаратуры",27.1,2020.0,0.00817209004543945,0.0438871473354232,0.016949722392143863,0.016687664915491954
"Производство электродвигателей, генераторов, трансформаторов и распределительных устройств, а также контрольно-измерительной аппаратуры",27.1,2021.0,0.0075605401501856835,0.03918495297805643,0.010535556686636999,0.011299435028248588
"Производство электродвигателей, генераторов, трансформаторов и распределительных устройств, а также контрольно-измерительной аппаратуры",27.1,2022.0,0.007240261618468455,0.045454545454545456,0.011134199700211534,0.011901648956822846
"Производство электродвигателей, генераторов, трансформаторов и распределительных устройств, а также контрольно-измерительной аппаратуры",27.1,2023.0,0.008704101404585886,0.04231974921630094,0.01587571386545008,0.015340607443681112
"Производство электродвигателей, генераторов, трансформаторов и распределительных устройств, а также контрольно-измерительной аппаратуры",27.1,2024.0,0.008856468026919853,0.045454545454545456,0.015493740398130292,0.016457872758535986
Производство электрических аккумуляторов и аккумуляторных батарей,27.2,2018.0,0.0007199740395885394,0.0109717868338558,0.002241409099187022,0.0021949112923035476
Производство электрических аккумуляторов и аккумуляторных батарей,27.2,2019.0,0.0007114837851497128,0.012539184952978056,0.0019145369388889149,0.0020602055451224635
Производство электрических аккумуляторов и аккумуляторных батарей,27.2,2020.0,0.0006983625098797454,0.0109717868338558,0.0017090744381301046,0.0019888907377913012
Производство электрических аккумуляторов и аккумуляторных батарей,27.2,2021.0,0.0007704907932987435,0.009404388714733543,0.010357177879160032,0.00912037147090752
Производство электрических аккумуляторов и аккумуляторных батарей,27.2,2022.0,0.0006547674490328475,0.0109717868338558,0.0013168278457723755,0.0019334236654226194
Производство электрических аккумуляторов и аккумуляторных батарей,27.2,2023.0,0.0008469790651913964,0.014106583072100314,0.0022815676788807897,0.002186987424822307
Производство кабелей и кабельной арматуры,27.3,2018.0,0.005128397286510433,0.004702194357366771,0.0034928625128997763,0.0030903083176836953
Производство кабелей и кабельной арматуры,27.3,2020.0,0.005392676646789361,0.006269592476489028,0.00024375323953658868,0.0002852592293246488
Производство кабелей и кабельной арматуры,27.3,2021.0,0.00677320221461322,0.006269592476489028,0.000903101082880771,0.0005625945911680574
Производство кабелей и кабельной арматуры,27.3,2022.0,0.006490200384157862,0.012539184952978056,0.003280862568935004,0.0024247034492595144
Производство кабелей и кабельной арматуры,27.3,2023.0,0.0067428569490256135,0.0109717868338558,0.0018379554613333583,0.004397746452088336
Производство кабелей и кабельной арматуры,27.3,2024.0,0.006628750750237968,0.01567398119122257,0.0036899197295366354,0.0033042527396771816
Производство электрических ламп и осветительного оборудования,27.4,2020.0,0.0011888876309341593,0.003134796238244514,0.0005603522747967555,0.00047543204887441463
Производство электрических ламп и осветительного оборудования,27.4,2021.0,0.0009703382321837896,0.003134796238244514,0.0005790306839566474,0.0004912797838368951
Производство электрических ламп и осветительного оборудования,27.4,2022.0,0.0009766304931829765,0.004702194357366771,0.0006070482976964852,0.000554670723686817
Производство электрических ламп и осветительного оборудования,27.4,2023.0,0.0011564384739084167,0.004702194357366771,0.0007191187526558363,0.0006418332659804597
Производство электрических ламп и осветительного оборудования,27.4,2024.0,0.0012013158609738082,0.004702194357366771,0.0007377971618157281,0.000586366193611778
Производство бытовых приборов,27.5,2021.0,0.002976084997246659,0.001567398119122257,6.537443205962148e-05,5.546707236868171e-05
Производство прочего электрического оборудования,27.9,2018.0,0.0021864187963572587,0.018808777429467086,0.006882993775420148,0.006069682490630027
Производство прочего электрического оборудования,27.9,2019.0,0.002216108638921999,0.01567398119122257,0.00403453637853664,0.0029080593656151694
Производство прочего электрического оборудования,27.9,2020.0,0.0026931681912034625,0.014106583072100314,0.0013261670503523215,0.0012281994595922379
Производство прочего электрического оборудования,27.9,2021.0,0.0026450648511766955,0.014106583072100314,0.00116926841340923,0.0011806562547047963
Производство прочего электрического оборудования,27.9,2022.0,0.0025026994887261873,0.0109717868338558,0.0009815504013523167,0.0009746357001925499
Производство прочего электрического оборудования,27.9,2023.0,0.0030754979628399588,0.009404388714733543,0.001036651708373998,0.0010301027725612318
Производство прочего электрического оборудования,27.9,2024.0,0.0029911570018430686,0.0109717868338558,0.0027363869419241562,0.0037559131861078757
"Производство машин и оборудования, не включенных в другие группировки",28,2018.0,0.024056441420765795,0.06269592476489028,0.040887037651003266,0.04159238040903004
"Производство машин и оборудования, не включенных в другие группировки",28,2019.0,0.024848251756935023,0.07210031347962383,0.05451293713314437,0.05127534647110562
"Производство машин и оборудования, не включенных в другие группировки",28,2020.0,0.028261886991315068,0.0768025078369906,0.03351747131696794,0.030768377429655866
"Производство машин и оборудования, не включенных в другие группировки",28,2021.0,0.027344912607632756,0.08307210031347963,0.046448533978361066,0.04167161908384244
"Производство машин и оборудования, не включенных в другие группировки",28,2022.0,0.026962788253124988,0.08307210031347963,0.04757204028932856,0.04358127114682134
"Производство машин и оборудования, не включенных в другие группировки",28,2023.0,0.03049203063077689,0.09561128526645768,0.05181764269137197,0.048002789201353396
"Производство машин и оборудования, не включенных в другие группировки",28,2024.0,0.030590671212100004,0.09404388714733543,0.05595210855891404,0.0545003605359704
Производство машин и оборудования общего назначения,28.1,2018.0,0.007573851916416197,0.025078369905956112,0.02948386885888929,0.02795540447381558
Производство машин и оборудования общего назначения,28.1,2019.0,0.007682508706515919,0.02821316614420063,0.030184309202385233,0.028113881823440386
Производство машин и оборудования общего назначения,28.1,2020.0,0.008188451449915236,0.03134796238244514,0.008428632133401198,0.008177431240639932
Производство машин и оборудования общего назначения,28.1,2021.0,0.007759974746752995,0.034482758620689655,0.009953724241306368,0.008914350916395274
Производство машин и оборудования общего назначения,28.1,2022.0,0.00791267109588934,0.03605015673981191,0.014332877268843013,0.012559329957765786
Производство машин и оборудования общего назначения,28.1,2023.0,0.009182110550390773,0.034482758620689655,0.013627767323057096,0.01237708100569726
Производство машин и оборудования общего назначения,28.1,2024.0,0.008661046575995665,0.034482758620689655,0.015081881476154677,0.01400147383935151
Производство прочих машин и оборудования общего назначения,28.2,2019.0,0.007254906914388532,0.009404388714733543,0.007051099457859174,0.006014215418261345
Производство прочих машин и оборудования общего назначения,28.2,2020.0,0.008181248205102968,0.007836990595611285,0.0047256375174526384,0.004286812307350972
Производство прочих машин и оборудования общего назначения,28.2,2021.0,0.007796384263467075,0.006269592476489028,0.004006518764796802,0.0032487856673085
Производство прочих машин и оборудования общего назначения,28.2,2022.0,0.007111749839054753,0.006269592476489028,0.004410906323108461,0.0036212074389267916
Производство прочих машин и оборудования общего назначения,28.2,2023.0,0.007812988546138403,0.012539184952978056,0.005230888485227713,0.004025324680470043
Производство машин и оборудования для сельского и лесного хозяйства,28.3,2020.0,0.003131544637712346,0.003134796238244514,9.339204579945927e-05,7.923867481240244e-05
Производство машин и оборудования для сельского и лесного хозяйства,28.3,2021.0,0.003930068322227875,0.001567398119122257,0.00025215852365854,0.00021394442199348658
Производство машин и оборудования для сельского и лесного хозяйства,28.3,2023.0,0.003223798915946034,0.004702194357366771,0.00048563863815718816,0.0005229752537618561
"Производство станков, машин и оборудования для обработки металлов и прочих твердых материалов",28.4,2020.0,0.0006910007584579178,0.001567398119122257,0.00014008806869918888,0.00011885801221860366
"Производство станков, машин и оборудования для обработки металлов и прочих твердых материалов",28.4,2021.0,0.0006085136977905314,0.001567398119122257,4.669602289972963e-05,3.961933740620122e-05
Производство прочих машин специального назначения,28.9,2018.0,0.006729289574489058,0.029780564263322883,0.011132331859295543,0.010610058557380687
Производство прочих машин специального назначения,28.9,2019.0,0.007108523567943912,0.029780564263322883,0.017016030744661476,0.0168936854700042
Производство прочих машин специального назначения,28.9,2020.0,0.0080696419401266,0.032915360501567396,0.02012972155161545,0.018106037194633957
Производство прочих машин специального назначения,28.9,2021.0,0.007249955698843597,0.03918495297805643,0.03218943642569962,0.02925491874073898
Производство прочих машин специального назначения,28.9,2022.0,0.00785136001624422,0.03605015673981191,0.02852006294623887,0.02702831197851047
Производство прочих машин специального назначения,28.9,2023.0,0.009534206483125791,0.04231974921630094,0.032398634608290414,0.031014017321574314
Производство прочих машин специального назначения,28.9,2024.0,0.010357931879803812,0.0438871473354232,0.03400030819375114,0.03246408507064128
"Производство автотранспортных средств, прицепов и полуприцепов",29,2018.0,0.04909655274081483,0.01567398119122257,0.026990301236043727,0.02541184301233746
"Производство автотранспортных средств, прицепов и полуприцепов",29,2019.0,0.05048293914863079,0.01567398119122257,0.03150113704815761,0.025768417048993273
"Производство автотранспортных средств, прицепов и полуприцепов",29,2020.0,0.04597514150450784,0.01567398119122257,0.036743232578881256,0.029500558632657426
"Производство автотранспортных средств, прицепов и полуприцепов",29,2021.0,0.051370811158937296,0.014106583072100314,0.037287708205892105,0.032424465733235076
"Производство автотранспортных средств, прицепов и полуприцепов",29,2022.0,0.02591215515265044,0.025078369905956112,0.06292569261875966,0.058295893059484474
"Производство автотранспортных средств, прицепов и полуприцепов",29,2023.0,0.028866352730886682,0.018808777429467086,0.03796760229931217,0.03448467127835754
"Производство автотранспортных средств, прицепов и полуприцепов",29,2024.0,0.032740664160759166,0.02664576802507837,0.07721093994424494,0.06980134864224531
Производство автотранспортных средств,29.1,2018.0,0.038121363145329344,0.012539184952978056,0.025962988732249673,0.024540217589401035
Производство автотранспортных средств,29.1,2019.0,0.038330644108439504,0.0109717868338558,0.029829419428347288,0.024611532396732198
Производство автотранспортных средств,29.1,2020.0,0.034769939425893355,0.009404388714733543,0.03546376155142867,0.029080593656151694
Производство автотранспортных средств,29.1,2021.0,0.03870598386358165,0.009404388714733543,0.036848765590634644,0.0319173382144357
Производство автотранспортных средств,29.1,2022.0,0.01775873409522244,0.014106583072100314,0.06150800136352387,0.05693298785271115
Производство автотранспортных средств,29.1,2023.0,0.018957329848492317,0.009404388714733543,0.036237047690648186,0.03283650684225957
Производство комплектующих и принадлежностей для автотранспортных средств,29.3,2019.0,0.010607251321196356,0.004702194357366771,0.0016717176198103208,0.0011568846522610756
Производство комплектующих и принадлежностей для автотранспортных средств,29.3,2020.0,0.009514359238892024,0.006269592476489028,0.0012794710274525918,0.00041996497650573293
Производство комплектующих и принадлежностей для автотранспортных средств,29.3,2021.0,0.010707129024656847,0.004702194357366771,0.00043894261525745853,0.0005071275187993757
Производство комплектующих и принадлежностей для автотранспортных средств,29.3,2022.0,0.00633213317619751,0.009404388714733543,0.0011842111407371434,0.0011648085197423158
Производство комплектующих и принадлежностей для автотранспортных средств,29.3,2023.0,0.007364211799743848,0.007836990595611285,0.001497074494165332,0.0014500677490669647
Производство комплектующих и принадлежностей для автотранспортных средств,29.3,2024.0,0.008135103362207817,0.009404388714733543,0.0012234357999729164,0.001133113049817355
Производство прочих транспортных средств и оборудования,30,2018.0,0.041654105859199035,0.054858934169279,0.0965113401291612,0.09118786697411273
Производство прочих транспортных средств и оборудования,30,2019.0,0.042414085694442875,0.05799373040752351,0.1443187283739044,0.13033177233143953
Производство прочих транспортных средств и оборудования,30,2020.0,0.039440812196433465,0.06426332288401254,0.17816587361254443,0.15545835611445233
Производство прочих транспортных средств и оборудования,30,2021.0,0.04007909741236786,0.06896551724137931,0.1749727995666609,0.15632205766990753
Производство прочих транспортных средств и оборудования,30,2022.0,0.03339963324040131,0.08307210031347963,0.14469136263664423,0.15108438126480772
Производство прочих транспортных средств и оборудования,30,2023.0,0.039132664455992616,0.08463949843260188,0.14731661304406704,0.16533941886355893
Производство прочих транспортных средств и оборудования,30,2024.0,0.04099960286468014,0.07836990595611286,0.15707421398919452,0.18030760453562175
"Производство прочих транспортных средств, не включенных в другие группировки",30.01.АГ,2018.0,0.009095851117117968,0.009404388714733543,0.005276650587669449,0.005102970657918717
"Производство прочих транспортных средств, не включенных в другие группировки",30.01.АГ,2019.0,0.007801939934077047,0.009404388714733543,0.00428669490219518,0.004849406898519029
"Производство прочих транспортных средств, не включенных в другие группировки",30.01.АГ,2020.0,0.009556821398408834,0.007836990595611285,0.0031276996138238904,0.004714701151337945
"Производство прочих транспортных средств, не включенных в другие группировки",30.01.АГ,2024.0,0.01033324017569861,0.004702194357366771,0.0037263426273984246,0.004175878162613608
Производство железнодорожных локомотивов и подвижного состава,30.2,2018.0,0.014603174000756523,0.012539184952978056,0.009441935830325331,0.008692482626920548
Производство железнодорожных локомотивов и подвижного состава,30.2,2019.0,0.0187911960971404,0.0109717868338558,0.00433339092509491,0.004128334957726167
Производство железнодорожных локомотивов и подвижного состава,30.2,2020.0,0.014220843161046813,0.012539184952978056,0.004666800528598979,0.003954009873138882
Производство железнодорожных локомотивов и подвижного состава,30.2,2021.0,0.012662794840868342,0.012539184952978056,0.004655593483103044,0.004603767006600582
Производство железнодорожных локомотивов и подвижного состава,30.2,2022.0,0.01126292582675568,0.0109717868338558,0.005239293769349665,0.004833559163556549
Производство железнодорожных локомотивов и подвижного состава,30.2,2023.0,0.012669512033865018,0.009404388714733543,0.005158042689504134,0.00487317850096275
Производство железнодорожных локомотивов и подвижного состава,30.2,2024.0,0.01392575421049421,0.009404388714733543,0.004979663882027168,0.004936569440812672
"Производство летательных аппаратов, включая космические, и соответствующего оборудования",30.3,2018.0,0.017719017681298445,0.032915360501567396,0.08179275371116641,0.07739241368927346
"Производство летательных аппаратов, включая космические, и соответствующего оборудования",30.3,2019.0,0.01560998926345042,0.03761755485893417,0.13569864254661432,0.12135403047519433
"Производство летательных аппаратов, включая космические, и соответствующего оборудования",30.3,2020.0,0.01539615205909526,0.0438871473354232,0.17037137347012155,0.14678964508997552
"Производство летательных аппаратов, включая космические, и соответствующего оборудования",30.3,2021.0,0.0161114413849653,0.048589341692789965,0.16563826458900494,0.1468847314997504
"Производство летательных аппаратов, включая космические, и соответствующего оборудования",30.3,2022.0,0.012985351269057312,0.061128526645768025,0.13546422851165765,0.14068826712942054
"Производство летательных аппаратов, включая космические, и соответствующего оборудования",30.3,2023.0,0.01471329642694731,0.06269592476489028,0.13558843993257094,0.15314458680993018
"Производство летательных аппаратов, включая космические, и соответствующего оборудования",30.3,2024.0,0.016572813970389275,0.06426332288401254,0.14836820747976895,0.17119515693219547
Производство прочих готовых изделий,32,2018.0,0.004609016190578954,0.007836990595611285,0.0013261670503523215,0.0011410369172985952
Производство прочих готовых изделий,32,2019.0,0.004942035139599399,0.0109717868338558,0.0015876647785908074,0.001592697363729289
Производство прочих готовых изделий,32,2020.0,0.00626217345945834,0.018808777429467086,0.002466483929563719,0.0023613125094095926
Производство прочих готовых изделий,32,2021.0,0.00533344638861419,0.017241379310344827,0.002007928984688374,0.0020047384727537817
Производство прочих готовых изделий,32,2022.0,0.005178478679531522,0.01567398119122257,0.0017389598927859313,0.0018779565930539378
Производство прочих готовых изделий,32,2023.0,0.005979261520688811,0.017241379310344827,0.0010730746062357869,0.001917575930460139
Производство прочих готовых изделий,32,2024.0,0.005933446245521302,0.017241379310344827,0.0013532507436341647,0.0020681294126037035
Производство медицинских инструментов и оборудования,32.5,2018.0,0.0007321055126137816,0.006269592476489028,0.0012981494366124838,0.0011172653148548743
Производство медицинских инструментов и оборудования,32.5,2019.0,0.0009044885231391709,0.004702194357366771,0.0005603522747967555,0.0005229752537618561
Производство медицинских инструментов и оборудования,32.5,2020.0,0.002016151238077916,0.0109717868338558,0.001196352106691073,0.0010538743750049524
Производство медицинских инструментов и оборудования,32.5,2021.0,0.0013263194599260311,0.007836990595611285,0.0006817619343360526,0.0006497571334617
Производство медицинских инструментов и оборудования,32.5,2022.0,0.0013323420830540329,0.007836990595611285,0.000494977842737134,0.000681452603386661
Производство медицинских инструментов и оборудования,32.5,2023.0,0.0014932408708543698,0.009404388714733543,0.0008993654010487927,0.0010617982424861927
Производство медицинских инструментов и оборудования,32.5,2024.0,0.0015292792063036755,0.0109717868338558,0.0012533212546287432,0.0013232858693671206
"Производство изделий, не включенных в другие группировки",32.9,2024.0,0.0013180808472544356,0.004702194357366771,5.790306839566474e-05,0.0007131480733116219
Ремонт и монтаж машин и оборудования,33,2018.0,0.020496219957678606,0.007836990595611285,0.0019518937572086986,0.0033280243421209025
Ремонт и монтаж машин и оборудования,33,2019.0,0.02177615723314104,0.007836990595611285,0.005790306839566474,0.005071275187993756
Ремонт и монтаж машин и оборудования,33,2020.0,0.02438617143355988,0.006269592476489028,0.005808985248726366,0.005213904802656081
Ремонт и монтаж машин и оборудования,33,2021.0,0.021200675664088623,0.006269592476489028,0.002409514781626049,0.002044357810159983
Ремонт и монтаж машин и оборудования,33,2022.0,0.018892291437116352,0.0109717868338558,0.008662112247899846,0.00942147843519465
Ремонт и монтаж машин и оборудования,33,2023.0,0.019635818592041804,0.01567398119122257,0.0174092112574772,0.017876245037677988
"Производство, передача и распределение электроэнергии",35.1,2018.0,0.07291974252228736,0.014106583072100314,0.0013448454595122133,0.0012836665319609195
"Производство, передача и распределение электроэнергии",35.1,2021.0,0.06959852990026365,0.001567398119122257,9.339204579945927e-05,0.0001980966870310061
"Производство, передача и распределение пара и горячей воды; кондиционирование воздуха",35.3,2020.0,0.03163855329479057,0.001567398119122257,0.004171822685861845,0.003129927655089896
"Производство, передача и распределение пара и горячей воды; кондиционирование воздуха",35.3,2021.0,0.02842844902762931,0.001567398119122257,0.003525549728929587,0.0030427651127962535
"Сбор, обработка и утилизация отходов; обработка вторичного сырья",38,2018.0,0.012504448423696014,0.006269592476489028,0.0011020261404336193,0.0012440471945547183
"Сбор, обработка и утилизация отходов; обработка вторичного сырья",38,2020.0,0.020123664524785128,0.001567398119122257,0.0012168983567669542,0.0022899977020784303
"Сбор, обработка и утилизация отходов; обработка вторичного сырья",38,2021.0,0.02030544297663122,0.001567398119122257,0.0028484573968835074,0.0042630407049072516
ДОБЫЧА ПОЛЕЗНЫХ ИСКОПАЕМЫХ,B,2018.0,0.35034673512660786,0.007836990595611285,0.0036236113770190194,0.003343872077083383
ДОБЫЧА ПОЛЕЗНЫХ ИСКОПАЕМЫХ,B,2019.0,0.341308949094823,0.009404388714733543,0.0038570914915176673,0.003644979041370512
ДОБЫЧА ПОЛЕЗНЫХ ИСКОПАЕМЫХ,B,2020.0,0.257340235820381,0.009404388714733543,0.0038477522869377217,0.003708369981220434
ДОБЫЧА ПОЛЕЗНЫХ ИСКОПАЕМЫХ,B,2021.0,0.3747084380523751,0.007836990595611285,0.0010459909129539437,0.0009191686278238682
ДОБЫЧА ПОЛЕЗНЫХ ИСКОПАЕМЫХ,B,2022.0,0.3662005874152109,0.0109717868338558,0.0010067662537181707,0.000586366193611778
ДОБЫЧА ПОЛЕЗНЫХ ИСКОПАЕМЫХ,B,2023.0,0.3337456742640351,0.0109717868338558,0.0019574972799566662,0.0018462611231289767
ДОБЫЧА ПОЛЕЗНЫХ ИСКОПАЕМЫХ,B,2024.0,0.3197697256038341,0.007836990595611285,0.0017576383019458231,0.0016164689661730097
ОБРАБАТЫВАЮЩИЕ ПРОИЗВОДСТВА,C,2018.0,0.8588218678840712,0.7272727272727273,0.5818231061260513,0.5509227343681904
ОБРАБАТЫВАЮЩИЕ ПРОИЗВОДСТВА,C,2019.0,0.8835531341812767,0.7962382445141066,0.7371901135180317,0.6850262676207003
ОБРАБАТЫВАЮЩИЕ ПРОИЗВОДСТВА,C,2020.0,0.8809078267741857,0.8307210031347962,0.8162203305144501,0.739867354458364
ОБРАБАТЫВАЮЩИЕ ПРОИЗВОДСТВА,C,2021.0,1.0,0.8401253918495298,0.7879085318303439,0.7177122209808163
ОБРАБАТЫВАЮЩИЕ ПРОИЗВОДСТВА,C,2022.0,0.8961478548285529,0.9106583072100314,0.8369076025794884,0.8095736166908345
ОБРАБАТЫВАЮЩИЕ ПРОИЗВОДСТВА,C,2023.0,0.8861667245841659,0.9278996865203761,0.8454819263043366,0.8425527531477564
ОБРАБАТЫВАЮЩИЕ ПРОИЗВОДСТВА,C,2024.0,0.8659309331159443,1.0,1.0,1.0
"ОБЕСПЕЧЕНИЕ ЭЛЕКТРИЧЕСКОЙ ЭНЕРГИЕЙ, ГАЗОМ И ПАРОМ; КОНДИЦИОНИРОВАНИЕ ВОЗДУХА",D,2018.0,0.10864254014376883,0.014106583072100314,0.0013448454595122133,0.0012836665319609195
"ОБЕСПЕЧЕНИЕ ЭЛЕКТРИЧЕСКОЙ ЭНЕРГИЕЙ, ГАЗОМ И ПАРОМ; КОНДИЦИОНИРОВАНИЕ ВОЗДУХА",D,2020.0,0.1059709323221871,0.003134796238244514,0.004171822685861845,0.003129927655089896
"ОБЕСПЕЧЕНИЕ ЭЛЕКТРИЧЕСКОЙ ЭНЕРГИЕЙ, ГАЗОМ И ПАРОМ; КОНДИЦИОНИРОВАНИЕ ВОЗДУХА",D,2021.0,0.10234094296996223,0.003134796238244514,0.003618941774729046,0.00324086179982726
"ВОДОСНАБЖЕНИЕ; ВОДООТВЕДЕНИЕ, ОРГАНИЗАЦИЯ СБОРА И УТИЛИЗАЦИИ ОТХОДОВ, ДЕЯТЕЛЬНОСТЬ ПО ЛИКВИДАЦИИ ЗАГРЯЗНЕНИЙ",E,2018.0,0.02283002652313936,0.006269592476489028,0.0011020261404336193,0.0012440471945547183
"ВОДОСНАБЖЕНИЕ; ВОДООТВЕДЕНИЕ, ОРГАНИЗАЦИЯ СБОРА И УТИЛИЗАЦИИ ОТХОДОВ, ДЕЯТЕЛЬНОСТЬ ПО ЛИКВИДАЦИИ ЗАГРЯЗНЕНИЙ",E,2020.0,0.03000199016291995,0.001567398119122257,0.0012168983567669542,0.0022899977020784303
"ВОДОСНАБЖЕНИЕ; ВОДООТВЕДЕНИЕ, ОРГАНИЗАЦИЯ СБОРА И УТИЛИЗАЦИИ ОТХОДОВ, ДЕЯТЕЛЬНОСТЬ ПО ЛИКВИДАЦИИ ЗАГРЯЗНЕНИЙ",E,2021.0,0.029638267561200693,0.001567398119122257,0.0028484573968835074,0.0042630407049072516
"ВОДОСНАБЖЕНИЕ; ВОДООТВЕДЕНИЕ, ОРГАНИЗАЦИЯ СБОРА И УТИЛИЗАЦИИ ОТХОДОВ, ДЕЯТЕЛЬНОСТЬ ПО ЛИКВИДАЦИИ ЗАГРЯЗНЕНИЙ",E,2024.0,0.022997208641028846,0.004702194357366771,0.007156632469612563,0.0068303737688290905
