sector,okved2,year,factoriescap_s,ITusage_s,AIusage_s,BDusage_s
Добыча угля,05,2021.0,0.034036943671159024,0.009394286962695942,0.019099590723055934,0.014872521246458924
Добыча угля,05,2023.0,0.027889337020676076,0.009995084384728821,0.004092769440654843,0.005311614730878187
Добыча угля,05,2024.0,0.02005511772429121,0.011087443333879513,0.005457025920873124,0.0028328611898017
Добыча и обогащение угля и антрацита,05.1,2021.0,0.03212503914062743,0.007864984433884975,0.019099590723055934,0.013101983002832862
Добыча и обогащение угля и антрацита,05.1,2023.0,0.025761349057584995,0.008848107488120597,0.002728512960436562,0.0047804532577903685
Добыча и обогащение угля и антрацита,05.1,2024.0,0.018215228779960523,0.009885848489813753,0.005457025920873124,0.002301699716713881
Добыча и обогащение бурого угля (лигнита),05.2,2023.0,0.0021279879630910783,0.0011469768966082255,0.001364256480218281,0.0005311614730878187
Добыча нефти и природного газа,06,2021.0,0.2574144892410116,0.01993555082200011,0.027285129604365622,0.01451841359773371
Добыча нефти и природного газа,06,2023.0,0.23599840088194488,0.020809437981320664,0.030013642564802184,0.010623229461756374
Добыча нефти и природного газа,06,2024.0,0.2334632950438235,0.0224479764050467,0.027285129604365622,0.005842776203966006
Добыча нефти и нефтяного (попутного) газа,06.1,2021.0,0.2135041833629627,0.01583920476268502,0.02455661664392906,0.012039660056657223
Добыча нефти и нефтяного (попутного) газа,06.1,2023.0,0.19134191806469425,0.016166912447430227,0.027285129604365622,0.009029745042492918
Добыча нефти и нефтяного (попутного) газа,06.1,2024.0,0.1893553636207914,0.017969304713528866,0.021828103683492497,0.005311614730878187
Добыча природного газа и газового конденсата,06.2,2021.0,0.043910305878048915,0.004096346059315091,0.002728512960436562,0.002478753541076487
Добыча природного газа и газового конденсата,06.2,2023.0,0.04465648281725062,0.004642525533890436,0.002728512960436562,0.001593484419263456
Добыча природного газа и газового конденсата,06.2,2024.0,0.04410793142303208,0.004478671691517833,0.005457025920873124,0.0005311614730878187
Добыча металлических руд,07,2021.0,0.03601399789513932,0.01791468676607133,0.015006821282401092,0.022131728045325778
Добыча металлических руд,07,2023.0,0.024722992840969456,0.01971707903216997,0.020463847203274217,0.010977337110481586
Добыча металлических руд,07,2024.0,0.024513755257745736,0.021683325140641214,0.02592087312414734,0.0056657223796034
Добыча и обогащение железных руд,07.1,2021.0,0.016474996681382904,0.00120159484406576,0.002728512960436562,0.002124645892351275
Добыча и обогащение железных руд,07.1,2023.0,0.007020279549283181,0.001310830738980829,0.004092769440654843,0.001593484419263456
Добыча и обогащение железных руд,07.1,2024.0,0.007262891226472349,0.0014746845813534328,0.004092769440654843,0.0010623229461756375
Добыча руд цветных металлов,07.2,2021.0,0.01953898533520573,0.016713091922005572,0.01227830832196453,0.020007082152974504
Добыча руд цветных металлов,07.2,2023.0,0.017702713291686274,0.018406248293189143,0.01637107776261937,0.009383852691218131
Добыча руд цветных металлов,07.2,2024.0,0.017250864031273388,0.020208640559287783,0.021828103683492497,0.004603399433427762
Добыча прочих полезных ископаемых,08,2021.0,0.011494562231533403,0.022666448194876836,0.03137789904502047,0.024610481586402267
Добыча прочих полезных ископаемых,08,2023.0,0.011109951642234607,0.02343109945928232,0.017735334242837655,0.012570821529745042
Добыча прочих полезных ископаемых,08,2024.0,0.009056252670537331,0.02534272762029603,0.02592087312414734,0.00796742209631728
"Добыча камня, песка и глины",08.1,2021.0,0.00467928185761259,0.01900704571522202,0.02592087312414734,0.021069405099150142
"Добыча камня, песка и глины",08.1,2023.0,0.005405712337786741,0.019389371347424765,0.01227830832196453,0.009737960339943343
"Добыча камня, песка и глины",08.1,2024.0,0.005045933186318233,0.02064558413894806,0.015006821282401092,0.005842776203966006
"Добыча полезных ископаемых, не включенных в другие группировки",08.9,2021.0,0.0068152803739208135,0.0036594024796548145,0.005457025920873124,0.0035410764872521247
"Добыча полезных ископаемых, не включенных в другие группировки",08.9,2021.0,0.0068152803739208135,0.0036594024796548145,0.005457025920873124,0.00017705382436260624
"Добыча полезных ископаемых, не включенных в другие группировки",08.9,2021.0,0.0068152803739208135,0.0002730897372876727,0.005457025920873124,0.0035410764872521247
"Добыча полезных ископаемых, не включенных в другие группировки",08.9,2021.0,0.0068152803739208135,0.0002730897372876727,0.005457025920873124,0.00017705382436260624
"Добыча полезных ископаемых, не включенных в другие группировки",08.9,2023.0,0.005704239304447864,0.004041728111857557,0.005457025920873124,0.0028328611898017
"Добыча полезных ископаемых, не включенных в другие группировки",08.9,2023.0,0.005704239304447864,0.00021847178983013817,0.005457025920873124,0.0028328611898017
"Добыча полезных ископаемых, не включенных в другие группировки",08.9,2024.0,0.004010319484219098,0.004697143481347971,0.010914051841746248,0.002124645892351275
"Добыча полезных ископаемых, не включенных в другие группировки",08.9,2024.0,0.004010319484219098,0.0002730897372876727,0.010914051841746248,0.002124645892351275
Предоставление услуг в области добычи полезных ископаемых,09,2021.0,0.0357484450135317,0.059151237096509914,0.03274215552523874,0.06604107648725212
Предоставление услуг в области добычи полезных ископаемых,09,2023.0,0.03402499187821016,0.05898738325413731,0.023192360163710776,0.03594192634560907
Предоставление услуг в области добычи полезных ископаемых,09,2024.0,0.032681314823783406,0.06412147031514556,0.017735334242837655,0.02018413597733711
Производство пищевых продуктов,10,2021.0,0.13561001580868504,0.14298978644382543,0.12414733969986358,0.17422096317280453
Производство пищевых продуктов,10,2023.0,0.1271083072329171,0.1566988912556666,0.18144611186903137,0.10428470254957507
Производство пищевых продуктов,10,2024.0,0.12202707599950986,0.16412693210989132,0.17598908594815826,0.06320821529745042
Переработка и консервирование мяса и мясной пищевой продукции,10.1,2021.0,0.03407268628874446,0.024414222513517943,0.027285129604365622,0.03346317280453258
Переработка и консервирование мяса и мясной пищевой продукции,10.1,2023.0,0.03269743691994858,0.026762794254191927,0.040927694406548434,0.019475920679886686
Переработка и консервирование мяса и мясной пищевой продукции,10.1,2024.0,0.030836576785754945,0.027800535255885085,0.036834924965893585,0.0113314447592068
"Переработка и консервирование рыбы, ракообразных и моллюсков",10.2,2021.0,0.009328664404290764,0.007482658801682232,0.0068212824010914054,0.008852691218130312
"Переработка и консервирование рыбы, ракообразных и моллюсков",10.2,2023.0,0.00804404333237194,0.007482658801682232,0.008185538881309686,0.0047804532577903685
"Переработка и консервирование рыбы, ракообразных и моллюсков",10.2,2024.0,0.006798032710390545,0.00791960238134251,0.004092769440654843,0.0035410764872521247
Переработка и консервирование фруктов и овощей,10.3,2021.0,0.004227870540270863,0.0060079742203288005,0.004092769440654843,0.007436260623229462
Переработка и консервирование фруктов и овощей,10.3,2023.0,0.004416302565549718,0.0075372767491397675,0.004092769440654843,0.005311614730878187
Переработка и консервирование фруктов и овощей,10.3,2024.0,0.004351838475939252,0.007701130591512371,0.009549795361527967,0.004072237960339943
Производство растительных и животных масел и жиров,10.4,2021.0,0.016920088335553155,0.0060079742203288005,0.002728512960436562,0.0047804532577903685
Производство растительных и животных масел и жиров,10.4,2023.0,0.015207965663798246,0.008247310066087716,0.004092769440654843,0.00424929178470255
Производство растительных и животных масел и жиров,10.4,2024.0,0.014484113962723791,0.00912119722540827,0.004092769440654843,0.002124645892351275
Производство молочной продукции,10.5,2021.0,0.019221176143303282,0.02594352504232891,0.03274215552523874,0.03594192634560907
Производство молочной продукции,10.5,2023.0,0.01921212704692986,0.028565186520290567,0.05184174624829468,0.02071529745042493
Производство молочной продукции,10.5,2024.0,0.01869443625019503,0.030312960838931674,0.05184174624829468,0.014341359773371105
"Производство продуктов мукомольной и крупяной промышленности, крахмала и крахмалосодержащих продуктов",10.6,2021.0,0.005335113636435811,0.008629635698290459,0.0068212824010914054,0.008144475920679886
"Производство продуктов мукомольной и крупяной промышленности, крахмала и крахмалосодержащих продуктов",10.6,2023.0,0.004709244480290982,0.009448904910153476,0.015006821282401092,0.004957507082152974
"Производство продуктов мукомольной и крупяной промышленности, крахмала и крахмалосодержащих продуктов",10.6,2024.0,0.004455434553363771,0.009558140805068546,0.009549795361527967,0.003718130311614731
Производство хлебобулочных и мучных кондитерских изделий,10.7,2021.0,0.011066714683403929,0.030203724944016602,0.0286493860845839,0.03665014164305949
Производство хлебобулочных и мучных кондитерских изделий,10.7,2023.0,0.010926417329676646,0.029657545469441257,0.023192360163710776,0.01929886685552408
Производство хлебобулочных и мучных кондитерских изделий,10.7,2024.0,0.010831923351500433,0.029712163416898793,0.013642564802182811,0.008144475920679886
Производство прочих пищевых продуктов,10.8,2021.0,0.024842738834044375,0.026762794254191927,0.015006821282401092,0.030807365439093484
Производство прочих пищевых продуктов,10.8,2023.0,0.022917606983240853,0.030586050576219347,0.02592087312414734,0.02160056657223796
Производство прочих пищевых продуктов,10.8,2024.0,0.022769916050749586,0.03282538642197826,0.03274215552523874,0.012570821529745042
Производство готовых кормов для животных,10.9,2023.0,0.008977174794199476,0.00841116390846032,0.008185538881309686,0.003895184135977337
Производство готовых кормов для животных,10.9,2024.0,0.0088048038588925,0.009175815172865804,0.013642564802182811,0.0033640226628895184
Производство напитков,11,2021.0,0.015374343183751032,0.036539406849090614,0.11186903137789904,0.041961756373937675
Производство напитков,11,2023.0,0.015696277447931898,0.03424545305587416,0.054570259208731244,0.026203966005665724
Производство напитков,11,2024.0,0.015397895425209862,0.034190835108416626,0.06275579809004093,0.01929886685552408
Производство текстильных изделий,13,2021.0,0.005279697494555245,0.013763722759298706,0.010914051841746248,0.015403682719546742
Производство текстильных изделий,13,2023.0,0.005647236125597717,0.015456879130482276,0.009549795361527967,0.009383852691218131
Производство текстильных изделий,13,2024.0,0.005404587625706575,0.016876945764378176,0.010914051841746248,0.005311614730878187
Подготовка и прядение текстильных волокон,13.1,2021.0,0.00013854035470141655,0.0007100333169479491,0.002728512960436562,0.0012393767705382436
Производство текстильных тканей,13.2,2021.0,0.0013298603767281422,0.004915615271178109,0.002728512960436562,0.004603399433427762
Производство текстильных тканей,13.2,2023.0,0.0014626419161870505,0.0035501665847397453,0.001364256480218281,0.0026558073654390935
Производство текстильных тканей,13.2,2024.0,0.0013564868593024075,0.003987110164400022,0.004092769440654843,0.00141643059490085
Производство прочих текстильных изделий,13.9,2021.0,0.003679552428116213,0.007755748538969906,0.005457025920873124,0.009383852691218131
Производство прочих текстильных изделий,13.9,2023.0,0.003863132880610542,0.011032825386421979,0.008185538881309686,0.006373937677053824
Производство прочих текстильных изделий,13.9,2024.0,0.003750491359333748,0.012070566388115135,0.0068212824010914054,0.0035410764872521247
Производство одежды,14,2021.0,0.003930290621937425,0.014036812496586379,0.020463847203274217,0.015403682719546742
Производство одежды,14,2023.0,0.005104975116536055,0.015566115025397346,0.008185538881309686,0.010977337110481586
Производство одежды,14,2024.0,0.005777581102900589,0.016658473974548036,0.009549795361527967,0.004426345609065156
"Производство одежды, кроме одежды из меха",14.1,2021.0,0.0035887906324172675,0.012944453547435687,0.019099590723055934,0.01363314447592068
"Производство одежды, кроме одежды из меха",14.1,2023.0,0.004768624276979367,0.014582991971161724,0.008185538881309686,0.010269121813031162
"Производство одежды, кроме одежды из меха",14.1,2024.0,0.005491553989161445,0.015566115025397346,0.005457025920873124,0.003718130311614731
Производство меховых изделий,14.2,2021.0,3.583788888952403e-05,0.00010923589491506909,0.001364256480218281,0.00017705382436260624
Производство меховых изделий,14.2,2024.0,2.88367371638271e-05,5.461794745753454e-05,0.001364256480218281,0.00017705382436260624
Производство вязаных и трикотажных изделий одежды,14.3,2024.0,0.00025719037657531625,0.0010377410016931565,0.002728512960436562,0.0005311614730878187
Производство кожи и изделий из кожи,15,2021.0,0.0014377392500624026,0.004587907586432902,0.002728512960436562,0.0047804532577903685
Производство кожи и изделий из кожи,15,2023.0,0.0016642147581372392,0.0044240537440602985,0.004092769440654843,0.002124645892351275
Производство кожи и изделий из кожи,15,2024.0,0.0013869796264202783,0.004478671691517833,0.0068212824010914054,0.0008852691218130312
"Дубление и отделка кожи, производство чемоданов, сумок, шорно-седельных изделий из кожи; выделка и крашение меха",15.1,2021.0,0.00038052946709678486,0.0011469768966082255,0.001364256480218281,0.00141643059490085
"Дубление и отделка кожи, производство чемоданов, сумок, шорно-седельных изделий из кожи; выделка и крашение меха",15.1,2023.0,0.00035960604510385034,0.0010923589491506909,0.001364256480218281,0.0005311614730878187
"Дубление и отделка кожи, производство чемоданов, сумок, шорно-седельных изделий из кожи; выделка и крашение меха",15.1,2024.0,0.00028948791885268383,0.0010923589491506909,0.004092769440654843,0.00017705382436260624
Производство обуви,15.2,2021.0,0.0010572097829656178,0.0034409306898246766,0.001364256480218281,0.0033640226628895184
Производство обуви,15.2,2023.0,0.0013046087130333891,0.0033316947949096074,0.002728512960436562,0.001593484419263456
Производство обуви,15.2,2024.0,0.0010974917075675945,0.003386312742367142,0.002728512960436562,0.000708215297450425
"Обработка древесины и производство изделий из дерева и пробки, кроме мебели, производство изделий из соломки и материалов для плетения",16,2021.0,0.017767812399369684,0.023758807144027526,0.03956343792633015,0.030453257790368272
"Обработка древесины и производство изделий из дерева и пробки, кроме мебели, производство изделий из соломки и материалов для плетения",16,2023.0,0.010935900034851218,0.025178873777923425,0.030013642564802184,0.015580736543909348
"Обработка древесины и производство изделий из дерева и пробки, кроме мебели, производство изделий из соломки и материалов для плетения",16,2024.0,0.010971416605174282,0.026216614779616582,0.020463847203274217,0.008675637393767706
Распиловка и строгание древесины,16.1,2021.0,0.006967539796411574,0.010049702332186357,0.013642564802182811,0.011154390934844192
Распиловка и строгание древесины,16.1,2023.0,0.004292254997482866,0.010595881806761702,0.008185538881309686,0.0056657223796034
Распиловка и строгание древесины,16.1,2024.0,0.00416217842263961,0.01152438691353979,0.005457025920873124,0.0035410764872521247
"Производство изделий из дерева, пробки, соломки и материалов для плетения",16.2,2021.0,0.010800272602958108,0.01370910481184117,0.02592087312414734,0.01929886685552408
"Производство изделий из дерева, пробки, соломки и материалов для плетения",16.2,2023.0,0.006643656920457544,0.014582991971161724,0.021828103683492497,0.009915014164305949
"Производство изделий из дерева, пробки, соломки и материалов для плетения",16.2,2024.0,0.006809238182534674,0.014692227866076792,0.015006821282401092,0.005134560906515581
Производство бумаги и бумажных изделий,17,2021.0,0.020691005944294235,0.017259271396580917,0.023192360163710776,0.024610481586402267
Производство бумаги и бумажных изделий,17,2023.0,0.016655147680947557,0.018187776503359003,0.023192360163710776,0.014341359773371105
Производство бумаги и бумажных изделий,17,2024.0,0.01637801724932799,0.01933475339996723,0.015006821282401092,0.008144475920679886
"Производство целлюлозы, древесной массы, бумаги и картона",17.1,2021.0,0.009327600541395063,0.004260199901687694,0.0068212824010914054,0.005134560906515581
"Производство целлюлозы, древесной массы, бумаги и картона",17.1,2023.0,0.006832728752578598,0.003987110164400022,0.005457025920873124,0.002478753541076487
"Производство целлюлозы, древесной массы, бумаги и картона",17.1,2024.0,0.0069253387735642765,0.004150964006772626,0.005457025920873124,0.0017705382436260624
Производство изделий из бумаги и картона,17.2,2021.0,0.011363405402899169,0.012999071494893221,0.01637107776261937,0.019475920679886686
Производство изделий из бумаги и картона,17.2,2023.0,0.00982241892836896,0.014200666338958981,0.017735334242837655,0.011862606232294617
Производство изделий из бумаги и картона,17.2,2024.0,0.009452678475763712,0.015183789393194603,0.009549795361527967,0.006373937677053824
Деятельность полиграфическая и копирование носителей информации,18,2021.0,0.004957823393678177,0.01583920476268502,0.01637107776261937,0.016111898016997167
Деятельность полиграфическая и копирование носителей информации,18,2023.0,0.0050315970407804455,0.014582991971161724,0.01637107776261937,0.008144475920679886
Деятельность полиграфическая и копирование носителей информации,18,2024.0,0.004354476224249285,0.014036812496586379,0.005457025920873124,0.005488668555240793
Деятельность полиграфическая и предоставление услуг в этой области,18.1,2021.0,0.004947137129069116,0.015511497077939812,0.01637107776261937,0.015580736543909348
Деятельность полиграфическая и предоставление услуг в этой области,18.1,2023.0,0.00502485932920904,0.014309902233874051,0.01637107776261937,0.00796742209631728
Деятельность полиграфическая и предоставление услуг в этой области,18.1,2024.0,0.0043501427805970865,0.01370910481184117,0.005457025920873124,0.005311614730878187
Производство кокса и нефтепродуктов,19,2021.0,0.1978091093339837,0.009831230542356219,0.01637107776261937,0.011685552407932011
Производство кокса и нефтепродуктов,19,2023.0,0.16889353862434597,0.01021355617455896,0.021828103683492497,0.0060198300283286115
Производство кокса и нефтепродуктов,19,2024.0,0.15619482149407943,0.010432027964389098,0.023192360163710776,0.003895184135977337
Производство кокса,19.1,2021.0,0.0050567626429784095,0.00043694357966027634,0.001364256480218281,0.0005311614730878187
Производство кокса,19.1,2024.0,0.002653455803729543,0.0005461794745753454,0.001364256480218281,0.00017705382436260624
Производство нефтепродуктов,19.2,2021.0,0.1927327208023622,0.009394286962695942,0.015006821282401092,0.011154390934844192
Производство нефтепродуктов,19.2,2023.0,0.16598609130884787,0.00961275875252608,0.021828103683492497,0.0056657223796034
Производство нефтепродуктов,19.2,2024.0,0.15350954413272996,0.009831230542356219,0.021828103683492497,0.003718130311614731
Производство химических веществ и химических продуктов,20,2021.0,0.08357964141151422,0.05161396034737015,0.06002728512960437,0.05931303116147309
Производство химических веществ и химических продуктов,20,2023.0,0.06836209309402698,0.05625648588126058,0.047748976807639835,0.034879603399433426
Производство химических веществ и химических продуктов,20,2024.0,0.06422668234621609,0.06237369599650445,0.06412005457025921,0.02160056657223796
"Производство основных химических веществ, удобрений и азотных соединений, пластмасс и синтетического каучука в первичных формах",20.1,2021.0,0.0667152709103046,0.023321863564367253,0.03274215552523874,0.026912181303116147
"Производство основных химических веществ, удобрений и азотных соединений, пластмасс и синтетического каучука в первичных формах",20.1,2023.0,0.04904799725874751,0.024905784040635752,0.03137789904502047,0.017528328611898018
"Производство основных химических веществ, удобрений и азотных соединений, пластмасс и синтетического каучука в первичных формах",20.1,2024.0,0.046106105098658846,0.026817412201649463,0.027285129604365622,0.008321529745042492
Производство пестицидов и прочих агрохимических продуктов,20.2,2021.0,0.0012142327706610113,0.004697143481347971,0.001364256480218281,0.00141643059490085
Производство пестицидов и прочих агрохимических продуктов,20.2,2024.0,0.0011596077053647792,0.005188705008465782,0.001364256480218281,0.0005311614730878187
"Производство красок, лаков и аналогичных материалов для нанесения покрытий, полиграфических красок и мастик",20.3,2021.0,0.0032078006873507018,0.005680266535583593,0.0068212824010914054,0.006905099150141643
"Производство красок, лаков и аналогичных материалов для нанесения покрытий, полиграфических красок и мастик",20.3,2023.0,0.003819153567513941,0.006062592167786335,0.004092769440654843,0.003186968838526912
"Производство красок, лаков и аналогичных материалов для нанесения покрытий, полиграфических красок и мастик",20.3,2024.0,0.0035279586156289878,0.007264187011852095,0.004092769440654843,0.003186968838526912
"Производство мыла и моющих, чистящих и полирующих средств; парфюмерных и косметических средств",20.4,2021.0,0.006407249257042613,0.006062592167786335,0.008185538881309686,0.009383852691218131
"Производство мыла и моющих, чистящих и полирующих средств; парфюмерных и косметических средств",20.4,2023.0,0.007114952120869406,0.006827243432191818,0.008185538881309686,0.007436260623229462
"Производство мыла и моющих, чистящих и полирующих средств; парфюмерных и косметических средств",20.4,2024.0,0.006404036410186564,0.008138074171172648,0.019099590723055934,0.005488668555240793
Производство прочих химических продуктов,20.5,2021.0,0.005578261883030973,0.011196679228794582,0.009549795361527967,0.014341359773371105
Производство прочих химических продуктов,20.5,2023.0,0.006592916129611154,0.012780599705063084,0.002728512960436562,0.0060198300283286115
Производство прочих химических продуктов,20.5,2024.0,0.00663621775955171,0.014091430444043913,0.010914051841746248,0.003895184135977337
Производство химических волокон,20.6,2021.0,0.0004568259031243271,0.0006554153694904145,0.001364256480218281,0.0003541076487252125
Производство химических волокон,20.6,2023.0,0.0004634880108132502,0.0006554153694904145,0.001364256480218281,0.0003541076487252125
Производство химических волокон,20.6,2024.0,0.00039276667317223655,0.0008738871593205527,0.001364256480218281,0.00017705382436260624
"Производство лекарственных средств и материалов, применяемых в медицинских целях и ветеринарии",21,2023.0,0.014012526891164338,0.01993555082200011,0.02592087312414734,0.015403682719546742
"Производство лекарственных средств и материалов, применяемых в медицинских целях и ветеринарии",21,2024.0,0.013575092346812213,0.021574089245726145,0.03547066848567531,0.009029745042492918
Производство фармацевтических субстанций,21.1,2023.0,0.0005456595725703425,0.0027308973728767272,0.002728512960436562,0.0017705382436260624
"Производство лекарственных препаратов и материалов, применяемых в медицинских целях и ветеринарии",21.2,2023.0,0.013466867318593997,0.01720465344912338,0.023192360163710776,0.01363314447592068
"Производство лекарственных препаратов и материалов, применяемых в медицинских целях и ветеринарии",21.2,2024.0,0.01309320746287955,0.0196078431372549,0.03547066848567531,0.008321529745042492
Производство резиновых и пластмассовых изделий,22,2021.0,0.02873919226447822,0.04440439128297559,0.07639836289222374,0.0568342776203966
Производство резиновых и пластмассовых изделий,22,2023.0,0.026734253218935456,0.04675296302364957,0.04365620736698499,0.037358356940509915
Производство резиновых и пластмассовых изделий,22,2024.0,0.02566757181644488,0.053525588508383855,0.03956343792633015,0.021423512747875354
Производство резиновых изделий,22.1,2021.0,0.005010587817594832,0.005571030640668524,0.008185538881309686,0.008321529745042492
Производство резиновых изделий,22.1,2023.0,0.004733735527114028,0.00540717679829592,0.009549795361527967,0.004957507082152974
Производство резиновых изделий,22.1,2024.0,0.0043951431634201435,0.006226446010158938,0.0068212824010914054,0.002478753541076487
Производство изделий из пластмасс,22.2,2021.0,0.02372862032543407,0.03883336064230706,0.06821282401091405,0.04851274787535411
Производство изделий из пластмасс,22.2,2023.0,0.022000517691821424,0.04134578622535365,0.034106412005457026,0.032400849858356943
Производство изделий из пластмасс,22.2,2024.0,0.021272428653024738,0.047299142498224915,0.03274215552523874,0.018944759206798868
Производство прочей неметаллической минеральной продукции,23,2021.0,0.033285602409982906,0.06652466000327707,0.04365620736698499,0.07188385269121814
Производство прочей неметаллической минеральной продукции,23,2023.0,0.03470652269259259,0.07089409579987985,0.06821282401091405,0.04373229461756374
Производство прочей неметаллической минеральной продукции,23,2024.0,0.03373709837574197,0.0747719700693648,0.05320600272851296,0.021954674220963172
Производство стекла и изделий из стекла,23.1,2021.0,0.005026656910885127,0.009995084384728821,0.0068212824010914054,0.01080028328611898
Производство стекла и изделий из стекла,23.1,2023.0,0.004404407593269335,0.009558140805068546,0.009549795361527967,0.005488668555240793
Производство стекла и изделий из стекла,23.1,2024.0,0.004325381662062673,0.009394286962695942,0.009549795361527967,0.0030099150141643057
Производство огнеупорных изделий,23.2,2021.0,0.0012329853390165841,0.0023485717406739855,0.001364256480218281,0.001593484419263456
Производство огнеупорных изделий,23.2,2023.0,0.00129394958202889,0.00240318968813152,0.002728512960436562,0.000708215297450425
Производство огнеупорных изделий,23.2,2024.0,0.0012109842993282551,0.00240318968813152,0.004092769440654843,0.00017705382436260624
Производство строительных керамических материалов,23.3,2021.0,0.0021267254427098717,0.00791960238134251,0.0068212824010914054,0.007259206798866855
Производство строительных керамических материалов,23.3,2023.0,0.002034741362207795,0.007318804959309629,0.004092769440654843,0.004426345609065156
Производство строительных керамических материалов,23.3,2024.0,0.001808791280043976,0.007428040854224698,0.002728512960436562,0.0028328611898017
"Производство цемента, извести и гипса",23.5,2021.0,0.0046921434836650995,0.005297940903380851,0.004092769440654843,0.004603399433427762
"Производство цемента, извести и гипса",23.5,2023.0,0.005179101826910711,0.006226446010158938,0.010914051841746248,0.004072237960339943
"Производство цемента, извести и гипса",23.5,2024.0,0.004996629108884069,0.006881861379649353,0.008185538881309686,0.0010623229461756375
"Производство изделий из бетона, цемента и гипса",23.6,2021.0,0.012405070084746998,0.028892894205035775,0.015006821282401092,0.03558781869688385
"Производство изделий из бетона, цемента и гипса",23.6,2023.0,0.013699775866741357,0.03206073515757278,0.03274215552523874,0.021954674220963172
"Производство изделий из бетона, цемента и гипса",23.6,2024.0,0.013536755749193451,0.03386312742367142,0.020463847203274217,0.010623229461756374
"Производство абразивных и неметаллических минеральных изделий, не включенных в другие группировки",23.9,2021.0,0.006685981335716387,0.009066579277950735,0.009549795361527967,0.008675637393767706
"Производство абразивных и неметаллических минеральных изделий, не включенных в другие группировки",23.9,2023.0,0.006748620247283342,0.010432027964389098,0.008185538881309686,0.006196883852691218
"Производство абразивных и неметаллических минеральных изделий, не включенных в другие группировки",23.9,2024.0,0.006573179541480717,0.011742858703369927,0.008185538881309686,0.0033640226628895184
Производство металлургическое,24,2021.0,0.17025450458604302,0.031022994155879623,0.04911323328785812,0.03611898016997167
Производство металлургическое,24,2023.0,0.1364476904687533,0.03353541973892621,0.061391541609822645,0.022131728045325778
Производство металлургическое,24,2024.0,0.12307736589521369,0.0358839914796002,0.07639836289222374,0.016288951841359773
"Производство чугуна, стали и ферросплавов",24.1,2021.0,0.07396711615667936,0.007264187011852095,0.015006821282401092,0.009029745042492918
"Производство чугуна, стали и ферросплавов",24.1,2023.0,0.051321386701182005,0.007373422906767164,0.019099590723055934,0.008144475920679886
"Производство чугуна, стали и ферросплавов",24.1,2024.0,0.04350384739464624,0.007264187011852095,0.021828103683492497,0.004426345609065156
"Производство стальных труб, полых профилей и фитингов",24.2,2021.0,0.012836617335185407,0.004860997323720574,0.0068212824010914054,0.006373937677053824
"Производство стальных труб, полых профилей и фитингов",24.2,2023.0,0.013192997762004596,0.005188705008465782,0.013642564802182811,0.004426345609065156
"Производство стальных труб, полых профилей и фитингов",24.2,2024.0,0.010414187316506148,0.0060079742203288005,0.015006821282401092,0.004426345609065156
Производство прочих стальных изделий первичной обработкой,24.3,2021.0,0.006335652872016976,0.005352558850838385,0.005457025920873124,0.005134560906515581
Производство прочих стальных изделий первичной обработкой,24.3,2023.0,0.0047540080772742015,0.005188705008465782,0.004092769440654843,0.0017705382436260624
Производство прочих стальных изделий первичной обработкой,24.3,2024.0,0.004802685193667381,0.006444917799989076,0.01227830832196453,0.0030099150141643057
"Производство основных драгоценных металлов и прочих цветных металлов, производство ядерного топлива",24.4,2021.0,0.07551408395688401,0.009995084384728821,0.020463847203274217,0.012039660056657223
"Производство основных драгоценных металлов и прочих цветных металлов, производство ядерного топлива",24.4,2023.0,0.06535668159123667,0.012179802283030203,0.023192360163710776,0.006196883852691218
"Производство основных драгоценных металлов и прочих цветных металлов, производство ядерного топлива",24.4,2024.0,0.062443971058861555,0.012671363810148014,0.02455661664392906,0.003895184135977337
Литье металлов,24.5,2021.0,0.0016010183867265478,0.0035501665847397453,0.001364256480218281,0.0035410764872521247
Литье металлов,24.5,2023.0,0.0018226163370558277,0.00360478453219728,0.001364256480218281,0.001593484419263456
Литье металлов,24.5,2024.0,0.001912674931532371,0.0034955486372822107,0.002728512960436562,0.0005311614730878187
"Производство готовых металлических изделий, кроме машин и оборудования",25,2021.0,0.05507160908786619,0.0686001420066634,0.07366984993178717,0.07878895184135977
"Производство готовых металлических изделий, кроме машин и оборудования",25,2023.0,0.06155342759706054,0.08045223660494838,0.08458390177353342,0.058958923512747875
"Производство готовых металлических изделий, кроме машин и оборудования",25,2024.0,0.06902312024125444,0.08596864929815938,0.10368349249658936,0.032400849858356943
"Производство готовых металлических изделий, не включенных в другие группировки",25.04.АГ,2021.0,0.025980659290127158,0.021464853350811077,0.02592087312414734,0.021423512747875354
"Производство готовых металлических изделий, не включенных в другие группировки",25.04.АГ,2023.0,0.029885945549669335,0.026161996832159046,0.03547066848567531,0.0169971671388102
"Производство готовых металлических изделий, не включенных в другие группировки",25.04.АГ,2024.0,0.03551038913341782,0.026380468621989187,0.02455661664392906,0.00796742209631728
Производство строительных металлических конструкций и изделий,25.1,2021.0,0.013958135248413573,0.01884319187284942,0.023192360163710776,0.026026912181303118
Производство строительных металлических конструкций и изделий,25.1,2023.0,0.015248605828832123,0.02556119941012617,0.019099590723055934,0.021423512747875354
Производство строительных металлических конструкций и изделий,25.1,2024.0,0.015556388399793581,0.028674422415205635,0.054570259208731244,0.013456090651558074
"Производство металлических цистерн, резервуаров и прочих емкостей",25.2,2021.0,0.0017004181139965613,0.003714020427112349,0.005457025920873124,0.003895184135977337
"Производство металлических цистерн, резервуаров и прочих емкостей",25.2,2023.0,0.0018951982458356282,0.0039324922169424875,0.005457025920873124,0.003895184135977337
"Производство металлических цистерн, резервуаров и прочих емкостей",25.2,2024.0,0.001886188368614702,0.00420558195423016,0.008185538881309686,0.0030099150141643057
"Производство паровых котлов, кроме котлов центрального отопления",25.3,2021.0,0.0017440841283723658,0.002130099950843847,0.001364256480218281,0.0026558073654390935
"Производство паровых котлов, кроме котлов центрального отопления",25.3,2023.0,0.0018290094390406892,0.0020208640559287784,0.002728512960436562,0.0010623229461756375
"Производство паровых котлов, кроме котлов центрального отопления",25.3,2024.0,0.0025304931005550395,0.0019116281610137092,0.001364256480218281,0.0003541076487252125
"Ковка, прессование, штамповка и профилирование; изготовление изделий методом порошковой металлургии",25.5,2021.0,0.0014924726142636385,0.0015839204762685018,0.001364256480218281,0.0012393767705382436
"Ковка, прессование, штамповка и профилирование; изготовление изделий методом порошковой металлургии",25.5,2024.0,0.0013978975245005304,0.0019662461084712438,0.001364256480218281,0.0010623229461756375
Обработка металлов и нанесение покрытий на металлы; механическая обработка металлов,25.6,2021.0,0.009355848483058538,0.018078540608443935,0.013642564802182811,0.020361189801699715
Обработка металлов и нанесение покрытий на металлы; механическая обработка металлов,25.6,2023.0,0.010300784566849581,0.017969304713528866,0.019099590723055934,0.012570821529745042
Обработка металлов и нанесение покрытий на металлы; механическая обработка металлов,25.6,2024.0,0.011193979097920134,0.01993555082200011,0.01227830832196453,0.0056657223796034
"Производство ножевых изделий и столовых приборов, инструментов и универсальных скобяных изделий",25.7,2021.0,0.0008399912096343423,0.002785515320334262,0.002728512960436562,0.003186968838526912
"Производство ножевых изделий и столовых приборов, инструментов и универсальных скобяных изделий",25.7,2023.0,0.0009365062591578364,0.002894751215249331,0.002728512960436562,0.0019475920679886685
"Производство ножевых изделий и столовых приборов, инструментов и универсальных скобяных изделий",25.7,2024.0,0.0009477846164526364,0.002894751215249331,0.001364256480218281,0.0008852691218130312
"Производство компьютеров, электронных и оптических изделий",26,2021.0,0.02690536256765056,0.04757223223551259,0.0723055934515689,0.04798158640226629
"Производство компьютеров, электронных и оптических изделий",26,2023.0,0.031322254540208705,0.05003003987110164,0.06684856753069578,0.028151558073654392
"Производство компьютеров, электронных и оптических изделий",26,2024.0,0.03601560718191255,0.05784040635752909,0.06412005457025921,0.021069405099150142
Производство электрического оборудования,27,2021.0,0.02169572123870479,0.03501010432027964,0.027285129604365622,0.04231586402266289
Производство электрического оборудования,27,2023.0,0.022251274639933958,0.04069037085586324,0.04365620736698499,0.030630311614730878
Производство электрического оборудования,27,2024.0,0.02218723149925492,0.04336665028128243,0.040927694406548434,0.016111898016997167
"Производство электродвигателей, генераторов, трансформаторов и распределительных устройств, а также контрольно-измерительной аппаратуры",27.1,2021.0,0.0075605401501856835,0.015784586815227482,0.009549795361527967,0.019121813031161474
"Производство электродвигателей, генераторов, трансформаторов и распределительных устройств, а также контрольно-измерительной аппаратуры",27.1,2023.0,0.008704101404585886,0.019662461084712438,0.021828103683492497,0.017528328611898018
"Производство электродвигателей, генераторов, трансформаторов и распределительных устройств, а также контрольно-измерительной аппаратуры",27.1,2024.0,0.008856468026919853,0.020864055928778196,0.020463847203274217,0.009383852691218131
Производство электрических аккумуляторов и аккумуляторных батарей,27.2,2021.0,0.0007704907932987435,0.0017477743186411054,0.001364256480218281,0.002124645892351275
Производство электрических аккумуляторов и аккумуляторных батарей,27.2,2024.0,0.0009427768612023846,0.002075482003386313,0.001364256480218281,0.00141643059490085
Производство кабелей и кабельной арматуры,27.3,2021.0,0.00677320221461322,0.006881861379649353,0.005457025920873124,0.010092067988668555
Производство кабелей и кабельной арматуры,27.3,2023.0,0.0067428569490256135,0.0069910972745644215,0.004092769440654843,0.005311614730878187
Производство кабелей и кабельной арматуры,27.3,2024.0,0.006628750750237968,0.007974220328800043,0.005457025920873124,0.002301699716713881
Производство электрических ламп и осветительного оборудования,27.4,2021.0,0.0009703382321837896,0.0031678409525370036,0.002728512960436562,0.0019475920679886685
Производство электрических ламп и осветительного оборудования,27.4,2023.0,0.0011564384739084167,0.00360478453219728,0.002728512960436562,0.0008852691218130312
Производство электрических ламп и осветительного оборудования,27.4,2024.0,0.0012013158609738082,0.0034409306898246766,0.002728512960436562,0.0005311614730878187
Производство бытовых приборов,27.5,2021.0,0.002976084997246659,0.0015839204762685018,0.001364256480218281,0.0026558073654390935
Производство бытовых приборов,27.5,2023.0,0.0017253889012934954,0.0024578076355890547,0.004092769440654843,0.002301699716713881
Производство бытовых приборов,27.5,2024.0,0.0015667629980778384,0.0022393358457589163,0.002728512960436562,0.0005311614730878187
Производство прочего электрического оборудования,27.9,2021.0,0.0026450648511766955,0.005844120377956196,0.0068212824010914054,0.006373937677053824
Производство прочего электрического оборудования,27.9,2023.0,0.0030754979628399588,0.006117210115243869,0.010914051841746248,0.0035410764872521247
Производство прочего электрического оборудования,27.9,2024.0,0.0029911570018430686,0.006772625484734284,0.008185538881309686,0.0019475920679886685
"Производство машин и оборудования, не включенных в другие группировки",28,2021.0,0.027344912607632756,0.057130373040581134,0.0572987721691678,0.07241501416430594
"Производство машин и оборудования, не включенных в другие группировки",28,2023.0,0.03049203063077689,0.0614998088371839,0.06275579809004093,0.036827195467422094
"Производство машин и оборудования, не включенных в другие группировки",28,2024.0,0.030590671212100004,0.06472226773717844,0.03819918144611187,0.023371104815864022
Производство машин и оборудования общего назначения,28.1,2021.0,0.007759974746752995,0.016003058605057623,0.009549795361527967,0.019121813031161474
Производство машин и оборудования общего назначения,28.1,2023.0,0.009182110550390773,0.01753236113386859,0.01637107776261937,0.009029745042492918
Производство машин и оборудования общего назначения,28.1,2024.0,0.008661046575995665,0.016876945764378176,0.004092769440654843,0.004426345609065156
Производство прочих машин и оборудования общего назначения,28.2,2021.0,0.007796384263467075,0.017586979081326122,0.021828103683492497,0.023194050991501416
Производство прочих машин и оборудования общего назначения,28.2,2023.0,0.007812988546138403,0.018897809820306952,0.020463847203274217,0.012393767705382436
Производство прочих машин и оборудования общего назначения,28.2,2024.0,0.008267972496065493,0.02151947129826861,0.009549795361527967,0.008321529745042492
Производство машин и оборудования для сельского и лесного хозяйства,28.3,2021.0,0.003930068322227875,0.004642525533890436,0.004092769440654843,0.006373937677053824
Производство машин и оборудования для сельского и лесного хозяйства,28.3,2023.0,0.003223798915946034,0.004369435796602763,0.005457025920873124,0.002301699716713881
Производство машин и оборудования для сельского и лесного хозяйства,28.3,2024.0,0.0024742079148116136,0.004697143481347971,0.005457025920873124,0.001593484419263456
"Производство станков, машин и оборудования для обработки металлов и прочих твердых материалов",28.4,2023.0,0.0007389380182650794,0.0017477743186411054,0.001364256480218281,0.0010623229461756375
Производство прочих машин специального назначения,28.9,2021.0,0.007249955698843597,0.017368507291495985,0.021828103683492497,0.022131728045325778
Производство прочих машин специального назначения,28.9,2023.0,0.009534206483125791,0.018952427767764488,0.019099590723055934,0.012039660056657223
Производство прочих машин специального назначения,28.9,2024.0,0.010357931879803812,0.019280135452509693,0.019099590723055934,0.008321529745042492
"Производство автотранспортных средств, прицепов и полуприцепов",29,2021.0,0.051370811158937296,0.028674422415205635,0.03274215552523874,0.03151558073654391
"Производство автотранспортных средств, прицепов и полуприцепов",29,2023.0,0.028866352730886682,0.029275219837238516,0.027285129604365622,0.019652974504249292
"Производство автотранспортных средств, прицепов и полуприцепов",29,2024.0,0.032740664160759166,0.03091375826096455,0.03137789904502047,0.012570821529745042
Производство автотранспортных средств,29.1,2021.0,0.03870598386358165,0.009175815172865804,0.0068212824010914054,0.010446175637393768
Производство автотранспортных средств,29.1,2023.0,0.018957329848492317,0.00961275875252608,0.010914051841746248,0.006728045325779037
Производство автотранспортных средств,29.1,2024.0,0.0220060499226661,0.011305915123709652,0.017735334242837655,0.0060198300283286115
Производство кузовов для автотранспортных средств; производство прицепов и полуприцепов,29.2,2021.0,0.00195768239214812,0.00240318968813152,0.0068212824010914054,0.004072237960339943
Производство кузовов для автотранспортных средств; производство прицепов и полуприцепов,29.2,2023.0,0.0025448229657397087,0.0033316947949096074,0.001364256480218281,0.003718130311614731
Производство комплектующих и принадлежностей для автотранспортных средств,29.3,2021.0,0.010707129024656847,0.017095417554208313,0.019099590723055934,0.0169971671388102
Производство комплектующих и принадлежностей для автотранспортных средств,29.3,2023.0,0.007364211799743848,0.016330766289802828,0.015006821282401092,0.009206798866855524
Производство комплектующих и принадлежностей для автотранспортных средств,29.3,2024.0,0.008135103362207817,0.016330766289802828,0.013642564802182811,0.0047804532577903685
Производство прочих транспортных средств и оборудования,30,2021.0,0.04007909741236786,0.03626631711180294,0.02455661664392906,0.03009915014164306
Производство прочих транспортных средств и оборудования,30,2023.0,0.039132664455992616,0.0346277786880769,0.027285129604365622,0.015226628895184136
Производство прочих транспортных средств и оборудования,30,2024.0,0.04099960286468014,0.03440930689824676,0.019099590723055934,0.0084985835694051
"Производство прочих транспортных средств, не включенных в другие группировки",30.01.АГ,2021.0,0.01105920412893129,0.005844120377956196,0.004092769440654843,0.004957507082152974
"Производство прочих транспортных средств, не включенных в другие группировки",30.01.АГ,2023.0,0.011589042149155892,0.007318804959309629,0.008185538881309686,0.002478753541076487
"Производство прочих транспортных средств, не включенных в другие группировки",30.01.АГ,2024.0,0.01033324017569861,0.00781036648642744,0.004092769440654843,0.0017705382436260624
Производство железнодорожных локомотивов и подвижного состава,30.2,2021.0,0.012662794840868342,0.022174886667759026,0.015006821282401092,0.016288951841359773
Производство железнодорожных локомотивов и подвижного состава,30.2,2023.0,0.012669512033865018,0.0180239226609864,0.008185538881309686,0.00796742209631728
Производство железнодорожных локомотивов и подвижного состава,30.2,2024.0,0.01392575421049421,0.016658473974548036,0.002728512960436562,0.004426345609065156
"Производство летательных аппаратов, включая космические, и соответствующего оборудования",30.3,2021.0,0.0161114413849653,0.007482658801682232,0.005457025920873124,0.008144475920679886
"Производство летательных аппаратов, включая космические, и соответствующего оборудования",30.3,2023.0,0.01471329642694731,0.008629635698290459,0.009549795361527967,0.004426345609065156
"Производство летательных аппаратов, включая космические, и соответствующего оборудования",30.3,2024.0,0.016572813970389275,0.009175815172865804,0.010914051841746248,0.002124645892351275
"Производство транспортных средств и оборудования, не включенных в другие группировки",30.9,2023.0,0.00016081384602440046,0.0006554153694904145,0.001364256480218281,0.0003541076487252125
"Производство транспортных средств и оборудования, не включенных в другие группировки",30.9,2024.0,0.00016779450809804622,0.0007646512644054836,0.001364256480218281,0.00017705382436260624
Производство мебели,31,2021.0,0.006376873589587735,0.01141515101862472,0.010914051841746248,0.015403682719546742
Производство мебели,31,2023.0,0.006224587897040968,0.012015948440657601,0.01227830832196453,0.0084985835694051
Производство мебели,31,2024.0,0.0063100790220754,0.013436015074553498,0.009549795361527967,0.005311614730878187
Производство прочих готовых изделий,32,2021.0,0.00533344638861419,0.017477743186411054,0.008185538881309686,0.021246458923512748
Производство прочих готовых изделий,32,2023.0,0.005979261520688811,0.019116281610137092,0.027285129604365622,0.012570821529745042
Производство прочих готовых изделий,32,2024.0,0.005933446245521302,0.02315800972199465,0.019099590723055934,0.014341359773371105
"Производство ювелирных изделий, бижутерии и подобных товаров",32.1,2021.0,0.002362013806717389,0.0034955486372822107,0.001364256480218281,0.005842776203966006
"Производство ювелирных изделий, бижутерии и подобных товаров",32.1,2023.0,0.0026219798638581183,0.004369435796602763,0.008185538881309686,0.00424929178470255
"Производство ювелирных изделий, бижутерии и подобных товаров",32.1,2024.0,0.0024643609822106232,0.008138074171172648,0.009549795361527967,0.009915014164305949
Производство спортивных товаров,32.3,2021.0,0.00020908875538203474,0.00043694357966027634,0.001364256480218281,0.00017705382436260624
Производство спортивных товаров,32.3,2024.0,0.0002918876748339927,0.0006554153694904145,0.001364256480218281,0.0005311614730878187
Производство игр и игрушек,32.4,2021.0,0.00031691999306424903,0.0009831230542356219,0.001364256480218281,0.00141643059490085
Производство медицинских инструментов и оборудования,32.5,2021.0,0.0013263194599260311,0.008848107488120597,0.002728512960436562,0.009560906515580737
Производство медицинских инструментов и оборудования,32.5,2023.0,0.0014932408708543698,0.008902725435578131,0.01227830832196453,0.005134560906515581
Производство медицинских инструментов и оборудования,32.5,2024.0,0.0015292792063036755,0.009394286962695942,0.002728512960436562,0.0019475920679886685
"Производство изделий, не включенных в другие группировки",32.9,2021.0,0.0011019237816864418,0.003714020427112349,0.001364256480218281,0.00424929178470255
"Производство изделий, не включенных в другие группировки",32.9,2023.0,0.0013150420653432555,0.004369435796602763,0.0068212824010914054,0.0026558073654390935
"Производство изделий, не включенных в другие группировки",32.9,2024.0,0.0013180808472544356,0.004150964006772626,0.005457025920873124,0.0019475920679886685
Ремонт и монтаж машин и оборудования,33,2021.0,0.021200675664088623,0.08842645693374843,0.07639836289222374,0.07896600566572239
Ремонт и монтаж машин и оборудования,33,2023.0,0.019635818592041804,0.08198153913375936,0.03137789904502047,0.03842067988668555
Ремонт и монтаж машин и оборудования,33,2024.0,0.02036329795729583,0.090119613304932,0.045020463847203276,0.01646600566572238
"Обеспечение электрической энергией, газом и паром; кондиционирование воздуха",35,2021.0,0.10234094296996223,0.2731989731825878,0.2946793997271487,0.2563739376770538
"Обеспечение электрической энергией, газом и паром; кондиционирование воздуха",35,2023.0,0.08919660642514109,0.24572614561144793,0.3178717598908595,0.14111189801699717
"Обеспечение электрической энергией, газом и паром; кондиционирование воздуха",35,2024.0,0.08104686950962078,0.23900813807417118,0.330150068212824,0.07046742209631728
"Производство, передача и распределение электроэнергии",35.1,2021.0,0.06959852990026365,0.1199956305642034,0.18144611186903137,0.12092776203966006
"Производство, передача и распределение электроэнергии",35.1,2023.0,0.060762964504062454,0.10077011305915123,0.22100954979536153,0.06232294617563739
"Производство, передача и распределение электроэнергии",35.1,2024.0,0.05550717890447739,0.10290021300999508,0.20463847203274216,0.03523371104815864
Производство и распределение газообразного топлива,35.2,2021.0,0.004313948163518585,0.01851548418810421,0.010914051841746248,0.010623229461756374
Производство и распределение газообразного топлива,35.2,2023.0,0.004370528905985246,0.01851548418810421,0.01227830832196453,0.0060198300283286115
Производство и распределение газообразного топлива,35.2,2024.0,0.004074022097541115,0.017750832923698726,0.05184174624829468,0.003186968838526912
"Производство, передача и распределение пара и горячей воды; кондиционирование воздуха",35.3,2021.0,0.02842844902762931,0.1346878584302802,0.10231923601637108,0.1248229461756374
"Производство, передача и распределение пара и горячей воды; кондиционирование воздуха",35.3,2023.0,0.02406311301509337,0.12644054836419247,0.08458390177353342,0.07276912181303116
"Производство, передача и распределение пара и горячей воды; кондиционирование воздуха",35.3,2024.0,0.02146567842394931,0.11835709214047736,0.07366984993178717,0.032046742209631725
"Забор, очистка и распределение воды",36,2021.0,0.005198034108397149,0.08755256977442788,0.08594815825375171,0.0821529745042493
"Забор, очистка и распределение воды",36,2023.0,0.00466695256585953,0.08908187230323884,0.10368349249658936,0.04514872521246459
"Забор, очистка и распределение воды",36,2024.0,0.004289613398324735,0.08296466218799498,0.08867667121418826,0.028859773371104815
Сбор и обработка сточных вод,37,2021.0,0.004032548488330218,0.016658473974548036,0.019099590723055934,0.018059490084985835
Сбор и обработка сточных вод,37,2023.0,0.0037450268571392856,0.016549238079632968,0.017735334242837655,0.007613314447592068
Сбор и обработка сточных вод,37,2024.0,0.003438394169252204,0.018078540608443935,0.015006821282401092,0.004603399433427762
"Сбор, обработка и утилизация отходов; обработка вторичного сырья",38,2021.0,0.02030544297663122,0.05030312960838932,0.04365620736698499,0.056657223796033995
"Сбор, обработка и утилизация отходов; обработка вторичного сырья",38,2023.0,0.016194404663737474,0.052924791086350974,0.04911323328785812,0.0313385269121813
"Сбор, обработка и утилизация отходов; обработка вторичного сырья",38,2024.0,0.015178516079860708,0.05287017313889344,0.04638472032742155,0.018590651558073653
"Предоставление услуг в области ликвидации последствий загрязнений и прочих услуг, связанных с удалением отходов",39,2021.0,0.0001022419878421113,0.0030586050576219344,0.001364256480218281,0.002124645892351275
"Предоставление услуг в области ликвидации последствий загрязнений и прочих услуг, связанных с удалением отходов",39,2023.0,9.249796626423802e-05,0.003714020427112349,0.001364256480218281,0.0005311614730878187
ДОБЫЧА ПОЛЕЗНЫХ ИСКОПАЕМЫХ,B,2021.0,0.3747084380523751,0.12906220984215414,0.12551159618008187,0.1421742209631728
ДОБЫЧА ПОЛЕЗНЫХ ИСКОПАЕМЫХ,B,2023.0,0.3337456742640351,0.13294008411163907,0.09549795361527967,0.07542492917847025
ДОБЫЧА ПОЛЕЗНЫХ ИСКОПАЕМЫХ,B,2024.0,0.3197697256038341,0.144682942815009,0.10231923601637108,0.042492917847025496
ОБРАБАТЫВАЮЩИЕ ПРОИЗВОДСТВА,C,2021.0,1.0,0.879840515593424,1.0,1.0
ОБРАБАТЫВАЮЩИЕ ПРОИЗВОДСТВА,C,2023.0,0.8861667245841659,0.9328199246272325,0.9795361527967258,0.6007436260623229
ОБРАБАТЫВАЮЩИЕ ПРОИЗВОДСТВА,C,2024.0,0.8659309331159443,1.0,0.9699863574351978,0.36083569405099153
"ОБЕСПЕЧЕНИЕ ЭЛЕКТРИЧЕСКОЙ ЭНЕРГИЕЙ, ГАЗОМ И ПАРОМ; КОНДИЦИОНИРОВАНИЕ ВОЗДУХА",D,2021.0,0.10234094296996223,0.2731989731825878,0.2946793997271487,0.2563739376770538
"ОБЕСПЕЧЕНИЕ ЭЛЕКТРИЧЕСКОЙ ЭНЕРГИЕЙ, ГАЗОМ И ПАРОМ; КОНДИЦИОНИРОВАНИЕ ВОЗДУХА",D,2023.0,0.08919660642514109,0.24572614561144793,0.3178717598908595,0.14111189801699717
"ОБЕСПЕЧЕНИЕ ЭЛЕКТРИЧЕСКОЙ ЭНЕРГИЕЙ, ГАЗОМ И ПАРОМ; КОНДИЦИОНИРОВАНИЕ ВОЗДУХА",D,2024.0,0.08104686950962078,0.23900813807417118,0.330150068212824,0.07046742209631728
"ВОДОСНАБЖЕНИЕ; ВОДООТВЕДЕНИЕ, ОРГАНИЗАЦИЯ СБОРА И УТИЛИЗАЦИИ ОТХОДОВ, ДЕЯТЕЛЬНОСТЬ ПО ЛИКВИДАЦИИ ЗАГРЯЗНЕНИЙ",E,2021.0,0.029638267561200693,0.15757277841498715,0.15006821282401092,0.15899433427762039
"ВОДОСНАБЖЕНИЕ; ВОДООТВЕДЕНИЕ, ОРГАНИЗАЦИЯ СБОРА И УТИЛИЗАЦИИ ОТХОДОВ, ДЕЯТЕЛЬНОСТЬ ПО ЛИКВИДАЦИИ ЗАГРЯЗНЕНИЙ",E,2023.0,0.024698882053000526,0.16226992189633513,0.17189631650750342,0.08463172804532577
"ВОДОСНАБЖЕНИЕ; ВОДООТВЕДЕНИЕ, ОРГАНИЗАЦИЯ СБОРА И УТИЛИЗАЦИИ ОТХОДОВ, ДЕЯТЕЛЬНОСТЬ ПО ЛИКВИДАЦИИ ЗАГРЯЗНЕНИЙ",E,2024.0,0.022997208641028846,0.1571358348353269,0.15006821282401092,0.05223087818696884
