sector,okved2,year,factoriescap_s,ITcosts_s,skvozcosts_s,trainingcosts_s
Добыча угля,05,2021.0,0.024547550334657026,0.008836150888533649,0.0012502868633092476,0.0001742200085221447
Добыча угля,05,2022.0,0.03212305276394929,0.00802116407953892,0.006266612234230467,0.00030879471347590454
Добыча и обогащение угля и антрацита,05.1,2022.0,0.0303406018129284,0.007215151211213325,0.006258874106455059,0.00030879471347590454
Добыча нефти и природного газа,06,2021.0,0.18564813552481316,0.12627179367674843,0.13157699754198104,0.005125415604969966
Добыча нефти и природного газа,06,2022.0,0.2221243079804526,0.11446594537354955,0.005227473794562126,0.004195654239882377
Добыча нефти и природного газа,06,2023.0,0.22743021727430074,0.11819365720220006,0.0003756794022707511,0.008065840149820343
Добыча нефти и природного газа,06,2024.0,0.2696096029318816,0.12357185319568852,0.0026114147042804,0.0034171471169599206
Добыча нефти и нефтяного (попутного) газа,06.1,2021.0,0.15397988545614041,0.10429158723178876,0.13157699754198104,0.002024874854427687
Добыча нефти и нефтяного (попутного) газа,06.1,2022.0,0.17707610960205583,0.08213780426551091,0.005227473794562126,0.002852591399196519
Добыча нефти и нефтяного (попутного) газа,06.1,2023.0,0.18439503757868106,0.08946725151602612,0.0003724808807970938,0.006708259138175445
Добыча нефти и нефтяного (попутного) газа,06.1,2024.0,0.21867259429042427,0.09888799734288632,0.0026020931354260456,0.0020561690029879784
Добыча металлических руд,07,2021.0,0.02597340803052958,0.021832831560967148,0.03451489096517095,0.0021197682933575567
Добыча металлических руд,07,2022.0,0.019577964856938242,0.02215023615582131,0.024076171246921095,0.0009932669673118788
Добыча металлических руд,07,2023.0,0.023825397174218037,0.02047048533096006,0.07687054798652829,0.0005388584760155686
Добыча металлических руд,07,2024.0,0.028309134505145866,0.01664081187011266,0.045775821054397134,0.0008370725144542686
Добыча руд цветных металлов,07.2,2021.0,0.014091577394197793,0.01474871630269123,0.03451489096517095,0.0011599943968820612
Добыча руд цветных металлов,07.2,2022.0,0.01276219993772358,0.016464782637027442,0.024076171246921095,0.0008361715022657509
Добыча руд цветных металлов,07.2,2023.0,0.017059996657718377,0.015626500706726647,0.04994421925420826,0.00044808088839712253
Добыча руд цветных металлов,07.2,2024.0,0.019921755155689273,0.011447171654217417,0.02290973348423159,0.0007382899209459629
Добыча прочих полезных ископаемых,08,2021.0,0.008289914267258463,0.03685991515246522,3.0244831076092683e-05,0.9922716462630453
Добыча прочих полезных ископаемых,08,2024.0,0.010458400692477327,0.016404050805747653,6.299719141014664e-05,7.910062770740556e-05
"Добыча камня, песка и глины",08.1,2021.0,0.00337471272507709,0.0011884084821688005,3.0244831076092683e-05,3.6529616697119554e-05
Предоставление услуг в области добычи полезных ископаемых,09,2021.0,0.025781890460951206,0.0442651964511333,0.000590624637427187,0.0003089498301050504
Предоставление услуг в области добычи полезных ископаемых,09,2022.0,0.02936842454960705,0.03384213078439761,0.009865219344126394,0.0008536814687068474
Предоставление услуг в области добычи полезных ископаемых,09,2023.0,0.0327896768228046,0.03285682826610021,0.0037777720806380552,0.00044312256134976133
Предоставление услуг в области добычи полезных ископаемых,09,2024.0,0.037741248838615536,0.030015358775550536,0.018926039493049097,0.00014635479948389054
Производство пищевых продуктов,10,2021.0,0.09780236795373749,0.0709468735163477,0.010568322449846493,0.003961971188733177
Производство пищевых продуктов,10,2022.0,0.11251859907119476,0.04568354219446475,0.009198349334853237,0.0026774715620131555
Производство пищевых продуктов,10,2023.0,0.12249349920727598,0.041599303269644824,0.011912085438775054,0.0026727437587476892
Производство пищевых продуктов,10,2024.0,0.14092010266963284,0.03776395027421804,0.005117309793852299,0.0015615701487594487
Переработка и консервирование мяса и мясной пищевой продукции,10.1,2021.0,0.02457332802235859,0.004895877109188565,0.00250566541231155,0.00039005512939924327
Переработка и консервирование мяса и мясной пищевой продукции,10.1,2022.0,0.027699299230525144,0.006598327226294546,0.0024819123633928876,0.00017883162730451696
Переработка и консервирование мяса и мясной пищевой продукции,10.1,2023.0,0.0315103202192315,0.006302072027088869,0.0025719458040563224,0.00019163263993855604
Переработка и консервирование мяса и мясной пищевой продукции,10.1,2024.0,0.0356108964427375,0.0059906673782634265,0.0017694639139380465,0.00021247576716880852
"Переработка и консервирование рыбы, ракообразных и моллюсков",10.2,2022.0,0.006433096233192727,0.0010657643443615947,0.00023354406590726925,0.0003340409381314717
Производство молочной продукции,10.5,2021.0,0.013862372410036643,0.03658924928042755,0.005131928545074673,0.0006254085258645086
Производство молочной продукции,10.5,2022.0,0.01692308060522621,0.011634459277272044,0.004165434181501331,0.000335311822792519
Производство молочной продукции,10.5,2023.0,0.018514609473012793,0.013430100303832912,0.0022455579023528275,0.0007100860367177769
Производство молочной продукции,10.5,2024.0,0.02158883062754836,0.011472454525515489,0.00163047108338732,0.0006409163772620397
Производство хлебобулочных и мучных кондитерских изделий,10.7,2021.0,0.007981349276090727,0.012335079752045685,0.0017419452672549302,0.0009026157903494148
Производство хлебобулочных и мучных кондитерских изделий,10.7,2022.0,0.009767121208645807,0.013360298108369167,0.00142171516170719,7.700955862774884e-05
Производство хлебобулочных и мучных кондитерских изделий,10.7,2023.0,0.01052972163383909,0.008071228844034177,0.0018322958727666017,0.0010164838464768778
Производство хлебобулочных и мучных кондитерских изделий,10.7,2024.0,0.012508992273232588,0.007171932930104105,0.0015345522079663586,0.0002280722340080067
Производство прочих пищевых продуктов,10.8,2021.0,0.017916661021952364,0.010734019753035305,0.0006793747906209125,0.00020624908093991323
Производство прочих пищевых продуктов,10.8,2022.0,0.020341802061461498,0.007200751778199721,0.0005774669972965872,0.0016598157128726065
Производство прочих пищевых продуктов,10.8,2023.0,0.022085557851778893,0.007493896090303695,0.001714228001022156,0.0003302692509672979
Производство прочих пищевых продуктов,10.8,2024.0,0.02629530275447591,0.006754564371847635,8.681519568518911e-05,0.00037155674681259933
Производство готовых кормов для животных,10.9,2021.0,0.007641131895404061,0.001156695647783394,0.00023550409201283421,0.0015715733494528423
Производство готовых кормов для животных,10.9,2022.0,0.008940677776372913,0.0015206565731863192,0.00018930776879119528,2.4005599153116208e-05
Производство напитков,11,2021.0,0.011088024436377615,0.0104423841769509,0.0003258678843555365,0.0004363021016491259
Производство напитков,11,2022.0,0.013673133720890351,0.008194443665027997,4.14542559396778e-06,0.00021929820873405572
Производство напитков,11,2023.0,0.015126406691910631,0.008415471443400288,1.7134936466021836e-05,0.00016341037842033232
Производство текстильных изделий,13,2021.0,0.003807734362153563,0.0031112942526102,0.0008846667604593226,0.00016395351494060133
Производство текстильных изделий,13,2022.0,0.004413756233840204,0.0018362830896706856,0.00040545025926067534,3.482829154441608e-05
Производство текстильных изделий,13,2023.0,0.005442206956675311,0.0019155500471124247,5.8013999177816794e-05,9.987232083324559e-05
Производство прочих текстильных изделий,13.9,2021.0,0.0026537047306843726,0.0023159654644919108,0.0008812868406202494,0.00014312208319665565
Производство прочих текстильных изделий,13.9,2022.0,0.002932827502802479,0.001098643811033139,0.00040526601812316567,3.256894103588749e-05
Производство одежды,14,2023.0,0.004919633334780442,0.0021648522208633177,8.094217606806506e-05,1.96546297372878e-06
"Производство одежды, кроме одежды из меха",14.1,2023.0,0.00459549408538342,0.0020228625049638826,8.094217606806506e-05,1.96546297372878e-06
"Обработка древесины и производство изделий из дерева и пробки, кроме мебели, производство изделий из соломки и материалов для плетения",16,2021.0,0.012814201927884749,0.006650930095543852,0.00013289626747890908,0.0002927383204727992
"Обработка древесины и производство изделий из дерева и пробки, кроме мебели, производство изделий из соломки и материалов для плетения",16,2022.0,0.01097798543099143,0.006705893053919714,0.000752984316945183,0.0002001441613425567
"Обработка древесины и производство изделий из дерева и пробки, кроме мебели, производство изделий из соломки и материалов для плетения",16,2023.0,0.010538860058888332,0.0073996190039067496,0.0006702044816410007,0.0001481155029156793
"Обработка древесины и производство изделий из дерева и пробки, кроме мебели, производство изделий из соломки и материалов для плетения",16,2024.0,0.012670082780961536,0.005419461403312689,0.000584896102694725,0.00019982413990966933
Распиловка и строгание древесины,16.1,2022.0,0.004352512753685628,0.0008692362024122883,4.09936530959036e-05,2.9694320969232825e-05
Распиловка и строгание древесины,16.1,2023.0,0.004136419920754281,0.0022355245234491907,5.368130809997984e-05,1.3222205459629973e-05
"Производство изделий из дерева, пробки, соломки и материалов для плетения",16.2,2021.0,0.0077891904135264445,0.005724366219018838,0.00013093373337880212,0.0002397703762619759
"Производство изделий из дерева, пробки, соломки и материалов для плетения",16.2,2022.0,0.006625472677305801,0.005836656851507427,0.0007119906638492795,0.0001704498403733239
"Производство изделий из дерева, пробки, соломки и материалов для плетения",16.2,2024.0,0.007863488786608511,0.00437710388765548,2.1720821508686532e-05,0.00019982413990966933
Производство бумаги и бумажных изделий,17,2021.0,0.014922418264088367,0.012228430561142246,0.0030386787709333757,0.0013172388776449561
Производство бумаги и бумажных изделий,17,2024.0,0.01891376855010103,0.010021050645819872,0.0006640170888799719,0.00034212326159216227
"Производство целлюлозы, древесной массы, бумаги и картона",17.1,2021.0,0.006727094712251894,0.005478294561669997,0.0021609790065294327,0.0012070889517415827
Производство изделий из бумаги и картона,17.2,2024.0,0.010916203722795106,0.005855149288518836,0.0006316741728403916,0.00012791041183562275
Деятельность полиграфическая и копирование носителей информации,18,2021.0,0.003575597752913958,0.008798536713964142,0.0008689664876584669,0.0003137249433987915
Деятельность полиграфическая и копирование носителей информации,18,2022.0,0.004338644792865286,0.0026421478828145255,5.527234125290373e-06,0.00021273197131864457
Деятельность полиграфическая и копирование носителей информации,18,2023.0,0.004848919331423204,0.006826714661894498,0.00027130316071201247,0.00031760094870935513
Деятельность полиграфическая и предоставление услуг в этой области,18.1,2021.0,0.003567890785422554,0.008793786115808193,0.0008679852206084134,0.00031229240941066914
Деятельность полиграфическая и предоставление услуг в этой области,18.1,2022.0,0.004317310349423256,0.002550656494580985,5.527234125290373e-06,0.00020244385739588044
Деятельность полиграфическая и предоставление услуг в этой области,18.1,2023.0,0.004842426239940847,0.006620597338424321,0.00027130316071201247,0.00031760094870935513
Производство кокса и нефтепродуктов,19,2021.0,0.14266054893007651,0.13302225553166852,0.006079069307720734,0.001438849075453308
Производство кокса и нефтепродуктов,19,2022.0,0.1574432912915012,0.11193306417515132,0.7434157534686179,0.001052494227071164
Производство кокса и нефтепродуктов,19,2023.0,0.16276167144359321,0.14788980147036837,0.6811679933160041,0.0019372764479009875
Производство кокса и нефтепродуктов,19,2024.0,0.1803779210566273,0.12754628936154597,0.05866203546165573,0.0024121889252819886
Производство нефтепродуктов,19.2,2021.0,0.13899944162848749,0.13250939886046417,0.00606709784971008,0.0014232225171995402
Производство нефтепродуктов,19.2,2022.0,0.15434309777103622,0.1112181529310639,0.7434157534686179,0.001052494227071164
Производство нефтепродуктов,19.2,2023.0,0.15995978222652138,0.14751017092412022,0.6811679933160041,0.001860114158336917
Производство нефтепродуктов,19.2,2024.0,0.17727689156494852,0.1269806348551916,0.05866203546165573,0.0022613833176226674
Производство химических веществ и химических продуктов,20,2021.0,0.06027789904768106,0.04800224544557407,0.016827454261252036,0.013879785997567607
Производство химических веществ и химических продуктов,20,2022.0,0.06828031937902318,0.03871251224544107,0.006897840795452378,0.004235555983684783
Производство химических веществ и химических продуктов,20,2023.0,0.0658801315076623,0.051823010968514084,0.0023646457107916793,0.003081211634301569
Производство химических веществ и химических продуктов,20,2024.0,0.0741706756162462,0.0686638520741062,0.0023680597949636423,0.002435628357281243
"Производство основных химических веществ, удобрений и азотных соединений, пластмасс и синтетического каучука в первичных формах",20.1,2021.0,0.048115262245143155,0.03823436214378599,0.01572954726784887,0.013716906883118095
"Производство основных химических веществ, удобрений и азотных соединений, пластмасс и синтетического каучука в первичных формах",20.1,2022.0,0.053087630476354376,0.03142389290536266,0.005887066278903653,0.003804645392500148
"Производство основных химических веществ, удобрений и азотных соединений, пластмасс и синтетического каучука в первичных формах",20.1,2023.0,0.04726725533621898,0.041662169999184054,0.002012596201856928,0.0026758438298926162
"Производство основных химических веществ, удобрений и азотных соединений, пластмасс и синтетического каучука в первичных формах",20.1,2024.0,0.0532445525796749,0.05598397353460204,0.0021057621504001244,0.0018645755033223224
"Производство мыла и моющих, чистящих и полирующих средств; парфюмерных и косметических средств",20.4,2023.0,0.006856635895406076,0.004692530987241656,0.00033168341302085134,3.4842298170646556e-05
"Производство мыла и моющих, чистящих и полирующих средств; парфюмерных и косметических средств",20.4,2024.0,0.007395551036781234,0.006350641512827032,0.00020498599734138182,4.4761561616895656e-05
Производство прочих химических продуктов,20.5,2024.0,0.007663680214855137,0.0045843738649532445,5.731164722213622e-05,0.00015337768273557538
"Производство лекарственных средств и материалов, применяемых в медицинских целях и ветеринарии",21,2023.0,0.013503786565967789,0.013154268785025775,0.0003785189060279777,0.0007180282939161626
"Производство лекарственных средств и материалов, применяемых в медицинских целях и ветеринарии",21,2024.0,0.015676876558692664,0.014610816258241973,0.005583967004541276,0.0008790532528727794
"Производство лекарственных препаратов и материалов, применяемых в медицинских целях и ветеринарии",21.2,2023.0,0.012977937769180584,0.012705073428143985,0.0003785189060279777,0.0006900651161535667
"Производство лекарственных препаратов и материалов, применяемых в медицинских целях и ветеринарии",21.2,2024.0,0.015120383118507245,0.0142937846606841,0.005583967004541276,0.0008512450208889318
Производство резиновых и пластмассовых изделий,22,2021.0,0.02072679543455736,0.012585210195938822,0.0001782744170602709,0.0011984459966799114
Производство резиновых и пластмассовых изделий,22,2022.0,0.023036847286416254,0.010576656358191194,0.0002545751917539991,0.00040885166456788467
Производство резиновых и пластмассовых изделий,22,2023.0,0.025763636514173644,0.010026179995839449,0.00016245551668499754,0.0017251315216547897
Производство резиновых и пластмассовых изделий,22,2024.0,0.02964159245828455,0.010797817526352201,0.00012237878525881598,0.0004366563397570918
Производство изделий из пластмасс,22.2,2021.0,0.01711315526558628,0.009997313459037559,0.0001782744170602709,0.0003428053833576748
Производство изделий из пластмасс,22.2,2022.0,0.019047283459435772,0.008871498861462476,0.00024527101430976033,0.00029996912555196474
Производство изделий из пластмасс,22.2,2023.0,0.021201764503908743,0.00805453376964722,6.690784715303765e-06,0.0016250983902146026
Производство изделий из пластмасс,22.2,2024.0,0.024565964604681065,0.00858954920585216,0.00011727200904204016,0.0001669910424145313
Производство прочей неметаллической минеральной продукции,23,2021.0,0.02400568066488249,0.023183894191053055,0.002855999555115087,0.0016243861024816193
Производство прочей неметаллической минеральной продукции,23,2022.0,0.029628949825133716,0.01876189577031124,0.0002590246152248579,0.0015650440281487915
Производство прочей неметаллической минеральной продукции,23,2023.0,0.03344646390532244,0.018453853857594092,0.0001946610377475633,0.0009763526661223793
Производство прочей неметаллической минеральной продукции,23,2024.0,0.03896049567641987,0.013368987274553934,0.0012821821363682528,0.00123375358882332
Производство стекла и изделий из стекла,23.1,2021.0,0.0036252407010198082,0.0027124376791163706,0.0004797305578039215,4.110178767587667e-05
"Производство изделий из бетона, цемента и гипса",23.6,2021.0,0.00894657538151121,0.011211294910408029,0.0023638396146771546,0.00014318177211282743
"Производство изделий из бетона, цемента и гипса",23.6,2022.0,0.011625886024990203,0.009737903063279974,0.0002479701469742771,0.00015427127691046742
"Производство изделий из бетона, цемента и гипса",23.6,2023.0,0.01320239031424971,0.006340709535865236,0.00016074202303839534,0.00011212966265122691
"Производство изделий из бетона, цемента и гипса",23.6,2024.0,0.015632604439343823,0.004358064609839584,8.356728601131968e-05,0.00018475699866587418
Производство металлургическое,24,2021.0,0.12278808172101875,0.08857404683875102,0.04588010038636586,0.00240423373004895
Производство металлургическое,24,2022.0,0.12083001955680218,0.10506853617121811,0.055077883944319145,0.00448980352059764
Производство металлургическое,24,2023.0,0.13149380577967823,0.1423002495737408,0.0594859391772094,0.007701202098580617
Производство металлургическое,24,2024.0,0.14213300528754083,0.09318443620431273,0.057517484348847056,0.0017827536947371406
"Производство чугуна, стали и ферросплавов",24.1,2021.0,0.05334531574008629,0.041124059839757525,0.0409409908166267,0.0007201825869620355
"Производство основных драгоценных металлов и прочих цветных металлов, производство ядерного топлива",24.4,2021.0,0.05446099376066586,0.031901127148882394,0.0025922676809623808,0.001497081582070481
"Производство основных драгоценных металлов и прочих цветных металлов, производство ядерного топлива",24.4,2022.0,0.056472168726108475,0.04864297428287465,0.005916802798497714,0.003425135025384539
"Производство основных драгоценных металлов и прочих цветных металлов, производство ядерного топлива",24.4,2023.0,0.06298383480173586,0.07684858602381406,0.01753485772364523,0.007015550340195332
"Производство основных драгоценных металлов и прочих цветных металлов, производство ядерного топлива",24.4,2024.0,0.07211195335656241,0.04811961111694722,0.030494603500855196,0.001212506012106439
"Производство готовых металлических изделий, кроме машин и оборудования",25,2021.0,0.03971781688613984,0.12277795493078784,0.020290858120350228,0.003034799378270699
"Производство готовых металлических изделий, кроме машин и оборудования",25,2022.0,0.04526741751463445,0.04655688861255773,0.021605635773769425,0.0017334765912823576
"Производство готовых металлических изделий, кроме машин и оборудования",25,2023.0,0.05931866216068258,0.0848257396286397,0.15999117012245426,0.0035652694290405364
"Производство готовых металлических изделий, кроме машин и оборудования",25,2024.0,0.07970972926545465,0.11526238212890327,0.07488395523950254,0.0852630511996674
"Производство готовых металлических изделий, не включенных в другие группировки",25.04.АГ,2021.0,0.01873733281735205,0.10151913274180425,0.019607067628004075,0.001659972634303225
"Производство готовых металлических изделий, не включенных в другие группировки",25.04.АГ,2022.0,0.021522662933394818,0.03058200744389499,0.020992711569559102,0.0012725690875425267
"Производство готовых металлических изделий, не включенных в другие группировки",25.04.АГ,2023.0,0.028800903160396046,0.06626759857573483,0.15934922196699508,0.002805966412676069
"Производство готовых металлических изделий, не включенных в другие группировки",25.04.АГ,2024.0,0.041008338858664076,0.09417213125103277,0.07431043703421882,0.08447316321610476
Производство строительных металлических конструкций и изделий,25.1,2021.0,0.010066650839708462,0.011958068860461527,4.252157216898395e-05,0.0009525873509684155
Производство строительных металлических конструкций и изделий,25.1,2022.0,0.011657229219676641,0.004153065877564151,0.00010722834203063324,0.0002147492485584022
Производство строительных металлических конструкций и изделий,25.1,2023.0,0.014694988287298937,0.004480547868881215,8.567468233010918e-05,0.0004519403429637173
Производство строительных металлических конструкций и изделий,25.1,2024.0,0.01796492977080269,0.006741868304523747,0.0005514569320272769,0.00048193977167931433
Обработка металлов и нанесение покрытий на металлы; механическая обработка металлов,25.6,2022.0,0.007460241466735085,0.00492330403295256,1.5245954128925948e-05,0.00015015603134136177
"Производство компьютеров, электронных и оптических изделий",26,2021.0,0.01940423171605846,0.10911586911670827,0.007060750670528676,0.004785570791854411
"Производство компьютеров, электронных и оптических изделий",26,2022.0,0.022379831170689164,0.22259513757645058,0.005664410864223205,0.11308070476596584
"Производство компьютеров, электронных и оптических изделий",26,2023.0,0.030185065360523865,0.07870786983336744,0.06727048768460711,0.004992463565645867
"Производство компьютеров, электронных и оптических изделий",26,2024.0,0.04159177805591825,0.09543080515572236,0.04369313472346188,0.004643892733111708
Производство электрического оборудования,27,2021.0,0.015647022079866377,0.018293024918687555,0.0004455497555603921,0.0023140795910631174
Производство электрического оборудования,27,2022.0,0.016887694974396433,0.177478192767203,0.00026340034224071277,0.0010864954349472794
Производство электрического оборудования,27,2023.0,0.02144341744299286,0.019829181245620785,0.0051973770883673,0.0012983401708321928
Производство электрического оборудования,27,2024.0,0.025622403185687037,0.025468710818304145,0.003710175057011976,0.0014609833750527273
"Производство электродвигателей, генераторов, трансформаторов и распределительных устройств, а также контрольно-измерительной аппаратуры",27.1,2022.0,0.00618016340855284,0.018491840018449265,0.00010916287397448487,0.00039141230283017966
"Производство электродвигателей, генераторов, трансформаторов и распределительных устройств, а также контрольно-измерительной аппаратуры",27.1,2023.0,0.00838808935240528,0.012410215811141979,0.00037925326044795,0.000973091784370511
Производство кабелей и кабельной арматуры,27.3,2021.0,0.00488485464195519,0.0034841290259254557,0.00018254838021161492,0.0002687911273046875
Производство прочего электрического оборудования,27.9,2023.0,0.002963838599335499,0.0024943644214494042,0.004642507048129736,7.333857068790707e-05
Производство прочего электрического оборудования,27.9,2024.0,0.00345426741031154,0.0029196346862587846,0.0023041365747995205,9.83203655235876e-05
"Производство машин и оборудования, не включенных в другие группировки",28,2021.0,0.019721236580987213,0.041025693674526485,0.008601765154834322,0.0020168765396606702
"Производство машин и оборудования, не включенных в другие группировки",28,2022.0,0.023014974614932477,0.0335496240742578,0.06604014871763317,0.0026709355837563403
"Производство машин и оборудования, не включенных в другие группировки",28,2023.0,0.02938498365063613,0.036252558202056806,0.003302905874709704,0.002596483795367013
"Производство машин и оборудования, не включенных в другие группировки",28,2024.0,0.035326918166583204,0.04710334750716348,0.006148742408941903,0.0044035863680888234
Производство машин и оборудования общего назначения,28.1,2021.0,0.005596518081410335,0.013877615280907979,0.0053672254807102734,0.00029871914987320995
Производство машин и оборудования общего назначения,28.1,2022.0,0.0067541206309438915,0.012953408841770883,0.06497143036333766,0.0009478580566449339
Производство машин и оборудования общего назначения,28.1,2023.0,0.008848743846178274,0.013631253475800662,0.0003551011595244145,0.0006058807634197201
Производство прочих машин и оборудования общего назначения,28.2,2023.0,0.0075293293343066175,0.005927003049459677,0.0007066284608716302,0.000489855910511467
Производство прочих машин специального назначения,28.9,2021.0,0.005228690747348073,0.012098023032696909,0.002459589472827928,0.0011262820970282487
Производство прочих машин специального назначения,28.9,2022.0,0.006701786542629304,0.010484187924732952,0.00014641643197894197,0.0007751892113078766
Производство прочих машин специального назначения,28.9,2023.0,0.009188056545688387,0.011548973649692302,0.0002628254469081092,0.001015411775763935
Производство прочих машин специального назначения,28.9,2024.0,0.011961614354775487,0.016852632137231992,0.0029180800206152664,0.0016211453717575525
"Производство автотранспортных средств, прицепов и полуприцепов",29,2021.0,0.03704878983375636,0.05300076256519268,0.00036786611409782527,0.030287278217177072
"Производство автотранспортных средств, прицепов и полуприцепов",29,2022.0,0.02211817218077669,0.031732756401638966,0.0001764937976773971,0.014471170266284177
"Производство автотранспортных средств, прицепов и полуприцепов",29,2023.0,0.027818327789374556,0.030015411834748325,0.0006266491050430843,0.0011201888201088947
"Производство автотранспортных средств, прицепов и полуприцепов",29,2024.0,0.03780978702648486,0.03729736775949327,0.00044332264789578765,0.0019593322401895348
Производство автотранспортных средств,29.1,2021.0,0.027914876738735668,0.042950490021303724,0.0002340539973721996,0.029437093170792936
Производство комплектующих и принадлежностей для автотранспортных средств,29.3,2021.0,0.007722014973252185,0.008674632630527649,0.00011142832501718358,0.0005232211013784485
Производство прочих транспортных средств и оборудования,30,2021.0,0.028905170528909025,0.06830345837778695,0.003168751169901575,0.0019832478042894983
Производство прочих транспортных средств и оборудования,30,2022.0,0.0285093553366759,0.05735255318406264,0.007049277798428458,0.002251926928286277
Производство прочих транспортных средств и оборудования,30,2023.0,0.037711909684510075,0.07074186094984507,0.0053346524079408,0.006816716958634842
Производство прочих транспортных средств и оборудования,30,2024.0,0.047347428411118414,0.09078503883021237,0.006421587248651803,0.006844970209308813
"Производство прочих транспортных средств, не включенных в другие группировки",30.01.АГ,2021.0,0.007975932640691866,0.011056650509209811,0.0020439029444908304,0.0005810477233656536
"Производство прочих транспортных средств, не включенных в другие группировки",30.01.АГ,2022.0,0.007657668093112214,0.008401405083893825,0.007039255080547932,0.0009176190708209664
"Производство прочих транспортных средств, не включенных в другие группировки",30.01.АГ,2023.0,0.011168289124560754,0.008694479387840768,0.004746042861852284,0.00047063904298196425
"Производство летательных аппаратов, включая космические, и соответствующего оборудования",30.3,2023.0,0.014179113886774753,0.054264009927692425,0.0005804500525332674,0.005856168401605763
"Производство летательных аппаратов, включая космические, и соответствующего оборудования",30.3,2024.0,0.019138724968230516,0.04725017240578386,0.006348730574625801,0.005630175423149013
Производство мебели,31,2021.0,0.004599021196805935,0.006075972861450886,0.0005625931086973261,0.0013111744837619047
Производство прочих готовых изделий,32,2021.0,0.0038464982328198383,0.0039031485364684885,0.00012233129223999999,0.00013154243345933346
Производство прочих готовых изделий,32,2022.0,0.004420260776983024,0.004801270507145249,0.0003912544796155545,0.00017530139213494105
Производство прочих готовых изделий,32,2023.0,0.005762177801663906,0.0035766939431108426,0.0002687247607485539,0.00028098079993974477
Ремонт и монтаж машин и оборудования,33,2021.0,0.015289993661620451,0.023414896593412237,0.0009876125769771548,0.0040771349835949785
Ремонт и монтаж машин и оборудования,33,2022.0,0.01612613665030526,0.024753977603061552,0.0012406245476489263,0.0010564279176886915
Ремонт и монтаж машин и оборудования,33,2023.0,0.018922918426810736,0.02187157046537456,0.0002219137462220933,0.0022939811758649377
Ремонт и монтаж машин и оборудования,33,2024.0,0.023516076373459763,0.025509012669769907,0.0009536121545808958,0.0012253440216174808
"Обеспечение электрической энергией, газом и паром; кондиционирование воздуха",35,2021.0,0.07380860846739669,0.24475336947950815,0.16781511337968535,0.11941937582918351
"Обеспечение электрической энергией, газом и паром; кондиционирование воздуха",35,2022.0,0.07707557251918012,0.21297762540836,0.06699972262206795,0.01685800260997925
"Обеспечение электрической энергией, газом и паром; кондиционирование воздуха",35,2023.0,0.08595822473198848,0.2529647432246319,0.05770240443792896,0.13445895694062307
"Обеспечение электрической энергией, газом и паром; кондиционирование воздуха",35,2024.0,0.0935950737063795,0.23398484812085368,0.08286940078257006,0.018509718355204652
"Производство, передача и распределение электроэнергии",35.1,2021.0,0.05019467765528306,0.21145920345919614,0.1634273559594368,0.11789324962050382
"Производство, передача и распределение электроэнергии",35.1,2022.0,0.05239359114235134,0.17011154608851076,0.053565826140834084,0.015629097488291277
"Производство, передача и распределение электроэнергии",35.1,2023.0,0.058556897706703075,0.2050812409629144,0.050078606113063195,0.0866693054393773
"Производство, передача и распределение электроэнергии",35.1,2024.0,0.06410116186142206,0.1853848474232137,0.07613105041874409,0.015632878475929823
Производство и распределение газообразного топлива,35.2,2023.0,0.004211852008222155,0.018947471156830896,0.005899885004993529,0.04667604698209886
"Производство, передача и распределение пара и горячей воды; кондиционирование воздуха",35.3,2021.0,0.020502686439302118,0.016626813731948818,0.0016059743630191868,0.0008164846843135594
"Производство, передача и распределение пара и горячей воды; кондиционирование воздуха",35.3,2022.0,0.02107698721150705,0.024568898935335426,0.0011988110214911044,0.0007620063045460602
"Производство, передача и распределение пара и горячей воды; кондиционирование воздуха",35.3,2023.0,0.02318947501706326,0.028936031104886614,0.001723913319872236,0.0011136045191469032
"Производство, передача и распределение пара и горячей воды; кондиционирование воздуха",35.3,2024.0,0.02478913456377837,0.027591318898714357,0.0012516844688016675,0.0015758097528047973
"Забор, очистка и распределение воды",36,2021.0,0.003748838472393843,0.01604497075935444,0.012482272928008575,0.0012495516467061756
"Забор, очистка и распределение воды",36,2022.0,0.003974367473546464,0.007898032789587546,0.008437267619914502,0.000769117206816206
"Забор, очистка и распределение воды",36,2023.0,0.0044975136784644685,0.00838508143741786,0.0001319308512948129,0.0006692401425546495
"Забор, очистка и распределение воды",36,2024.0,0.004953759282959319,0.008238283304608037,0.0006891832820762433,0.0004085126197198197
Сбор и обработка сточных вод,37,2021.0,0.0029082865944308903,0.002219205110155082,8.62424707324777e-05,0.00014620203127111865
Сбор и обработка сточных вод,37,2022.0,0.003238060060775565,0.006512805526659701,0.00028041501128973163,8.047927548013202e-05
"Сбор, обработка и утилизация отходов; обработка вторичного сырья",38,2021.0,0.014644349044732831,0.01099851397635877,0.00026944502897746164,0.0017691197864149123
"Сбор, обработка и утилизация отходов; обработка вторичного сырья",38,2022.0,0.01372411651327034,0.007132805598739688,0.00021862053376898527,8.576454184829711e-05
"Сбор, обработка и утилизация отходов; обработка вторичного сырья",38,2023.0,0.015606448846846994,0.00645359146448566,0.00033413126108742576,0.0004489028092770455
"Сбор, обработка и утилизация отходов; обработка вторичного сырья",38,2024.0,0.01752855279721064,0.004760415671980653,0.0004438401345524209,0.00026113644549550374
ДОБЫЧА ПОЛЕЗНЫХ ИСКОПАЕМЫХ,B,2020.0,0.16732902879921976,0.17558513225107095,0.08793855032892266,0.0066159509981426
ДОБЫЧА ПОЛЕЗНЫХ ИСКОПАЕМЫХ,B,2021.0,0.27024089861820944,0.23806588772984777,0.16796304483896451,1.0
ДОБЫЧА ПОЛЕЗНЫХ ИСКОПАЕМЫХ,B,2022.0,0.3125825543045469,0.20405853518348133,0.0454363333411295,0.0070644242025417504
ДОБЫЧА ПОЛЕЗНЫХ ИСКОПАЕМЫХ,B,2023.0,0.3216286675188,0.1999315494353024,0.08102615357573568,0.009632099725739593
ДОБЫЧА ПОЛЕЗНЫХ ИСКОПАЕМЫХ,B,2024.0,0.3692785571860595,0.19949980192812777,0.06899341824511579,0.00487468614799749
ОБРАБАТЫВАЮЩИЕ ПРОИЗВОДСТВА,C,2020.0,0.5727882025360367,0.7470472631281351,0.1605696992015345,0.18182898861880337
ОБРАБАТЫВАЮЩИЕ ПРОИЗВОДСТВА,C,2021.0,0.7212031306870019,0.9099301907185111,0.13878768581775788,0.10503394114715842
ОБРАБАТЫВАЮЩИЕ ПРОИЗВОДСТВА,C,2022.0,0.7649364723143912,1.0,0.9218245995895751,0.15311277476444696
ОБРАБАТЫВАЮЩИЕ ПРОИЗВОДСТВА,C,2023.0,0.8539934591092869,0.8195090735078814,1.0,0.04371140516998463
ОБРАБАТЫВАЮЩИЕ ПРОИЗВОДСТВА,C,2024.0,1.0,0.8518303493288186,0.2702712015315529,0.11935138842962803
"ОБЕСПЕЧЕНИЕ ЭЛЕКТРИЧЕСКОЙ ЭНЕРГИЕЙ, ГАЗОМ И ПАРОМ; КОНДИЦИОНИРОВАНИЕ ВОЗДУХА",D,2020.0,0.06890493874730126,0.21713779588901738,0.06905455857368344,0.02301523523149418
"ОБЕСПЕЧЕНИЕ ЭЛЕКТРИЧЕСКОЙ ЭНЕРГИЕЙ, ГАЗОМ И ПАРОМ; КОНДИЦИОНИРОВАНИЕ ВОЗДУХА",D,2021.0,0.07380860846739669,0.24475336947950815,0.16781511337968535,0.11941937582918351
"ОБЕСПЕЧЕНИЕ ЭЛЕКТРИЧЕСКОЙ ЭНЕРГИЕЙ, ГАЗОМ И ПАРОМ; КОНДИЦИОНИРОВАНИЕ ВОЗДУХА",D,2022.0,0.07707557251918012,0.21297762540836,0.06699972262206795,0.01685800260997925
"ОБЕСПЕЧЕНИЕ ЭЛЕКТРИЧЕСКОЙ ЭНЕРГИЕЙ, ГАЗОМ И ПАРОМ; КОНДИЦИОНИРОВАНИЕ ВОЗДУХА",D,2023.0,0.08595822473198848,0.2529647432246319,0.05770240443792896,0.13445895694062307
"ОБЕСПЕЧЕНИЕ ЭЛЕКТРИЧЕСКОЙ ЭНЕРГИЕЙ, ГАЗОМ И ПАРОМ; КОНДИЦИОНИРОВАНИЕ ВОЗДУХА",D,2024.0,0.0935950737063795,0.23398484812085368,0.08286940078257006,0.018509718355204652
"ВОДОСНАБЖЕНИЕ; ВОДООТВЕДЕНИЕ, ОРГАНИЗАЦИЯ СБОРА И УТИЛИЗАЦИИ ОТХОДОВ, ДЕЯТЕЛЬНОСТЬ ПО ЛИКВИДАЦИИ ЗАГРЯЗНЕНИЙ",E,2020.0,0.01950804101815293,0.04671492814867737,0.0012885955380220486,0.0012885917127411432
"ВОДОСНАБЖЕНИЕ; ВОДООТВЕДЕНИЕ, ОРГАНИЗАЦИЯ СБОРА И УТИЛИЗАЦИИ ОТХОДОВ, ДЕЯТЕЛЬНОСТЬ ПО ЛИКВИДАЦИИ ЗАГРЯЗНЕНИЙ",E,2021.0,0.021375211353276958,0.02937924807221751,0.012837960427718512,0.003165565855819799
"ВОДОСНАБЖЕНИЕ; ВОДООТВЕДЕНИЕ, ОРГАНИЗАЦИЯ СБОРА И УТИЛИЗАЦИИ ОТХОДОВ, ДЕЯТЕЛЬНОСТЬ ПО ЛИКВИДАЦИИ ЗАГРЯЗНЕНИЙ",E,2022.0,0.021025454739424854,0.021793384253861858,0.008936303164973219,0.0009363595763783152
"ВОДОСНАБЖЕНИЕ; ВОДООТВЕДЕНИЕ, ОРГАНИЗАЦИЯ СБОРА И УТИЛИЗАЦИИ ОТХОДОВ, ДЕЯТЕЛЬНОСТЬ ПО ЛИКВИДАЦИИ ЗАГРЯЗНЕНИЙ",E,2023.0,0.0238021617551392,0.027781484304913097,0.00047891331473175506,0.0014527362213411963
"ВОДОСНАБЖЕНИЕ; ВОДООТВЕДЕНИЕ, ОРГАНИЗАЦИЯ СБОРА И УТИЛИЗАЦИИ ОТХОДОВ, ДЕЯТЕЛЬНОСТЬ ПО ЛИКВИДАЦИИ ЗАГРЯЗНЕНИЙ",E,2024.0,0.026557786263941695,0.02065554302369405,0.0011554523777727438,0.0009456215379622634
