sector,okved2,year,factoriescap_s,researchorg_s,researchersavg_s
Добыча нефти и природного газа,06,2020.0,0.42048121537474215,0.02666666666666667,0.01390885066530669
Добыча прочих полезных ископаемых,08,2024.0,0.024168798326531116,0.013333333333333334,0.004172655199592007
"Добыча полезных ископаемых, не включенных в другие группировки",08.9,2024.0,0.010702506474269877,0.013333333333333334,0.004172655199592007
Предоставление услуг в области добычи полезных ископаемых,09,2019.0,0.11385186749146203,0.05333333333333334,0.0007489381127472833
Предоставление услуг в области добычи полезных ископаемых,09,2020.0,0.11086033424644434,0.05333333333333334,0.0007846018324019158
Предоставление услуг в области добычи полезных ископаемых,09,2021.0,0.09540336267670316,0.05333333333333334,0.003994336601318844
Предоставление услуг в области добычи полезных ископаемых,09,2022.0,0.09182088566994819,0.09333333333333334,0.0038445489787693873
Предоставление услуг в области добычи полезных ископаемых,09,2023.0,0.09080391158272849,0.08,0.0034807790382921353
Предоставление услуг в области добычи полезных ископаемых,09,2024.0,0.0872179847180686,0.05333333333333334,0.002539256839409837
Производство пищевых продуктов,10,2018.0,0.2989971444780063,0.04,0.0028174338527159706
Производство пищевых продуктов,10,2019.0,0.3189195314791132,0.06666666666666667,0.005813186303705103
Производство пищевых продуктов,10,2020.0,0.34444078837994835,0.06666666666666667,0.006597788136107019
Производство пищевых продуктов,10,2021.0,0.3619080918314684,0.09333333333333334,0.0076997970734351655
Производство пищевых продуктов,10,2022.0,0.3517913398319198,0.13333333333333333,0.009269000738238995
Производство пищевых продуктов,10,2023.0,0.3392192284048604,0.10666666666666667,0.00555640752219175
Производство пищевых продуктов,10,2024.0,0.32565873518560434,0.13333333333333333,0.008837469730417944
Производство прочих пищевых продуктов,10.8,2024.0,0.06076702240574285,0.08,0.007303929785268744
Производство напитков,11,2020.0,0.04014174212027376,0.013333333333333334,7.132743930926508e-05
Производство текстильных изделий,13,2018.0,0.011834267803761607,0.08,0.0023538054972057475
Производство текстильных изделий,13,2019.0,0.01188958416138605,0.05333333333333334,0.0019615045810047896
Производство текстильных изделий,13,2020.0,0.015110453956024613,0.06666666666666667,0.002881628548094309
Производство текстильных изделий,13,2021.0,0.014090148388431199,0.06666666666666667,0.009040752932449348
Производство текстильных изделий,13,2022.0,0.01379968495885439,0.06666666666666667,0.009375991897202894
Производство текстильных изделий,13,2023.0,0.015071014026132958,0.05333333333333334,0.0082204873803928
Производство текстильных изделий,13,2024.0,0.014423447878030292,0.05333333333333334,0.00565626593722472
Производство текстильных тканей,13.2,2020.0,0.0036036023155019523,0.013333333333333334,0.00017831859827316268
Производство одежды,14,2021.0,0.010488930119550885,0.02666666666666667,0.0036733631244271515
Производство одежды,14,2022.0,0.011364918204603952,0.02666666666666667,0.0014978762254945666
Производство одежды,14,2024.0,0.0154188710906292,0.05333333333333334,0.005938009322496317
"Производство одежды, кроме одежды из меха",14.1,2021.0,0.009577554887930339,0.02666666666666667,0.0036733631244271515
"Производство одежды, кроме одежды из меха",14.1,2022.0,0.010591484217495766,0.02666666666666667,0.0014978762254945666
"Производство одежды, кроме одежды из меха",14.1,2024.0,0.01465553863079502,0.05333333333333334,0.005938009322496317
Производство бумаги и бумажных изделий,17,2021.0,0.055218948502574514,0.013333333333333334,9.98584150329711e-05
Деятельность полиграфическая и копирование носителей информации,18,2020.0,0.015044463899275369,0.013333333333333334,0.0003923009162009579
Деятельность полиграфическая и копирование носителей информации,18,2021.0,0.013231149582452676,0.013333333333333334,0.0004992920751648555
Производство кокса и нефтепродуктов,19,2018.0,0.5343242600489311,0.06666666666666667,0.0027461064134067055
Производство кокса и нефтепродуктов,19,2019.0,0.509692315015457,0.06666666666666667,0.0026747789740974403
Производство кокса и нефтепродуктов,19,2020.0,0.3989608426371705,0.02666666666666667,0.0024964603758242778
Производство кокса и нефтепродуктов,19,2021.0,0.5279014007854683,0.02666666666666667,0.00238946921686038
Производство кокса и нефтепродуктов,19,2022.0,0.4922491645664632,0.04,0.0026498143703391976
Производство кокса и нефтепродуктов,19,2023.0,0.4507332140749357,0.04,0.002582053302995396
Производство химических веществ и химических продуктов,20,2018.0,0.1678315043853093,0.5866666666666667,0.049501242880629966
Производство химических веществ и химических продуктов,20,2019.0,0.16306614435578265,0.68,0.08184823660738168
Производство химических веществ и химических продуктов,20,2020.0,0.16618331452891394,0.6933333333333334,0.1613426677175576
Производство химических веществ и химических продуктов,20,2021.0,0.2230524667283629,0.6933333333333334,0.1243558240637382
Производство химических веществ и химических продуктов,20,2022.0,0.21347959570043468,0.6666666666666666,0.10545761901874841
Производство химических веществ и химических продуктов,20,2023.0,0.18244076234139042,0.6133333333333333,0.07265412968041741
Производство химических веществ и химических продуктов,20,2024.0,0.1714044196070086,0.6933333333333334,0.11100332742504378
"Производство основных химических веществ, удобрений и азотных соединений, пластмасс и синтетического каучука в первичных формах",20.1,2018.0,0.12812827926157389,0.28,0.028709294321979193
"Производство основных химических веществ, удобрений и азотных соединений, пластмасс и синтетического каучука в первичных формах",20.1,2019.0,0.12363226906878476,0.3333333333333333,0.052461331611964465
"Производство основных химических веществ, удобрений и азотных соединений, пластмасс и синтетического каучука в первичных формах",20.1,2020.0,0.12120972781181961,0.3466666666666667,0.11697343409522927
"Производство основных химических веществ, удобрений и азотных соединений, пластмасс и синтетического каучука в первичных формах",20.1,2021.0,0.1780458194565115,0.38666666666666666,0.07653434237884142
"Производство основных химических веществ, удобрений и азотных соединений, пластмасс и синтетического каучука в первичных формах",20.1,2022.0,0.16597939192223415,0.32,0.043381348587895024
"Производство основных химических веществ, удобрений и азотных соединений, пластмасс и синтетического каучука в первичных формах",20.1,2023.0,0.1308964311390602,0.28,0.027739241147373188
"Производство основных химических веществ, удобрений и азотных соединений, пластмасс и синтетического каучука в первичных формах",20.1,2024.0,0.12304528112124964,0.3333333333333333,0.051049048313641016
"Производство красок, лаков и аналогичных материалов для нанесения покрытий, полиграфических красок и мастик",20.3,2018.0,0.006594070074525115,0.06666666666666667,0.0036733631244271515
"Производство красок, лаков и аналогичных материалов для нанесения покрытий, полиграфических красок и мастик",20.3,2019.0,0.0069891185615345445,0.09333333333333334,0.004030000320973477
"Производство красок, лаков и аналогичных материалов для нанесения покрытий, полиграфических красок и мастик",20.3,2020.0,0.00854778041348397,0.08,0.004015734833111624
"Производство красок, лаков и аналогичных материалов для нанесения покрытий, полиграфических красок и мастик",20.3,2021.0,0.008560791168792227,0.06666666666666667,0.003527141873843158
"Производство красок, лаков и аналогичных материалов для нанесения покрытий, полиграфических красок и мастик",20.3,2022.0,0.00865575102089341,0.06666666666666667,0.003512876385981305
"Производство красок, лаков и аналогичных материалов для нанесения покрытий, полиграфических красок и мастик",20.3,2023.0,0.0101923340380718,0.06666666666666667,0.003216867512847855
"Производство мыла и моющих, чистящих и полирующих средств; парфюмерных и косметических средств",20.4,2018.0,0.01571365552338555,0.08,0.004885929592684658
"Производство мыла и моющих, чистящих и полирующих средств; парфюмерных и косметических средств",20.4,2019.0,0.016035325168985818,0.06666666666666667,0.004136991479937374
"Производство мыла и моющих, чистящих и полирующих средств; парфюмерных и косметических средств",20.4,2020.0,0.018416207988321456,0.05333333333333334,0.0035663719654632537
"Производство мыла и моющих, чистящих и полирующих средств; парфюмерных и косметических средств",20.4,2021.0,0.017099292693662362,0.05333333333333334,0.003316725927880826
"Производство мыла и моющих, чистящих и полирующих средств; парфюмерных и косметических средств",20.4,2022.0,0.01773527598269102,0.05333333333333334,0.00373755781980549
"Производство мыла и моющих, чистящих и полирующих средств; парфюмерных и косметических средств",20.4,2023.0,0.01898796877340379,0.05333333333333334,0.0038623808385967037
"Производство мыла и моющих, чистящих и полирующих средств; парфюмерных и косметических средств",20.4,2024.0,0.017090718435573193,0.08,0.004236849894970345
Производство прочих химических продуктов,20.5,2018.0,0.013811913256930786,0.14666666666666667,0.011626372607410207
Производство прочих химических продуктов,20.5,2019.0,0.012861584732873275,0.17333333333333334,0.020613629960377605
Производство прочих химических продуктов,20.5,2020.0,0.013450174209151117,0.21333333333333335,0.036787126823753465
Производство прочих химических продуктов,20.5,2021.0,0.014886939595022592,0.17333333333333334,0.04087062272420889
Производство прочих химических продуктов,20.5,2022.0,0.015927863654980237,0.21333333333333335,0.0547188450661027
Производство прочих химических продуктов,20.5,2023.0,0.017594789601961473,0.2,0.037728649022635764
Производство прочих химических продуктов,20.5,2024.0,0.017710350463535942,0.2,0.05236860594086242
Производство химических волокон,20.6,2021.0,0.0012191502958907854,0.013333333333333334,0.00010699115896389762
"Производство лекарственных средств и материалов, применяемых в медицинских целях и ветеринарии",21,2022.0,0.03952490423980833,0.4666666666666667,0.04011455186753068
"Производство лекарственных средств и материалов, применяемых в медицинских целях и ветеринарии",21,2023.0,0.03739581356640207,0.5066666666666667,0.042739401634111635
"Производство лекарственных средств и материалов, применяемых в медицинских целях и ветеринарии",21,2024.0,0.03622841379652824,0.49333333333333335,0.04593843728713217
Производство фармацевтических субстанций,21.1,2018.0,0.001219692778253184,0.04,0.0016405311041130968
Производство фармацевтических субстанций,21.1,2020.0,0.002631377013608671,0.013333333333333334,0.0007596372286436731
Производство фармацевтических субстанций,21.1,2021.0,0.0028516760223138825,0.02666666666666667,0.0012838939075667714
Производство фармацевтических субстанций,21.1,2022.0,0.0023139288824566167,0.06666666666666667,0.00300288519492006
Производство фармацевтических субстанций,21.1,2023.0,0.001456224405851444,0.09333333333333334,0.0041655224556610805
Производство фармацевтических субстанций,21.1,2024.0,0.0012859997764936278,0.05333333333333334,0.001925840861350157
"Производство лекарственных препаратов и материалов, применяемых в медицинских целях и ветеринарии",21.2,2022.0,0.03721097535735172,0.4,0.037111666672610615
"Производство лекарственных препаратов и материалов, применяемых в медицинских целях и ветеринарии",21.2,2023.0,0.03593958916055063,0.41333333333333333,0.03857387917845055
"Производство лекарственных препаратов и материалов, применяемых в медицинских целях и ветеринарии",21.2,2024.0,0.03494238755586668,0.44,0.044012596425782015
Производство резиновых и пластмассовых изделий,22,2018.0,0.059639400105195924,0.09333333333333334,0.00716840765058114
Производство резиновых и пластмассовых изделий,22,2019.0,0.06057247685319984,0.09333333333333334,0.008309646679529381
Производство резиновых и пластмассовых изделий,22,2020.0,0.07211627468852982,0.10666666666666667,0.00802433692229232
Производство резиновых и пластмассовых изделий,22,2021.0,0.0766974782149453,0.09333333333333334,0.0073324607609924495
Производство резиновых и пластмассовых изделий,22,2022.0,0.07202510019933585,0.08,0.0068616996615513005
Производство резиновых и пластмассовых изделий,22,2023.0,0.07134681395992118,0.12,0.00899795646886379
Производство резиновых и пластмассовых изделий,22,2024.0,0.06850011691718877,0.13333333333333333,0.009950177783642478
Производство резиновых изделий,22.1,2018.0,0.012184337206536559,0.05333333333333334,0.0061341597805967965
Производство резиновых изделий,22.1,2019.0,0.01143619267051283,0.06666666666666667,0.007418053688163568
Производство резиновых изделий,22.1,2020.0,0.012247124713030237,0.06666666666666667,0.007204071370235773
Производство резиновых изделий,22.1,2021.0,0.013371964196051741,0.06666666666666667,0.006868832405482227
Производство резиновых изделий,22.1,2022.0,0.012473440085673136,0.05333333333333334,0.00643373502569571
Производство резиновых изделий,22.1,2023.0,0.012633116968805404,0.05333333333333334,0.006918761612998712
Производство изделий из пластмасс,22.2,2024.0,0.05677061547797696,0.08,0.002639115254442808
Производство прочей неметаллической минеральной продукции,23,2018.0,0.08237690116044759,0.09333333333333334,0.009165575951240562
Производство прочей неметаллической минеральной продукции,23,2019.0,0.08709162899007378,0.12,0.04511460536311016
Производство прочей неметаллической минеральной продукции,23,2020.0,0.08964772710117619,0.12,0.019187081174192305
Производство прочей неметаллической минеральной продукции,23,2021.0,0.08883067214336494,0.12,0.04361672913761559
Производство прочей неметаллической минеральной продукции,23,2022.0,0.09263542243537319,0.09333333333333334,0.038837790703894835
Производство прочей неметаллической минеральной продукции,23,2023.0,0.09262274122511613,0.10666666666666667,0.04074223333345221
Производство прочей неметаллической минеральной продукции,23,2024.0,0.0900355982136339,0.13333333333333333,0.09238329939336012
Производство огнеупорных изделий,23.2,2020.0,0.003592932982964859,0.04,0.0034950445261539885
Производство огнеупорных изделий,23.2,2021.0,0.003290519277935884,0.04,0.003423717086844724
Производство прочих фарфоровых и керамических изделий,23.4,2024.0,0.0013235259666213794,0.02666666666666667,0.07806788232399063
Производство металлургическое,24,2018.0,0.31345955369799133,0.4,0.04807469409444466
Производство металлургическое,24,2019.0,0.3523050221114701,0.4533333333333333,0.046505490429640826
Производство металлургическое,24,2020.0,0.3702562959864063,0.37333333333333335,0.042992614043659526
Производство металлургическое,24,2021.0,0.45436528056580777,0.3333333333333333,0.04349190611882438
Производство металлургическое,24,2022.0,0.377777139270182,0.29333333333333333,0.04455111859256697
Производство металлургическое,24,2023.0,0.36414362905187964,0.29333333333333333,0.05022878276158447
Производство металлургическое,24,2024.0,0.3284616875321353,0.32,0.05510401323837273
"Производство чугуна, стали и ферросплавов",24.1,2018.0,0.14578854061404228,0.05333333333333334,0.008345310399184014
"Производство чугуна, стали и ферросплавов",24.1,2019.0,0.13431796237199092,0.08,0.009094248511931297
"Производство чугуна, стали и ферросплавов",24.1,2020.0,0.12837397310388562,0.06666666666666667,0.00941522198882299
"Производство чугуна, стали и ферросплавов",24.1,2021.0,0.19739912060998363,0.05333333333333334,0.010235487540879539
"Производство чугуна, стали и ферросплавов",24.1,2022.0,0.1460485186619098,0.05333333333333334,0.011590708887755576
"Производство чугуна, стали и ферросплавов",24.1,2023.0,0.13696352013831226,0.05333333333333334,0.011840354925338003
"Производство чугуна, стали и ферросплавов",24.1,2024.0,0.11610052770833375,0.06666666666666667,0.012896001027115127
"Производство стальных труб, полых профилей и фитингов",24.2,2018.0,0.036223395479063794,0.05333333333333334,0.005456549107158778
"Производство стальных труб, полых профилей и фитингов",24.2,2019.0,0.03577020759136924,0.05333333333333334,0.006027168621632899
"Производство стальных труб, полых профилей и фитингов",24.2,2020.0,0.02883394168369202,0.05333333333333334,0.006109195176838554
"Производство стальных труб, полых профилей и фитингов",24.2,2021.0,0.034257614805544255,0.05333333333333334,0.005189071209749034
"Производство стальных труб, полых профилей и фитингов",24.2,2022.0,0.0377131596506199,0.04,0.004743274714066128
"Производство основных драгоценных металлов и прочих цветных металлов, производство ядерного топлива",24.4,2018.0,0.11544299130074341,0.29333333333333333,0.03427283458810187
"Производство основных драгоценных металлов и прочих цветных металлов, производство ядерного топлива",24.4,2019.0,0.16598701750606334,0.30666666666666664,0.03120575469780347
"Производство основных драгоценных металлов и прочих цветных металлов, производство ядерного топлива",24.4,2020.0,0.1965797259109786,0.24,0.027254214560070187
"Производство основных драгоценных металлов и прочих цветных металлов, производство ядерного топлива",24.4,2021.0,0.20152757794669407,0.21333333333333335,0.027853365050268013
"Производство основных драгоценных металлов и прочих цветных металлов, производство ядерного топлива",24.4,2022.0,0.1765612091099864,0.2,0.028217134990745265
"Производство основных драгоценных металлов и прочих цветных металлов, производство ядерного топлива",24.4,2023.0,0.17442009561071428,0.2,0.033377675224770594
"Производство основных драгоценных металлов и прочих цветных металлов, производство ядерного топлива",24.4,2024.0,0.16664682381701104,0.21333333333333335,0.036929781702371996
Литье металлов,24.5,2020.0,0.003997615595935667,0.013333333333333334,0.00021398231792779524
Литье металлов,24.5,2021.0,0.004272704385970525,0.013333333333333334,0.00021398231792779524
"Производство готовых металлических изделий, кроме машин и оборудования",25,2018.0,0.12588248023475826,0.5733333333333334,0.6686590798047054
"Производство готовых металлических изделий, кроме машин и оборудования",25,2019.0,0.1348702241265794,0.8266666666666667,0.9454808717639632
"Производство готовых металлических изделий, кроме машин и оборудования",25,2020.0,0.14741647561228094,0.8266666666666667,0.9229556664300973
"Производство готовых металлических изделий, кроме машин и оборудования",25,2021.0,0.14697189466592295,0.8666666666666667,0.7979222316929211
"Производство готовых металлических изделий, кроме машин и оборудования",25,2022.0,0.1415293612758902,0.9333333333333333,0.8747811139206196
"Производство готовых металлических изделий, кроме машин и оборудования",25,2023.0,0.1642701934255798,0.9466666666666667,0.9440329247459852
"Производство готовых металлических изделий, кроме машин и оборудования",25,2024.0,0.1842048729940976,1.0,1.0
"Производство готовых металлических изделий, не включенных в другие группировки",25.04.АГ,2018.0,0.06548600108645009,0.4266666666666667,0.6173033235020347
"Производство готовых металлических изделий, не включенных в другие группировки",25.04.АГ,2019.0,0.07389058471425858,0.64,0.8776128132611974
"Производство готовых металлических изделий, не включенных в другие группировки",25.04.АГ,2020.0,0.07461684662526302,0.6533333333333333,0.7970841342810372
"Производство готовых металлических изделий, не включенных в другие группировки",25.04.АГ,2024.0,0.09476805304409594,0.8666666666666667,0.9376170215801167
Производство строительных металлических конструкций и изделий,25.1,2020.0,0.0352201717269188,0.013333333333333334,0.00021398231792779524
Производство строительных металлических конструкций и изделий,25.1,2021.0,0.03725065632619291,0.013333333333333334,7.132743930926508e-05
"Производство металлических цистерн, резервуаров и прочих емкостей",25.2,2018.0,0.0033306955567601487,0.05333333333333334,0.0037446905637364167
"Производство металлических цистерн, резервуаров и прочих емкостей",25.2,2019.0,0.0037290344109557364,0.04,0.019187081174192305
"Производство металлических цистерн, резервуаров и прочих емкостей",25.2,2020.0,0.004275253249224698,0.04,0.01895170062447173
"Производство металлических цистерн, резервуаров и прочих емкостей",25.2,2021.0,0.004537976574092746,0.04,0.009836053880747654
"Производство паровых котлов, кроме котлов центрального отопления",25.3,2020.0,0.004165222819844366,0.013333333333333334,0.027461064134067053
"Производство паровых котлов, кроме котлов центрального отопления",25.3,2021.0,0.004654509883571358,0.013333333333333334,0.04679080018687789
"Производство паровых котлов, кроме котлов центрального отопления",25.3,2024.0,0.0067532322295911,0.013333333333333334,0.05288929624782005
"Ковка, прессование, штамповка и профилирование; изготовление изделий методом порошковой металлургии",25.5,2024.0,0.003730627289223571,0.013333333333333334,0.00010699115896389762
Обработка металлов и нанесение покрытий на металлы; механическая обработка металлов,25.6,2018.0,0.017751324620483257,0.05333333333333334,0.0024251329365150127
Обработка металлов и нанесение покрытий на металлы; механическая обработка металлов,25.6,2019.0,0.0202402690343457,0.06666666666666667,0.00253212409547891
Обработка металлов и нанесение покрытий на металлы; механическая обработка металлов,25.6,2020.0,0.02341288672262036,0.08,0.07846018324019158
Обработка металлов и нанесение покрытий на металлы; механическая обработка металлов,25.6,2021.0,0.02496834213738955,0.05333333333333334,0.010235487540879539
Обработка металлов и нанесение покрытий на металлы; механическая обработка металлов,25.6,2022.0,0.023324573561316692,0.08,0.014408142740471546
Обработка металлов и нанесение покрытий на металлы; механическая обработка металлов,25.6,2023.0,0.027490132382366538,0.04,0.008555726345146347
Обработка металлов и нанесение покрытий на металлы; механическая обработка металлов,25.6,2024.0,0.029873837792666648,0.04,0.007525044847127465
"Производство ножевых изделий и столовых приборов, инструментов и универсальных скобяных изделий",25.7,2019.0,0.002194780670598105,0.05333333333333334,0.001925840861350157
"Производство ножевых изделий и столовых приборов, инструментов и универсальных скобяных изделий",25.7,2020.0,0.0024603856842256517,0.02666666666666667,0.0007846018324019158
"Производство ножевых изделий и столовых приборов, инструментов и универсальных скобяных изделий",25.7,2021.0,0.0022417194926283783,0.02666666666666667,0.0008915929913658134
Производство электрического оборудования,27,2018.0,0.051467859333727196,0.56,0.09072850280138518
Производство электрического оборудования,27,2019.0,0.05177535968339419,0.6133333333333333,0.07336027132957913
Производство электрического оборудования,27,2020.0,0.055359265413388675,0.6666666666666666,0.07938743995121203
Производство электрического оборудования,27,2021.0,0.057900274014305114,0.6266666666666667,0.09015788328691106
Производство электрического оборудования,27,2022.0,0.05279966948359036,0.7333333333333333,0.06639158050906394
Производство электрического оборудования,27,2023.0,0.05938290249237401,0.6933333333333334,0.08306080307563918
Производство электрического оборудования,27,2024.0,0.05921198789805125,0.7333333333333333,0.09408802519285156
"Производство электродвигателей, генераторов, трансформаторов и распределительных устройств, а также контрольно-измерительной аппаратуры",27.1,2019.0,0.020623372665544024,0.32,0.036983277281853945
"Производство электродвигателей, генераторов, трансформаторов и распределительных устройств, а также контрольно-измерительной аппаратуры",27.1,2020.0,0.021809196739511885,0.37333333333333335,0.0647260848011926
"Производство электродвигателей, генераторов, трансформаторов и распределительных устройств, а также контрольно-измерительной аппаратуры",27.1,2021.0,0.020177128087862557,0.3333333333333333,0.04023224214239096
"Производство электродвигателей, генераторов, трансформаторов и распределительных устройств, а также контрольно-измерительной аппаратуры",27.1,2022.0,0.01932238744369147,0.38666666666666666,0.042518286572252914
"Производство электродвигателей, генераторов, трансформаторов и распределительных устройств, а также контрольно-измерительной аппаратуры",27.1,2023.0,0.023228997590305844,0.36,0.06062475704090985
"Производство электродвигателей, генераторов, трансформаторов и распределительных устройств, а также контрольно-измерительной аппаратуры",27.1,2024.0,0.023635624735202615,0.38666666666666666,0.05916611090703538
Производство электрических аккумуляторов и аккумуляторных батарей,27.2,2018.0,0.0019214246770922854,0.09333333333333334,0.008559292717111809
Производство электрических аккумуляторов и аккумуляторных батарей,27.2,2019.0,0.0018987663817975318,0.10666666666666667,0.00731106252919967
Производство электрических аккумуляторов и аккумуляторных батарей,27.2,2020.0,0.001863749088517007,0.09333333333333334,0.0065264606967977545
Производство электрических аккумуляторов и аккумуляторных батарей,27.2,2021.0,0.0020562408396873296,0.08,0.039551065096987484
Производство электрических аккумуляторов и аккумуляторных батарей,27.2,2022.0,0.0017474051356733177,0.09333333333333334,0.0050285844713031875
Производство электрических аккумуляторов и аккумуляторных батарей,27.2,2023.0,0.0022603682735135243,0.12,0.008712646711626729
Производство кабелей и кабельной арматуры,27.3,2018.0,0.013686367227720686,0.04,0.01333823115083257
Производство кабелей и кабельной арматуры,27.3,2020.0,0.01439166055298599,0.05333333333333334,0.0009308230829859093
Производство кабелей и кабельной арматуры,27.3,2021.0,0.01807592657859093,0.05333333333333334,0.0034486816906029666
Производство кабелей и кабельной арматуры,27.3,2022.0,0.01732066781813622,0.10666666666666667,0.012528664714672412
Производство кабелей и кабельной арматуры,27.3,2023.0,0.017994942905670906,0.09333333333333334,0.0070186200280316835
Производство кабелей и кабельной арматуры,27.3,2024.0,0.01769042294508305,0.13333333333333333,0.014090735635545316
Производство электрических ламп и осветительного оборудования,27.4,2020.0,0.003172833889499926,0.02666666666666667,0.002139823179277952
Производство электрических ламп и осветительного оборудования,27.4,2021.0,0.0025895820153592594,0.02666666666666667,0.0022111506185872173
Производство электрических ламп и осветительного оборудования,27.4,2022.0,0.0026063744341045963,0.04,0.0023181417775511148
Производство электрических ламп и осветительного оборудования,27.4,2023.0,0.0030862354739574207,0.04,0.0027461064134067055
Производство электрических ламп и осветительного оборудования,27.4,2024.0,0.0032060016241371473,0.04,0.0028174338527159706
Производство бытовых приборов,27.5,2021.0,0.00794240186507536,0.013333333333333334,0.00024964603758242774
Производство прочего электрического оборудования,27.9,2018.0,0.00583498681727485,0.16,0.026284161385464182
Производство прочего электрического оборудования,27.9,2019.0,0.005914221335502034,0.13333333333333333,0.015406726890801256
Производство прочего электрического оборудования,27.9,2020.0,0.007187370012807194,0.12,0.00506424819095782
Производство прочего электрического оборудования,27.9,2021.0,0.007058994627729681,0.12,0.004465097700759994
Производство прочего электрического оборудования,27.9,2022.0,0.006679058261229684,0.09333333333333334,0.0037482569357018794
Производство прочего электрического оборудования,27.9,2023.0,0.008207709382861774,0.08,0.003958672881664212
Производство прочего электрического оборудования,27.9,2024.0,0.007982625150877914,0.09333333333333334,0.010449469858807334
"Производство машин и оборудования, не включенных в другие группировки",28,2018.0,0.06420042619217262,0.5333333333333333,0.15613576464798126
"Производство машин и оборудования, не включенных в другие группировки",28,2019.0,0.06631356338301046,0.6133333333333333,0.20816913162409012
"Производство машин и оборудования, не включенных в другие группировки",28,2020.0,0.0754236737720989,0.6533333333333333,0.12799352346851073
"Производство машин и оборудования, не включенных в другие группировки",28,2021.0,0.07297650607966988,0.7066666666666667,0.17737350970231494
"Производство машин и оборудования, не включенных в другие группировки",28,2022.0,0.07195671491485402,0.7066666666666667,0.18166385517676722
"Производство машин и оборудования, не включенных в другие группировки",28,2023.0,0.08137535089752862,0.8133333333333334,0.19787658213176315
"Производство машин и оборудования, не включенных в другие группировки",28,2024.0,0.08163859712127479,0.8,0.213664910822869
Производство машин и оборудования общего назначения,28.1,2018.0,0.020212653752295688,0.21333333333333335,0.11259036294967492
Производство машин и оборудования общего назначения,28.1,2019.0,0.0205026306491718,0.24,0.11526514192377237
Производство машин и оборудования общего назначения,28.1,2020.0,0.021852861100423605,0.26666666666666666,0.032186506988305864
Производство машин и оборудования общего назначения,28.1,2021.0,0.02070936749406305,0.29333333333333333,0.03801039240790736
Производство машин и оборудования общего назначения,28.1,2022.0,0.021116874594597042,0.30666666666666664,0.054733110553964556
Производство машин и оборудования общего назначения,28.1,2023.0,0.024504680487358915,0.29333333333333333,0.0520404997200398
Производство машин и оборудования общего назначения,28.1,2024.0,0.023114095377764248,0.29333333333333333,0.05759334087026609
Производство прочих машин и оборудования общего назначения,28.2,2019.0,0.01936147195429443,0.08,0.026926108339247565
Производство прочих машин и оборудования общего назначения,28.2,2020.0,0.021833637501270868,0.06666666666666667,0.018045842145244063
Производство прочих машин и оборудования общего назначения,28.2,2021.0,0.02080653508629376,0.05333333333333334,0.015299735731837358
Производство прочих машин и оборудования общего назначения,28.2,2022.0,0.0189794227106802,0.05333333333333334,0.016843974792882948
Производство прочих машин и оборудования общего назначения,28.2,2023.0,0.020850847626351927,0.10666666666666667,0.019975249378559684
Производство машин и оборудования для сельского и лесного хозяйства,28.3,2020.0,0.008357283476158689,0.02666666666666667,0.00035663719654632537
Производство машин и оборудования для сельского и лесного хозяйства,28.3,2021.0,0.010488336859066267,0.013333333333333334,0.0009629204306750785
Производство машин и оборудования для сельского и лесного хозяйства,28.3,2023.0,0.008603486307120272,0.04,0.001854513422040892
Производство машин и оборудования для сельского и лесного хозяйства,28.3,2024.0,0.006603021612408365,0.02666666666666667,0.0022789116859310192
"Производство станков, машин и оборудования для обработки металлов и прочих твердых материалов",28.4,2020.0,0.0018441024761799805,0.013333333333333334,0.000534955794819488
"Производство станков, машин и оборудования для обработки металлов и прочих твердых материалов",28.4,2021.0,0.001623965825145032,0.013333333333333334,0.00017831859827316268
Производство прочих машин специального назначения,28.9,2018.0,0.017958735088715743,0.25333333333333335,0.04251115382832198
Производство прочих машин специального назначения,28.9,2019.0,0.018970812626723697,0.25333333333333335,0.06497929721074049
Производство прочих машин специального назначения,28.9,2020.0,0.021535789218065756,0.28,0.07686958134359498
Производство прочих машин специального назначения,28.9,2021.0,0.019348258439352867,0.3333333333333333,0.12292214253362196
Производство прочих машин специального назначения,28.9,2022.0,0.020953251165234745,0.30666666666666664,0.10890986708131685
Производство прочих машин специального назначения,28.9,2023.0,0.025444333553527133,0.36,0.12372100985388573
Производство прочих машин специального назначения,28.9,2024.0,0.02764264379430929,0.37333333333333335,0.12983733777465523
"Производство автотранспортных средств, прицепов и полуприцепов",29,2018.0,0.13102601317441462,0.13333333333333333,0.10306814980188804
"Производство автотранспортных средств, прицепов и полуприцепов",29,2019.0,0.13472592026757216,0.13333333333333333,0.12029372639507555
"Производство автотранспортных средств, прицепов и полуприцепов",29,2020.0,0.12269577312823055,0.13333333333333333,0.1403117722372208
"Производство автотранспортных средств, прицепов и полуприцепов",29,2021.0,0.1370954212452427,0.12,0.14239096709308588
"Производство автотранспортных средств, прицепов и полуприцепов",29,2022.0,0.06915284664347099,0.21333333333333335,0.24029501028898312
"Производство автотранспортных средств, прицепов и полуприцепов",29,2023.0,0.07703683664271226,0.16,0.14498728588394313
"Производство автотранспортных средств, прицепов и полуприцепов",29,2024.0,0.08737637276314236,0.22666666666666666,0.29484623587270903
Производство автотранспортных средств,29.1,2018.0,0.10173606803058145,0.10666666666666667,0.09914514063987846
Производство автотранспортных средств,29.1,2019.0,0.10229458484487561,0.09333333333333334,0.11390992057689632
Производство автотранспортных средств,29.1,2020.0,0.09279198410000408,0.08,0.13542584264453614
Производство автотранспортных средств,29.1,2021.0,0.10329626966706178,0.08,0.14071477226931814
Производство автотранспортных средств,29.1,2022.0,0.047393472609069454,0.12,0.2348812576454099
Производство автотранспортных средств,29.1,2023.0,0.05059221496859525,0.08,0.13837879863193972
Производство комплектующих и принадлежностей для автотранспортных средств,29.3,2019.0,0.028308012961570192,0.04,0.006383805818179224
Производство комплектующих и принадлежностей для автотранспортных средств,29.3,2020.0,0.02539136638700981,0.05333333333333334,0.004885929592684658
Производство комплектующих и принадлежностей для автотранспортных средств,29.3,2021.0,0.028574560744640216,0.04,0.0016761948237677294
Производство комплектующих и принадлежностей для автотранспортных средств,29.3,2022.0,0.016898827283180724,0.08,0.004522159652207406
Производство комплектующих и принадлежностей для автотранспортных средств,29.3,2023.0,0.01965317844994596,0.06666666666666667,0.005716894260637596
Производство комплектующих и принадлежностей для автотранспортных средств,29.3,2024.0,0.021710488838980264,0.08,0.004671947274756862
Производство прочих транспортных средств и оборудования,30,2018.0,0.11116404550616714,0.4666666666666667,0.36854887891097265
Производство прочих транспортных средств и оборудования,30,2019.0,0.11319223531473935,0.49333333333333335,0.5511114598230366
Производство прочих транспортных средств и оборудования,30,2020.0,0.10525733661466305,0.5466666666666666,0.6803639125953559
Производство прочих транспортных средств и оборудования,30,2021.0,0.10696075492905176,0.5866666666666667,0.668170486845437
Производство прочих транспортных средств и оборудования,30,2022.0,0.08913499096524978,0.7066666666666667,0.5525344422372565
Производство прочих транспортных средств и оборудования,30,2023.0,0.10443496991792543,0.72,0.5625595138321736
Производство прочих транспортных средств и оборудования,30,2024.0,0.10941734613125899,0.6666666666666666,0.5998209681273337
"Производство прочих транспортных средств, не включенных в другие группировки",30.01.АГ,2018.0,0.024274476348585965,0.08,0.020150001604867383
"Производство прочих транспортных средств, не включенных в другие группировки",30.01.АГ,2019.0,0.020821361735618365,0.08,0.016369647321476336
"Производство прочих транспортных средств, не включенных в другие группировки",30.01.АГ,2020.0,0.02550468691893462,0.06666666666666667,0.011943779712336436
"Производство прочих транспортных средств, не включенных в другие группировки",30.01.АГ,2024.0,0.0275767480161583,0.04,0.014229824142198382
Производство железнодорожных локомотивов и подвижного состава,30.2,2018.0,0.038972098084205285,0.10666666666666667,0.03605602057083349
Производство железнодорожных локомотивов и подвижного состава,30.2,2019.0,0.05014884691364716,0.09333333333333334,0.016547965919749497
Производство железнодорожных локомотивов и подвижного состава,30.2,2020.0,0.037951755863739285,0.10666666666666667,0.01782116071141988
Производство железнодорожных локомотивов и подвижного состава,30.2,2021.0,0.03379372748232158,0.10666666666666667,0.01777836424783432
Производство железнодорожных локомотивов и подвижного состава,30.2,2022.0,0.030057838796737738,0.09333333333333334,0.020007346726248855
Производство железнодорожных локомотивов и подвижного состава,30.2,2023.0,0.03381165393476975,0.08,0.01969707236525355
Производство железнодорожных локомотивов и подвижного состава,30.2,2024.0,0.037164239702943996,0.08,0.01901589531985007
"Производство летательных аппаратов, включая космические, и соответствующего оборудования",30.3,2018.0,0.04728747976265685,0.28,0.3123428567352718
"Производство летательных аппаратов, включая космические, и соответствующего оборудования",30.3,2019.0,0.04165902786867192,0.32,0.5181938465818108
"Производство летательных аппаратов, включая космические, и соответствующего оборудования",30.3,2020.0,0.04108835162378503,0.37333333333333335,0.6505989721715995
"Производство летательных аппаратов, включая космические, и соответствующего оборудования",30.3,2021.0,0.04299727401044893,0.41333333333333333,0.6325245990506317
"Производство летательных аппаратов, включая космические, и соответствующего оборудования",30.3,2022.0,0.03465454724358857,0.52,0.5172986872184795
"Производство летательных аппаратов, включая космические, и соответствующего оборудования",30.3,2023.0,0.039265986385101766,0.5333333333333333,0.5177730146898861
"Производство летательных аппаратов, включая космические, и соответствующего оборудования",30.3,2024.0,0.04422855822657722,0.5466666666666666,0.5665752486652853
Производство прочих готовых изделий,32,2018.0,0.012300273285905362,0.06666666666666667,0.00506424819095782
Производство прочих готовых изделий,32,2019.0,0.013189014811853857,0.09333333333333334,0.006062832341287532
Производство прочих готовых изделий,32,2020.0,0.016712122876141478,0.16,0.009418788360788454
Производство прочих готовых изделий,32,2021.0,0.014233590298462145,0.14666666666666667,0.0076676997257459955
Производство прочих готовых изделий,32,2022.0,0.013820021525129617,0.13333333333333333,0.006640584599692578
Производство прочих готовых изделий,32,2023.0,0.015957104013369073,0.14666666666666667,0.004097761388317279
Производство прочих готовых изделий,32,2024.0,0.015834834882186323,0.14666666666666667,0.005167672977956255
Производство медицинских инструментов и оборудования,32.5,2018.0,0.0019538004439372974,0.05333333333333334,0.004957257031993923
Производство медицинских инструментов и оборудования,32.5,2019.0,0.002413846156869159,0.04,0.002139823179277952
Производство медицинских инструментов и оборудования,32.5,2020.0,0.005380586699774579,0.09333333333333334,0.004568522487758428
Производство медицинских инструментов и оборудования,32.5,2021.0,0.0035396039299778036,0.06666666666666667,0.0026034515347881752
Производство медицинских инструментов и оборудования,32.5,2022.0,0.0035556767549168563,0.06666666666666667,0.0018901771416955245
Производство медицинских инструментов и оборудования,32.5,2023.0,0.003985074044811478,0.08,0.0034344162027411134
Производство медицинских инструментов и оборудования,32.5,2024.0,0.00408125105015628,0.09333333333333334,0.004786071177651686
"Производство изделий, не включенных в другие группировки",32.9,2024.0,0.003517617201537906,0.04,0.00022111506185872173
Ремонт и монтаж машин и оборудования,33,2018.0,0.05469911503517766,0.06666666666666667,0.0074537174078182005
Ремонт и монтаж машин и оборудования,33,2019.0,0.05811493689954551,0.06666666666666667,0.022111506185872175
Ремонт и монтаж машин и оборудования,33,2020.0,0.06508039039716339,0.05333333333333334,0.022182833625181437
Ремонт и монтаж машин и оборудования,33,2021.0,0.056579125290808864,0.05333333333333334,0.009201239670895195
Ремонт и монтаж машин и оборудования,33,2022.0,0.05041864425395104,0.09333333333333334,0.03307809997967168
Ремонт и монтаж машин и оборудования,33,2023.0,0.05240292610997246,0.13333333333333333,0.06648073980820052
"Производство, передача и распределение электроэнергии",35.1,2018.0,0.19460395101135927,0.12,0.005135575630267086
"Производство, передача и распределение электроэнергии",35.1,2021.0,0.1857404926935098,0.013333333333333334,0.00035663719654632537
"Производство, передача и распределение электроэнергии",35.1,2024.0,0.1481343179592845,0.02666666666666667,0.00105207972981166
"Производство, передача и распределение пара и горячей воды; кондиционирование воздуха",35.3,2020.0,0.08443512363702968,0.013333333333333334,0.015930983569724354
"Производство, передача и распределение пара и горячей воды; кондиционирование воздуха",35.3,2021.0,0.0758681848089466,0.013333333333333334,0.013463054169623782
"Сбор, обработка и утилизация отходов; обработка вторичного сырья",38,2018.0,0.03337114181012438,0.05333333333333334,0.00420831891924664
"Сбор, обработка и утилизация отходов; обработка вторичного сырья",38,2020.0,0.05370486084963032,0.013333333333333334,0.00464698267099862
"Сбор, обработка и утилизация отходов; обработка вторичного сырья",38,2021.0,0.05418998056775282,0.013333333333333334,0.010877434494662924
"Сбор, обработка и утилизация отходов; обработка вторичного сырья",38,2024.0,0.04050753743031301,0.02666666666666667,0.011412390289482412
"Предоставление услуг в области ликвидации последствий загрязнений и прочих услуг, связанных с удалением отходов",39,2024.0,0.000242041279907205,0.013333333333333334,0.015916718081862503
ДОБЫЧА ПОЛЕЗНЫХ ИСКОПАЕМЫХ,B,2018.0,0.9349849097277012,0.06666666666666667,0.013837523225997425
ДОБЫЧА ПОЛЕЗНЫХ ИСКОПАЕМЫХ,B,2019.0,0.9108653940883935,0.08,0.014729116217363239
ДОБЫЧА ПОЛЕЗНЫХ ИСКОПАЕМЫХ,B,2020.0,0.6867745950904129,0.08,0.014693452497708606
ДОБЫЧА ПОЛЕЗНЫХ ИСКОПАЕМЫХ,B,2021.0,1.0,0.06666666666666667,0.003994336601318844
ДОБЫЧА ПОЛЕЗНЫХ ИСКОПАЕМЫХ,B,2022.0,0.9772947449985767,0.09333333333333334,0.0038445489787693873
ДОБЫЧА ПОЛЕЗНЫХ ИСКОПАЕМЫХ,B,2023.0,0.8906809678446196,0.09333333333333334,0.00747511563961098
ДОБЫЧА ПОЛЕЗНЫХ ИСКОПАЕМЫХ,B,2024.0,0.8533827721251853,0.06666666666666667,0.006711912039001843
"ОБЕСПЕЧЕНИЕ ЭЛЕКТРИЧЕСКОЙ ЭНЕРГИЕЙ, ГАЗОМ И ПАРОМ; КОНДИЦИОНИРОВАНИЕ ВОЗДУХА",D,2018.0,0.289938867425727,0.12,0.005135575630267086
"ОБЕСПЕЧЕНИЕ ЭЛЕКТРИЧЕСКОЙ ЭНЕРГИЕЙ, ГАЗОМ И ПАРОМ; КОНДИЦИОНИРОВАНИЕ ВОЗДУХА",D,2020.0,0.282809036468442,0.02666666666666667,0.015930983569724354
"ОБЕСПЕЧЕНИЕ ЭЛЕКТРИЧЕСКОЙ ЭНЕРГИЕЙ, ГАЗОМ И ПАРОМ; КОНДИЦИОНИРОВАНИЕ ВОЗДУХА",D,2021.0,0.27312153284270974,0.02666666666666667,0.013819691366170108
"ВОДОСНАБЖЕНИЕ; ВОДООТВЕДЕНИЕ, ОРГАНИЗАЦИЯ СБОРА И УТИЛИЗАЦИИ ОТХОДОВ, ДЕЯТЕЛЬНОСТЬ ПО ЛИКВИДАЦИИ ЗАГРЯЗНЕНИЙ",E,2018.0,0.06092744172456635,0.05333333333333334,0.00420831891924664
"ВОДОСНАБЖЕНИЕ; ВОДООТВЕДЕНИЕ, ОРГАНИЗАЦИЯ СБОРА И УТИЛИЗАЦИИ ОТХОДОВ, ДЕЯТЕЛЬНОСТЬ ПО ЛИКВИДАЦИИ ЗАГРЯЗНЕНИЙ",E,2020.0,0.08006755951069991,0.013333333333333334,0.00464698267099862
"ВОДОСНАБЖЕНИЕ; ВОДООТВЕДЕНИЕ, ОРГАНИЗАЦИЯ СБОРА И УТИЛИЗАЦИИ ОТХОДОВ, ДЕЯТЕЛЬНОСТЬ ПО ЛИКВИДАЦИИ ЗАГРЯЗНЕНИЙ",E,2021.0,0.07909687786923546,0.013333333333333334,0.010877434494662924
"ВОДОСНАБЖЕНИЕ; ВОДООТВЕДЕНИЕ, ОРГАНИЗАЦИЯ СБОРА И УТИЛИЗАЦИИ ОТХОДОВ, ДЕЯТЕЛЬНОСТЬ ПО ЛИКВИДАЦИИ ЗАГРЯЗНЕНИЙ",E,2024.0,0.06137360759891507,0.04,0.02732910837134491
