region,okato,year,factoriescap_r,ITcosts_r,skvozcosts_r,trainingcosts_r
Северо-Кавказский федеральный округ,038,2020,0.11259027282200942,0.3866923769713978,0.10216342600293846,0.33412934425133883
Северо-Кавказский федеральный округ,038,2021,0.12437056489944455,0.39208974235593047,0.16985515624282618,0.3581258595413285
Северо-Кавказский федеральный округ,038,2022,0.11600676607042378,0.344201462052911,0.2999225614513003,0.29748100393426424
Северо-Кавказский федеральный округ,038,2023,0.11360473332398364,0.34358549373112873,0.1980041849596783,0.31706146586610723
Северо-Кавказский федеральный округ,038,2024,0.10694419506636534,0.3124317959817043,0.2820506382231723,0.4054870177887119
Южный федеральный округ,040,2020,0.6431064880341649,0.4140849099947074,0.5189850388151882,0.2131008911964118
Южный федеральный округ,040,2021,0.6716267284508356,0.31692251807196486,0.7268812378776486,0.19253855096010608
Южный федеральный округ,040,2022,0.649873138588636,0.2971343734910101,0.19368470394826762,0.2726327655463557
Южный федеральный округ,040,2023,0.6248657843420128,0.3191112517880235,0.18695023304706582,0.2574814011808422
Дальневосточный федеральный округ,042,2020,0.6530823647501752,0.2584409027839275,0.0703743271302797,0.5326699036793408
Дальневосточный федеральный округ,042,2022,0.6760008476616478,0.29666000058065084,0.16342980323529502,0.2808589092065367
Дальневосточный федеральный округ,042,2023,0.6956106678446082,0.2658428929991011,0.25472468218218713,0.2485834504404124
Дальневосточный федеральный округ,042,2024,0.6891026509308665,0.2646596026224985,0.221281362056826,0.38012272722673374
Алтайский край,1,2020,0.0780425493068165,0.2781305379776059,0.009636042589217882,0.5534663228000795
Алтайский край,1,2021,0.08669538263728382,0.23949802949646026,0.03293174116694639,0.12926956279634702
Алтайский край,1,2022,0.07991871648366018,0.24745357330217657,0.05892611713412382,0.16756342586835574
Алтайский край,1,2023,0.07550077402906918,0.21136589032793587,0.0454768310807723,0.17075545987200882
Алтайский край,1,2024,0.0785292004146226,0.21139655752492081,0.01690176761482736,0.19962815400024062
Амурская область,10,2020,0.035947694137186584,0.3494534729085272,0.012058216505536502,0.13979819032679852
Амурская область,10,2021,0.03278196525565521,0.4663463365959268,0.009016604316721742,0.27448066172587
Амурская область,10,2022,0.02688056508551811,0.4683126213427233,0.0028798924113295457,0.18251734187845295
Амурская область,10,2023,0.04002574439443056,0.40277642292949123,0.03613906167546109,0.09372593756642204
Амурская область,10,2024,0.04876407921690101,0.3365356580332114,0.030230663679728466,0.07593698865114717
Архангельская область,11,2020,0.09908786688212377,0.19941446784779304,0.0491453780964431,0.08561719834298612
Архангельская область,11,2021,0.14764704711472978,0.13348366124201272,0.020675150664271946,0.15329554764356526
Архангельская область,11,2022,0.12144978141268431,0.1566376553564755,0.009461605073062483,0.1500320458471875
Архангельская область,11,2023,0.11955890615801983,0.15559915204396324,0.04879951436459563,0.13623760874538332
Архангельская область,11,2024,0.10330730012754068,0.1539809234499027,0.021714099873760363,0.17735886489822766
Архангельская область (кроме Ненецкого автономного округа),11001,2020,0.055503924218351285,0.234790846271921,0.07417219790184881,0.12521955176512692
Архангельская область (кроме Ненецкого автономного округа),11001,2021,0.07631929475073194,0.2147799515389019,0.02461131946428612,0.13966459323181982
Архангельская область (кроме Ненецкого автономного округа),11001,2024,0.04013494473284464,0.3376545709835806,0.025488510679678847,0.1968673419040012
Ненецкий автономный округ (Архангельская область),111,2020,0.043584025409243374,0.1543625409232064,0.0006677615043613721,0.008906402568368183
Ненецкий автономный округ (Архангельская область),111,2021,0.07132782696595553,0.046498181659232266,0.0012212418152655923,0.2206644096263148
Астраханская область,12,2021,0.07480621784496828,0.12426644253475727,0.030737815588459092,0.07825889238008561
Астраханская область,12,2022,0.07665308376832689,0.11306440557610213,0.024030596839128417,0.1594859371167536
Астраханская область,12,2023,0.0665968715469058,0.12834497129465772,0.030413045929238495,0.21234069994176064
Белгородская область,14,2020,0.16572279459011446,0.09632423223041706,0.8375029591414055,0.3520294267345373
Белгородская область,14,2021,0.21404913062062925,0.10098068902766906,0.03230674796155058,0.0881006091840786
Белгородская область,14,2022,0.16794437611069907,0.1408381743882272,0.021277387958365448,0.08181407191605056
Белгородская область,14,2024,0.1452823100087146,0.20224295457855235,0.5960313714250476,0.06654144138779161
Брянская область,15,2020,0.04821148312331475,0.28417078147823344,0.01967091590372111,0.3503240701516004
Брянская область,15,2021,0.0536072509472901,0.380103152436473,0.018329710819853063,0.1814836914299773
Брянская область,15,2022,0.051563892416518604,0.3091300350972457,0.022125233544799394,0.08573226035411159
Брянская область,15,2023,0.05465960586600588,0.2948481090999307,0.015934479474753283,0.08768495158223426
Брянская область,15,2024,0.05282158709810108,0.3610262304845233,0.01523856896570309,0.06820657268910385
Владимирская область,17,2020,0.09897218871381908,0.20714629208317625,0.7039709257116974,0.3542045586942947
Владимирская область,17,2021,0.12045426052882185,0.17092273048935028,0.5405609320332649,0.1224636404226833
Владимирская область,17,2022,0.09947116368455113,0.17151267709304596,0.5178584913289025,0.10388613720993495
Владимирская область,17,2023,0.10429209838253381,0.16497304536240395,0.536253788270002,0.10517976438927741
Волгоградская область,18,2020,0.14973314254073608,0.20515488283008076,1.0,0.160386478383705
Волгоградская область,18,2021,0.11291379305387027,0.24111236768597144,0.06883645581243758,0.21141579018156745
Волгоградская область,18,2022,0.11402793471940031,0.249378837001417,0.03690460032090593,0.15353564369561437
Волгоградская область,18,2023,0.1078996745772765,0.22465048839718993,0.009005442977995918,0.9433774433962061
Волгоградская область,18,2024,0.09816434249761861,0.23931581632434695,0.15953852968378723,0.19489423187112706
Вологодская область,19,2020,0.13089754276555532,0.15760822602305835,0.10151390616632049,0.0919680794454515
Вологодская область,19,2022,0.15955202338722754,0.12316411630168099,0.025564924008347336,0.2763292517427999
Вологодская область,19,2023,0.14020623207294183,0.14222601718652347,0.04690129226172863,0.16093208568607156
Воронежская область,20,2020,0.1276986028609348,0.14050652990990387,0.3465008419004876,0.7436805148013893
Воронежская область,20,2021,0.13414595782271818,0.2010575242523831,0.2723882052940166,0.7124483327711362
Воронежская область,20,2022,0.12401657666898731,0.22033873852968203,0.2284355691694896,0.25443411654610115
Воронежская область,20,2023,0.1180003519532063,0.214142620047438,0.1484428997483215,0.2692113083506708
Воронежская область,20,2024,0.11629407414707077,0.24307095514577964,0.049513800836164516,0.21087150047090342
Нижегородская область,22,2021,0.24733174961430734,0.3744755791162753,0.4843219507827396,0.26599862276920117
Нижегородская область,22,2022,0.23168034419023562,0.3548298398030074,0.1303412008628081,0.2816501697547302
Нижегородская область,22,2024,0.23770277931031034,0.44023400205643953,0.2782043786125697,0.39940836725850404
Ивановская область,24,2020,0.04255500273325111,0.4977937546313747,0.06289503220109936,0.33884059880494344
Ивановская область,24,2021,0.03933015209144092,0.19893084073067874,0.14575392479236518,0.19188369744232775
Ивановская область,24,2022,0.03830514246887159,0.30895171077826855,0.521089400410969,0.0736532407667424
Ивановская область,24,2023,0.04061687392303659,0.18022179367490557,0.08246265728655341,0.09583468370967262
Ивановская область,24,2024,0.03849894301911929,0.1656001394359288,0.018961460164361513,0.11834306617857632
Иркутская область,25,2020,0.20492006886010647,0.22177715545498589,0.3374024883067601,0.27053990753756846
Иркутская область,25,2021,0.2474223909928944,0.16642780804014123,0.10935827393079126,0.17314648387038964
Иркутская область,25,2022,0.2397841357260603,0.17559908113264655,0.1694680436872812,0.28954408724604974
Иркутская область,25,2023,0.22411312705064104,0.18001252630841305,0.34636234849631536,0.2805436097061812
Иркутская область,25,2024,0.2202618782272096,0.17282813792676371,0.5029358805849246,0.19321391493986395
Калининградская область,27,2020,0.11190456110474119,0.11775664330376286,0.08706729612862224,0.22877021747824358
Калининградская область,27,2021,0.12296028949137056,0.13601434374344548,0.5374243734160734,0.18716736869005587
Калининградская область,27,2022,0.07847836879931806,0.20602581241312173,0.06324774016431367,0.16646176388965983
Калининградская область,27,2024,0.0653830426029053,0.8308489690296782,0.0015608777248028018,0.052159780845396235
Тверская область,28,2020,0.07750536570979642,0.616208333748034,0.022376850670660493,0.09585151985063069
Тверская область,28,2021,0.07623372630526747,0.4161127426870057,0.07080174398438606,0.1551469601191513
Тверская область,28,2022,0.06983867791500636,0.29912150247041136,0.032238768216370645,0.16407705755618815
Тверская область,28,2023,0.0746756045510944,0.2740321754462081,0.0773623374040832,0.26130885459500813
Тверская область,28,2024,0.0726852056841331,0.3040629622070657,0.05359127171881891,0.35086943590013425
Калужская область,29,2020,0.15702930718196267,0.12097353534198944,0.028474886596294016,0.20744415752758472
Калужская область,29,2022,0.11653169782462276,0.16898664857079948,0.021025176919965603,0.13370969162304341
Калужская область,29,2023,0.108893897720969,0.15261432389988527,0.02582358832023329,0.18949421758140542
Калужская область,29,2024,0.10929521082823372,0.1563308670416634,0.11498452885998137,0.15895668979369357
Краснодарский край,3,2022,0.21740148190950068,0.387643517370542,0.34828090304069764,0.1371842257930411
Краснодарский край,3,2023,0.20683135367098804,0.39245819992968595,0.4026891019033886,0.1381449770772946
Камчатский край,30,2020,0.030913790670101866,0.3166770339887841,0.027172469908108714,0.518109175380374
Камчатский край,30,2021,0.031960224691756835,0.2972044540618307,0.2772034424148056,0.2479216440481566
Камчатский край,30,2022,0.02725409361282157,0.3482537004365584,0.09318628707645726,0.3357043216794587
Камчатский край,30,2023,0.03183177798005658,0.3091218149541561,0.029153408257473267,0.13073851186820837
Камчатский край,30,2024,0.026796650481787924,0.3399047479473683,0.02833869094129985,0.15790168625455478
Кемеровская область - Кузбасс,32,2021,0.38184885217650755,0.08522881743594347,0.07978082406259494,0.24695455365364608
Кемеровская область - Кузбасс,32,2022,0.370841844895805,0.09086631890188847,0.147648685386091,0.20486066911382564
Кемеровская область - Кузбасс,32,2023,0.2814299684582037,0.10835854987754333,0.01932418711673651,0.2767489584451258
Кемеровская область - Кузбасс,32,2024,0.2213952223162907,0.14079305676810092,0.14449417798011044,0.1551174500054144
Кировская область,33,2020,0.05329677152782236,0.22670644874875903,0.09215767937994093,0.2568306625548468
Кировская область,33,2021,0.06121344274696203,0.271861186143761,0.011331099265166516,0.5974873272355709
Кировская область,33,2022,0.05424956630975957,0.27074692280941104,0.014130255074897345,0.13021219564916028
Кировская область,33,2023,0.05243940866501647,0.31699415572731493,0.019860020866053398,0.22239707795015082
Кировская область,33,2024,0.05536455294000786,0.46229910950028796,0.02356574866818451,0.3199374247766671
Костромская область,34,2021,0.03405146676957791,0.91587097742202,0.007723528925203837,0.1033518285103735
Костромская область,34,2022,0.03143249490795262,0.8946924623086651,0.06882111929527752,0.043788446094293165
Костромская область,34,2023,0.03258503823694669,1.0,0.10386146518265386,0.05515159101287864
Самарская область,36,2020,0.2649984936911593,0.4808281751578273,0.2312558295378685,0.186701914276344
Самарская область,36,2022,0.2553487908566879,0.32008093114293173,0.06957965816834616,0.25743615498938377
Самарская область,36,2023,0.26553339669682086,0.3155874307168529,0.02702348335259912,0.3805225410191479
Самарская область,36,2024,0.2866683129316012,0.3100218128816572,0.05078750492718401,0.3223477313157933
Курганская область,37,2020,0.026191506646390167,0.25059706401552106,0.010426111178294086,0.10872514431935866
Курганская область,37,2021,0.027905160679840366,0.22419860023259217,0.021324138546861424,0.09999245617153883
Курганская область,37,2022,0.028969135411572824,0.2128939100773032,0.01715257911767371,0.41712290500294946
Курганская область,37,2023,0.03251480392007982,0.3306494754150249,0.1779000705004289,0.2977580160514822
Курганская область,37,2024,0.037003130089577334,0.565508097460631,0.002634586478781663,0.10109849410919586
Курская область,38,2020,0.06545928005758074,0.15773239462900013,0.02895622747694608,0.4211740398074836
Курская область,38,2021,0.08795153040078095,0.14248263390846527,0.055004402439220806,0.3883461295036645
Курская область,38,2022,0.06702618333379129,0.16779061383395552,0.10144142004301523,0.15029368284057767
Курская область,38,2023,0.07106155206004285,0.17595564506012867,0.0672263283453163,0.17272472711335762
Курская область,38,2024,0.06613407058596815,0.1665628832930889,0.00596444741271539,0.1439356139464636
Красноярский край,4,2020,0.43098723222471536,0.1451377148011651,0.09931996055310365,0.1888274258960966
Красноярский край,4,2021,0.4355459238808501,0.16565872885768843,0.04782038504383448,0.21864633118085353
Красноярский край,4,2022,0.3802091789321908,0.2312134194774254,0.08519052604146632,0.3341999287408632
Красноярский край,4,2023,0.3751504622289,0.2224945056698949,0.2719894028975654,0.5084489857097985
Красноярский край,4,2024,0.35327457139649876,0.2294683058399447,0.3745765129821012,0.5700679714886192
Город Санкт-Петербург город федерального значения,40,2020,0.5278636436518239,0.6600640704573634,0.6335507361055,0.4320351545774216
Город Санкт-Петербург город федерального значения,40,2021,0.698324008833801,0.929666236553512,0.09043186185052854,0.4245349666325764
Город Санкт-Петербург город федерального значения,40,2024,0.5838131866879779,0.8657345228444969,0.05406613558579618,0.40656587086170565
Ленинградская область,41,2020,0.2211019386383631,0.19340450777027346,0.08674180457855243,0.11876221327450862
Ленинградская область,41,2021,0.2662223081353439,0.24447587910424978,0.10073276139464746,0.12276699868858267
Ленинградская область,41,2022,0.24424548834739204,0.15947854395406036,0.04743978739356216,0.5188551596531572
Ленинградская область,41,2023,0.22768357620188892,0.12601336499524102,0.17348131742910108,0.2623636041168704
Ленинградская область,41,2024,0.22975134042437012,0.1514486885734659,0.04730469610981368,0.2075636535017727
Липецкая область,42,2020,0.13246523845704372,0.15888629616512603,0.03620755623836808,0.1762234491654016
Липецкая область,42,2022,0.14691640928516306,0.16668527169405112,0.013201406634358193,0.239724471000462
Липецкая область,42,2023,0.14456617524232512,0.16177047441755213,0.05589379445607134,0.2778810626366419
Липецкая область,42,2024,0.13318568119045,0.17990775605657766,0.12907203532016892,0.26292937201597505
Магаданская область,44,2020,0.04102065346653154,0.13940143325756238,0.006134908323815835,0.4529909154370302
Магаданская область,44,2021,0.041578953503892346,0.5203149961998531,0.1274209140527754,0.06827117595761106
Магаданская область,44,2024,0.04482057663809269,0.10978771253670452,0.10957253043402924,0.21566832284333057
Московская область,46,2020,0.6404418356350833,0.3533262593137297,0.1137191440836455,0.30689466939945415
Московская область,46,2021,0.6652554974586784,0.3994935987019342,0.13623580978898964,0.3161822094086308
Московская область,46,2023,0.658313956552538,0.30393116307763973,0.14316347834870372,0.3883209700718281
Московская область,46,2024,0.6578379896175828,0.31465536817065576,0.08897720648883896,0.3387624097721028
Мурманская область,47,2020,0.16859538635754348,0.10241183233473913,0.019694008802243222,0.271869039457715
Мурманская область,47,2021,0.178442138431365,0.10006631245198037,0.031381366051928934,0.5271684500172799
Мурманская область,47,2022,0.14582866345396567,0.13436086343476678,0.16660502546186,0.23898630122259737
Мурманская область,47,2023,0.12785537671052385,0.12441458460359703,0.7801958264002047,0.17619007841665588
Мурманская область,47,2024,0.09776008258390669,0.17416790171222632,0.23980092738900213,0.2689690839607323
Новгородская область,49,2020,0.04017954575493123,0.20642802798635082,0.16322788433459465,0.26050060623580573
Новгородская область,49,2021,0.05303856022385866,0.14187689270665538,0.026504770990438728,0.197849033364762
Новгородская область,49,2022,0.049254835625984046,0.13483888846988068,0.2069637732590808,0.21732994157419444
Приморский край,5,2020,0.060664759237781786,0.594073969870062,0.19037265738345488,0.5882559584629932
Приморский край,5,2021,0.06633956706535955,0.5254225660677372,0.1448658736575809,0.17308710109905268
Приморский край,5,2022,0.05199364562258593,0.6227775378222471,0.04917932928155811,0.496154317061976
Приморский край,5,2023,0.05221748385615654,0.6302967807297548,0.11978258477314778,0.28696195981296385
Новосибирская область,50,2020,0.12411886829927692,0.7225147009450078,0.1915097832814373,0.18402840933944553
Новосибирская область,50,2021,0.1359381952541385,0.8581586044547517,0.017302050261925512,0.26829431367206696
Новосибирская область,50,2022,0.13487707933232077,0.8426692523484794,0.007581523146101084,0.2675219517111797
Новосибирская область,50,2023,0.13882599933718456,0.8356837681124814,0.01410279212575214,0.1617041137126498
Омская область,52,2020,0.1568023363553105,0.16525184276634522,0.021319804778214768,0.23400097623382973
Омская область,52,2021,0.1491334165196423,0.1872293790408984,0.039789344324965295,0.2967536814990489
Омская область,52,2023,0.07585758445760347,0.39468139114626294,0.019782107611983152,0.12137130126181807
Омская область,52,2024,0.17051829452420972,0.1540841072509115,0.06790624451068178,0.1618302526211035
Оренбургская область,53,2020,0.14698193837910317,0.17337179318831913,0.46460767289450816,0.22660769240443068
Оренбургская область,53,2021,0.19561140598273957,0.2342056894976549,0.008207789596889592,0.09432998541769344
Оренбургская область,53,2022,0.17555903815413854,0.17553154060982198,0.03440273521639031,0.14126967121555192
Оренбургская область,53,2023,0.17058542145503172,0.20298186146800848,0.00791699448778501,0.18130875731675558
Оренбургская область,53,2024,0.161806835818933,0.21589536552827857,0.06850053763931913,0.15375347329181122
Орловская область,54,2020,0.027351680893743624,0.23422659988929373,0.018098355208570012,0.36860043453567837
Орловская область,54,2021,0.030250422423578276,0.27791714133161627,0.044253106025233295,0.15254900126645515
Орловская область,54,2022,0.029031222080387192,0.2609687960023033,0.006161179739701613,0.24163815654811174
Орловская область,54,2023,0.028191931964050745,0.25622117029358354,0.0008578524511637002,0.07362927863079612
Пензенская область,56,2020,0.05123053437421968,0.21537082757408826,0.24996400532883908,0.4201028173664695
Пензенская область,56,2021,0.05245703796370543,0.2102987213125413,0.19944437191541514,0.20283248773084936
Пензенская область,56,2022,0.04647675659925896,0.2392148999737463,0.17219840974990686,0.12277720758936883
Пензенская область,56,2023,0.0487671811674663,0.2123085925002708,0.06735432085052663,0.1710709131207414
Пензенская область,56,2024,0.05026343297316213,0.20568939014030552,0.046973396749897284,0.19909467414711066
Пермский край,57,2021,0.27590474701934226,0.2094464937730916,0.11922579219829117,1.0
Пермский край,57,2022,0.2620499909666677,0.25826436309850725,0.04590989401473301,0.5689433907437372
Пермский край,57,2024,0.23560591104519185,0.28438163408656797,0.11424643322000866,0.489385740904679
Псковская область,58,2020,0.02391344108730822,0.22366783905104196,0.10249388476815116,0.2691258353176454
Псковская область,58,2022,0.023358769708193373,0.2631652917039159,0.048391312226109734,0.338757199157694
Псковская область,58,2023,0.02368230818773577,0.24074600696514065,0.0512413067636222,0.33558335811587003
Ростовская область,60,2020,0.1906246303272078,0.22991666997179241,0.21840361245340456,0.3894819706771706
Ростовская область,60,2021,0.21449204244340406,0.23612656161817233,0.3838809707993284,0.21426592765316108
Ростовская область,60,2022,0.19561530133861646,0.21759657756727727,0.10520064313720077,0.48941705908697314
Ростовская область,60,2023,0.20049083626404351,0.21439500925267202,0.08879174374621705,0.1902025841675076
Ростовская область,60,2024,0.18401438851339508,0.23486090354732628,0.010219113197835044,0.948524791820555
Рязанская область,61,2020,0.06759254104260459,0.24440321206267362,0.022283820848172053,0.27346916298450097
Рязанская область,61,2021,0.07485075521370613,0.27574491206038326,0.02231240926104966,0.24828699556275796
Рязанская область,61,2022,0.06936234394929049,0.3029814399246118,0.01843859657429803,0.4109984924852967
Рязанская область,61,2023,0.0714286352344464,0.2778627045136986,0.031495632344556844,0.18587237280441216
Рязанская область,61,2024,0.07173929246204096,0.28639941674044134,0.049367569361154044,0.2727276017371279
Саратовская область,63,2021,0.1177030149313631,0.27204401960006985,0.174194427711965,0.1948336325953265
Саратовская область,63,2022,0.10753398432217344,0.28456616147724256,0.9124785941146406,0.19074728876496003
Сахалинская область,64,2022,0.14969259734735574,0.1326220055234457,0.024486261082461665,0.5693313088131816
Сахалинская область,64,2023,0.13493882579834868,0.13650014948218891,0.048983278296663824,0.5177729848406791
Сахалинская область,64,2024,0.1285154239275351,0.14680751056367528,0.606162343825851,0.9472472035709085
Свердловская область,65,2020,0.42888806237369825,0.243599321647653,0.3420126173567207,0.4242669024492444
Свердловская область,65,2021,0.46361998339288896,0.2590254178317604,0.08602271480506346,0.7448176593443148
Свердловская область,65,2022,0.4207312882188682,0.27715429457421564,0.061166994564637256,0.47346354183124323
Свердловская область,65,2023,0.44337807635240695,0.27641377514075405,0.043208494271913374,0.518907647467148
Свердловская область,65,2024,0.41939163669624996,0.30301723395974334,0.05442780363497965,0.4328791940100683
Смоленская область,66,2020,0.05181761349018665,0.17025343005645172,0.037196620694734374,0.6339274180651845
Смоленская область,66,2021,0.055362038195952604,0.24936611560611885,0.017542669999957527,0.2668265055200458
Смоленская область,66,2022,0.05286065286069918,0.21541896516458028,0.009664825415074647,0.2932864379707326
Смоленская область,66,2023,0.05545004899653139,0.20708936427394192,0.3455665983410932,0.2218349603685589
Смоленская область,66,2024,0.054546761737358826,0.1897798630471998,0.00345683838038502,0.30173475442320513
Тамбовская область,68,2020,0.03549888270307738,0.25796960647704603,0.08501792715807709,0.22356467615079587
Тамбовская область,68,2021,0.04026319877620505,0.23560756516449774,0.18256521736811485,0.3048758916325805
Тамбовская область,68,2022,0.03878343043127096,0.18670028059974864,0.15024742782406988,0.3303086637889917
Тамбовская область,68,2023,0.03974726365314922,0.21287209437905646,0.04856735351055942,0.345231823339645
Тамбовская область,68,2024,0.03907311602552542,0.25396807235285074,0.08553359001715453,0.21286801855019002
Томская область,69,2021,0.07492393973419494,0.4652428111186711,0.9402428153606291,0.3866720568600033
Томская область,69,2022,0.06897230099840392,0.4677086962208494,0.8497985393889347,0.20730021979403823
Томская область,69,2023,0.06910325404857846,0.46906655971371813,0.12911230052157588,0.1978004084493151
Томская область,69,2024,0.0652278053051655,0.4665822189783868,0.3474388206164281,0.09946028578269847
Ставропольский край,7,2020,0.07076491965106933,0.34018902506565407,0.1299041273303608,0.32125667608893504
Ставропольский край,7,2021,0.08399785044935816,0.2918123556456891,0.08710833992295908,0.2986889069242532
Ставропольский край,7,2022,0.07774196417824375,0.2629081937969954,0.04290202801911962,0.27506364830373653
Ставропольский край,7,2023,0.07345627428052814,0.24282415905672944,0.39298287112160074,0.4818341936222696
Ставропольский край,7,2024,0.06788212082942466,0.29543590037036516,0.4581934525467497,0.5647293452775423
Тульская область,70,2020,0.15746123854001026,0.167293736031226,0.0508997626680221,0.18974201951760503
Тульская область,70,2021,0.17808651089908142,0.1383774969572864,0.05455016449577602,0.16323052799392812
Тульская область,70,2022,0.16423575343757152,0.124116745668551,0.06619781428976812,0.1672469445728226
Тульская область,70,2023,0.17337251790360947,0.10628465706477279,0.03365518690766176,0.18775980742546214
Тульская область,70,2024,0.17760595804997714,0.11075844200510748,0.02206992470230369,0.1688195678678536
Тюменская область (кроме Ханты-Мансийского автономного округа-Югры и Ямало-Ненецкого автономного округа),71001,2020,0.15648575218368405,0.273217129153297,0.0725788773557531,0.1209972848806887
Тюменская область (кроме Ханты-Мансийского автономного округа-Югры и Ямало-Ненецкого автономного округа),71001,2021,0.21368917617479993,0.21785696442737645,0.010223664133515437,0.09415569946298318
Тюменская область (кроме Ханты-Мансийского автономного округа-Югры и Ямало-Ненецкого автономного округа),71001,2022,0.21330142957816278,0.18277786665397272,0.07771541869866985,0.1704882180063104
Тюменская область (кроме Ханты-Мансийского автономного округа-Югры и Ямало-Ненецкого автономного округа),71001,2023,0.1948960978751495,0.21234455359877188,0.11481606403844638,0.11607555213749092
Тюменская область (кроме Ханты-Мансийского автономного округа-Югры и Ямало-Ненецкого автономного округа),71001,2024,0.18209055485926265,0.2085055414645659,0.17999852295739935,0.10830394682431786
Ханты-Мансийский автономный округ - Югра (Тюменская область),711,2020,0.5759166691983836,0.13511428565054334,0.008536462526055215,0.08739804238951647
Ханты-Мансийский автономный округ - Югра (Тюменская область),711,2021,0.8480181336674023,0.10648424915733536,0.9134201305642474,0.13602715805107005
Ханты-Мансийский автономный округ - Югра (Тюменская область),711,2022,0.8974881996684931,0.08593204645710618,0.2789018940038358,0.22720847826748333
Ханты-Мансийский автономный округ - Югра (Тюменская область),711,2023,1.0,0.07752643283870259,0.4148881468048982,0.660431303543342
Ханты-Мансийский автономный округ - Югра (Тюменская область),711,2024,0.9551751861725999,0.07612510995712869,0.16201277903390168,0.11545899324234635
Ямало-Ненецкий автономный округ (Тюменская область),7114,2022,0.6942231273782854,0.07472390883459999,0.672879606859719,0.23273302674686844
Ямало-Ненецкий автономный округ (Тюменская область),7114,2023,0.6096115383481603,0.07784604536788414,0.654436167566703,0.13298553009675604
Ямало-Ненецкий автономный округ (Тюменская область),7114,2024,0.598664951412347,0.07578919463198434,0.1023382815361168,0.1989160388212322
Ульяновская область,73,2020,0.05732076652269048,0.2471794785672838,0.3176018765322493,0.2642204919235222
Ульяновская область,73,2021,0.05925984128106945,0.3478540730611671,0.1152190714525621,0.190120578555078
Ульяновская область,73,2022,0.05372217630166843,0.3745183743181587,0.00737346996856693,0.208884001237926
Ульяновская область,73,2023,0.05977286512241987,0.3179729914168369,0.009646136600783,0.2513972083192712
Челябинская область,75,2020,0.2980687968236052,0.28410563923326704,0.6285868249613761,0.17853843345997975
Челябинская область,75,2021,0.38194471569213256,0.16972658913383673,0.5445935134595303,0.27976376245734125
Челябинская область,75,2022,0.32381324181383564,0.17621649642164972,0.6013820967240516,0.2723861742843872
Челябинская область,75,2023,0.327541588988331,0.21701276972548814,0.4435615125173857,0.16497030459562778
Челябинская область,75,2024,0.2970659040025745,0.19332039244848978,0.38427984537662857,0.30330586913207136
Забайкальский край,76,2020,0.040679328399108886,0.25847261610969424,0.032633276937223066,0.32023070611307447
Чукотский автономный округ,77,2020,0.021889486869330507,0.12679051350726137,0.017691785593591407,0.6329626338065406
Чукотский автономный округ,77,2021,0.020456080603052682,0.18589913327976085,0.005222710804286401,0.2934715104892338
Чукотский автономный округ,77,2023,0.018645201243091578,0.2067094339740605,0.034581388785670436,0.17738735992973007
Ярославская область,78,2020,0.08286263847712058,0.18786214567367435,0.13044840351379966,0.1888012444647227
Ярославская область,78,2021,0.08614101548972788,0.19494045495062853,0.4505551648257906,0.21195718036456296
Ярославская область,78,2022,0.07554075539820805,0.2551987166064655,0.0767256833338176,0.1861508494435908
Ярославская область,78,2023,0.07994345746681232,0.2260780261593499,0.05211572869326154,0.3131740639986831
Ярославская область,78,2024,0.06955478873562336,0.2569506318672619,0.034512651373358204,0.4166590011872278
Республика Адыгея (Адыгея),79,2020,0.010505861457062891,0.29716483495459345,0.0038045254620156653,0.4298765836474094
Республика Адыгея (Адыгея),79,2021,0.010641148642206071,0.5757298371095055,0.013378315805538922,0.19520240814053025
Республика Адыгея (Адыгея),79,2022,0.011938289414660132,0.2765301828255726,0.04032637784805866,0.4076216701758398
Республика Адыгея (Адыгея),79,2024,0.012222095217668363,0.3414299698018558,0.0007622787490625298,0.21121044369592887
Хабаровский край,8,2020,0.08710135796894913,0.29420332837412844,0.024279557749395216,0.27175770202435723
Хабаровский край,8,2021,0.09517963947890618,0.34329640635852143,0.18622683068399587,0.22481548649893984
Хабаровский край,8,2022,0.07602509444711116,0.5412601467630488,0.2495393270473069,0.11143824528336678
Хабаровский край,8,2023,0.08057266315130325,0.4112218578663252,0.0055866764969349945,0.33448846490474426
Хабаровский край,8,2024,0.0779077853254109,0.3753576176274739,0.03445830377916325,0.17467861543139643
Республика Башкортостан,80,2020,0.26192549239323387,0.2489636884649858,0.1179217361645132,0.1440143597492599
Республика Башкортостан,80,2021,0.31539395048456725,0.24477390832533158,0.159592342623443,0.14782330536299287
Республика Башкортостан,80,2022,0.27352423768507267,0.22373477208853554,0.12284783963252169,0.2769652043760139
Республика Башкортостан,80,2023,0.26842858029758804,0.2620140775846705,0.12064724307914547,0.1827779090953727
Республика Башкортостан,80,2024,0.2610433499650768,0.2650164859997235,0.09058470340324838,0.2099696717398357
Республика Бурятия,81,2020,0.03028740745546199,0.30835883524382907,0.06117210381194852,0.45941753430260174
Республика Бурятия,81,2021,0.03044132883329375,0.27275668327722635,0.15097616636746675,0.5513613017963107
Республика Бурятия,81,2022,0.03248046745181819,0.22848974600120245,0.03373549084342863,0.27310437954312894
Республика Бурятия,81,2023,0.029842215089859722,0.3297975990958733,0.13920465201159868,0.08761493134162743
Республика Бурятия,81,2024,0.02700588538699483,0.22260140248013607,0.12002451537420214,0.37030157480522435
Республика Дагестан,82,2020,0.010379426377542453,0.29470587268754345,0.026477691312833215,0.29664495824441517
Республика Дагестан,82,2021,0.010500673155885541,0.685438738371327,0.6389012219065278,0.5037141040155516
Республика Дагестан,82,2022,0.009889303279484013,0.4952715582350073,0.026618615066958028,0.509316936073629
Республика Дагестан,82,2023,0.009482414398995236,0.396273690449629,0.08174729779242813,0.4277577627986174
Республика Дагестан,82,2024,0.00945000061517205,0.3681964073723443,0.009592705831480785,0.2761303202446148
Кабардино-Балкарская Республика,83,2020,0.009408325531173423,0.33917948356372085,0.039676875648798696,0.1270080544067327
Кабардино-Балкарская Республика,83,2021,0.008382723577213296,0.477094719214205,0.0916436367955967,0.10012502096560737
Кабардино-Балкарская Республика,83,2022,0.007597139105439051,0.4458746843455164,0.08238835942773573,0.24334064144782666
Кабардино-Балкарская Республика,83,2023,0.006825123027297811,0.4020227141934855,0.027935975054131954,0.27420621530762307
Кабардино-Балкарская Республика,83,2024,0.006865942547392967,0.33702718198187653,0.002727329994496514,0.09878626682071269
Республика Алтай,84,2022,0.0030927355249192926,0.8002001302981385,0.1293066313016437,0.1994869172817756
Республика Карелия,86,2020,0.042700138289192766,0.2710034488362313,0.01590718152388354,0.17931668243726928
Республика Карелия,86,2021,0.055222532535081977,0.1658802098649796,0.07559088088498528,0.18508322293093232
Республика Карелия,86,2022,0.03622943070163731,0.2249836148830884,0.020359016158332747,0.28688752513668303
Республика Карелия,86,2023,0.032874182535081425,0.22084298777477193,0.062024717427403675,0.23786274025525594
Республика Коми,87,2020,0.09086834553123185,0.279635374879249,0.030964378667981945,0.07661884357296181
Республика Коми,87,2021,0.11303643867230412,0.2204259307889877,0.04208522056264,0.1399064389810276
Республика Коми,87,2022,0.10562656839832428,0.20529605264153097,0.12875324194102783,0.06237094154784071
Республика Коми,87,2023,0.10094815211167457,0.2203033246726558,0.004039908626766999,0.25088280388304784
Республика Коми,87,2024,0.09791299039038387,0.19150136211957142,0.009732913571776892,0.10113063914461402
Республика Марий Эл,88,2021,0.02951238525620228,0.25158417592650095,0.012445930248794486,0.448732864847651
Республика Марий Эл,88,2022,0.02678677324471022,0.26479655668240726,0.012949192363933954,0.5142455203187672
Республика Марий Эл,88,2024,0.03081437065222275,0.3520230148240385,0.026714293329006433,0.31399348231105007
Республика Мордовия,89,2020,0.04287986145196658,0.15277336704057437,0.06352159166645292,0.304286270566721
Республика Мордовия,89,2021,0.04642539508292946,0.1242639444153004,0.22592767572363834,0.27411871697558254
Республика Мордовия,89,2022,0.043707376009383,0.1425798857973611,0.2368198268611509,0.17780549234093962
Республика Мордовия,89,2023,0.0435557725238886,0.14135502049629914,0.10561267854519066,0.23616273967574317
Республика Мордовия,89,2024,0.044580359499093176,0.16371066805670298,0.1104055312457703,0.12442160983703603
Республика Северная Осетия-Алания,90,2022,0.006620392892294524,0.38996454863551766,0.0020216802063722705,0.10805537634425964
Республика Северная Осетия-Алания,90,2023,0.0072953244713778965,0.47933916596764503,0.06729781755814895,0.03142058364548258
Карачаево-Черкесская Республика,91,2020,0.006939945389043694,0.31050420520936195,0.390019425166644,0.24567860138620418
Карачаево-Черкесская Республика,91,2021,0.007021685461211308,0.3568789112013307,0.31004901426515064,0.12181084418992139
Карачаево-Черкесская Республика,91,2022,0.006339143434173016,0.316685687771218,0.11158450554579874,0.17543304340714602
Карачаево-Черкесская Республика,91,2023,0.007779036809481655,0.22554483618956275,0.02654049778832256,0.25669093888907946
Карачаево-Черкесская Республика,91,2024,0.00692175715804491,0.26844283415168807,0.01818235663701227,0.20338574543061672
Республика Татарстан (Татарстан),92,2021,0.6131584885427599,0.17056279844272013,0.33531923356792415,0.3407850582179218
Республика Татарстан (Татарстан),92,2022,0.5712858502322508,0.23053919984468035,0.23026384911584677,0.21639902627807772
Республика Татарстан (Татарстан),92,2023,0.5479590957125131,0.26019250891641793,0.5968598758638729,0.22214147882245477
Республика Татарстан (Татарстан),92,2024,0.5414271147786052,0.27067026691371254,0.040534623199314675,0.17248706762035831
Республика Тыва,93,2020,0.0038874649678990575,0.563800497486104,0.11730119512962567,0.5371312415770234
Республика Тыва,93,2021,0.004191436390564332,0.7422044882681487,0.011628907862173502,0.13569633301349182
Республика Тыва,93,2022,0.004586219312622339,0.6278955301393353,0.012874045092736179,0.16866136357573028
Республика Тыва,93,2023,0.003909170614229808,0.6469845385003822,0.014193858386500174,0.10422706604651974
Республика Тыва,93,2024,0.004075398374096847,0.5340847313958126,0.019515480461709138,0.2762117290954586
Удмуртская Республика,94,2020,0.09840339634691889,0.2576334283712636,0.6458836514024098,0.5619690130231134
Удмуртская Республика,94,2021,0.116512666094544,0.2268416942138078,0.41928194385980727,0.2256969184115402
Удмуртская Республика,94,2022,0.11186580587303459,0.21987205342422825,0.3953406120248059,0.11051611468435912
Республика Хакасия,95,2020,0.04013486320065045,0.204137645728747,0.18639739713044487,0.9315583028693504
Республика Хакасия,95,2021,0.04582992225668917,0.10451705564124208,0.023030019143187523,0.08505399172472028
Республика Хакасия,95,2022,0.0471582602167421,0.1055983734697098,0.19671673829733913,0.09450222643873599
Республика Хакасия,95,2023,0.04212289196555146,0.1081483183360884,0.07628036160220998,0.2810179302750268
Республика Хакасия,95,2024,0.03695425736288794,0.11938565252751163,0.006296482671809536,0.2277138196843765
Чеченская Республика,96,2020,0.007583374170686978,0.6039174467811292,0.019431660192084137,0.15401740580439385
Чеченская Республика,96,2021,0.007052197661904403,0.651022236397387,0.045470663347367074,0.2917660061225142
Чеченская Республика,96,2022,0.00645764387820449,0.6558476016128115,0.02193732347470586,0.522743574702578
Чеченская Республика,96,2023,0.007720024350874121,0.9453681806167239,0.0055280114689200965,0.06450027902485976
Чеченская Республика,96,2024,0.007867484020836047,0.4584621498077434,0.002727555637082443,0.0741259671742407
Чувашская Республика - Чувашия,97,2020,0.042948291956392895,0.18142176696333528,0.02640119046598329,0.5332032990175527
Чувашская Республика - Чувашия,97,2021,0.04197240422872213,0.25912828953861566,0.0019129887417367788,0.4836321791179993
Чувашская Республика - Чувашия,97,2022,0.04125542533234879,0.29310212843396755,0.0012766966293270485,0.3603805733981253
Республика Саха (Якутия),98,2020,0.15753016551726193,0.19919966270312586,0.0748575990865852,0.2843016371066732
Республика Саха (Якутия),98,2022,0.2210456857242239,0.21676820867369895,0.03981126871674857,0.23092723585695457
Республика Саха (Якутия),98,2023,0.2214950284376404,0.14213623104914036,0.07869477825044831,0.20146472106656618
Республика Саха (Якутия),98,2024,0.2081433987809018,0.14993420995265377,0.22051579484505404,0.6265890853950902
Еврейская автономная область,99,2020,0.0033471370429851376,0.5588302246857744,0.10368826968209022,0.16807317967891933
