region,okato,year,VDS_r,ITcosts_r,skvozcosts_r,trainingcosts_r,RDcosts_r,RDsalary_r,RDequip_r
Северо-Кавказский федеральный округ,038,2020,0.32700785448150216,0.21213734947669188,0.10865642824800929,0.33412934425133883,0.08043368346524694,0.6848118834912943,0.3187294034040969
Северо-Кавказский федеральный округ,038,2021,0.3376803767888383,0.23009442921907655,0.18065031018362893,0.3581258595413285,0.07863083117356642,0.6868150655559306,0.3453591531794228
Северо-Кавказский федеральный округ,038,2022,0.31897852653472647,0.1994543091604598,0.318984156593917,0.29748100393426424,0.07968036433045894,0.6764016612067295,0.3853328297331205
Северо-Кавказский федеральный округ,038,2023,0.3286110070339287,0.18925962710727418,0.21058835199260098,0.31706146586610723,0.08122610293899656,0.6522668789094177,0.16131738712836685
Северо-Кавказский федеральный округ,038,2024,0.32206750366317327,0.16530057891993893,0.2999763822869437,0.4054870177887119,0.06816041460761069,0.7374517880024564,0.1390178308290316
Южный федеральный округ,040,2020,0.9434216125411179,0.44975428992559957,0.5519691619405058,0.2131008911964118,0.1540723360129932,0.6012705482309484,0.15466859641858824
Дальневосточный федеральный округ,042,2020,0.8383655004091803,0.3207780537104799,0.07484697142119369,0.5326699036793408,0.1072738167302014,0.8095161170093416,0.08893518975651529
Дальневосточный федеральный округ,042,2022,0.9266337183044169,0.3448315345429613,0.17381659350687162,0.2808589092065367,0.08485032111745743,0.8194250586739931,0.10057386900473483
Дальневосточный федеральный округ,042,2023,0.9416464241490823,0.31290482996035046,0.2709137235837189,0.2485834504404124,0.07997128017283714,0.8054457460951087,0.12918127599078422
Дальневосточный федеральный округ,042,2024,0.9011140857021833,0.32247840612838136,0.23534491138010322,0.38012272722673374,0.07420681905378264,0.7978041775606516,0.22764013188457313
Алтайский край,1,2020,0.09352197849527283,0.369807127801399,0.010248461814113397,0.5534663228000795,0.10300953398452381,0.7358710384741549,0.03318654670363967
Алтайский край,1,2021,0.1095217743106766,0.30206908607735805,0.0350247198159291,0.12926956279634702,0.08968919529152299,0.682656687006744,0.04932378664037211
Алтайский край,1,2022,0.09844209654672287,0.32008860652285615,0.06267116979939143,0.16756342586835574,0.10597541911613931,0.6969356428002144,0.035568069734812524
Алтайский край,1,2023,0.09690634107738505,0.26238738515297666,0.04836711361982565,0.17075545987200882,0.08829179319654178,0.823668433296038,0.14557346655526576
Алтайский край,1,2024,0.0976936449675552,0.2707519624011961,0.017975960399489687,0.19962815400024062,0.08637841371658704,0.7913366472748129,0.23771611230995227
Амурская область,10,2020,0.06251972016782208,0.32014904710893716,0.012824577128953211,0.13979819032679852,0.04905762315967825,0.7992958476085174,0.1268166808393614
Амурская область,10,2021,0.06843131644914335,0.35595696946469807,0.009589655107615402,0.27448066172587,0.04491320117939343,0.8028418855987732,0.3217965871066526
Амурская область,10,2022,0.06348825400323242,0.3159291604278264,0.0030629241343630644,0.18251734187845295,0.053900219402891004,0.7199558239902111,0.5358552567726147
Амурская область,10,2023,0.0742423758779575,0.3459875225330681,0.03843588175847958,0.09372593756642204,0.040021107081177267,0.7871083583096306,0.7417127484117254
Архангельская область,11,2020,0.1078827355805653,0.291832753694811,0.05226881534595235,0.08561719834298612,0.07869126017974121,0.7812061482341127,0.06590868205812944
Архангельская область,11,2021,0.13377733292363786,0.23473572058889794,0.02198916101937138,0.15329554764356526,0.06413780795209968,0.7877218520286295,0.24866757583565283
Архангельская область,11,2022,0.12408078585839752,0.2442852337857289,0.010062937911877045,0.1500320458471875,0.059613430104397215,0.8335788663868782,0.18074231316650888
Архангельская область,11,2023,0.11621807781841695,0.2550494028693018,0.051900970225312086,0.13623760874538332,0.06330895763079714,0.8573653420582213,0.16256716255581274
Архангельская область,11,2024,0.11026157682653392,0.2298701466441849,0.02309414070389035,0.17735886489822766,0.07149587443592367,0.7255820511890192,0.014180981734072388
Архангельская область (кроме Ненецкого автономного округа),11001,2020,0.07650329026962527,0.2714148322432043,0.07888621608174708,0.12521955176512692,0.10901495188476319,0.7762419658866766,0.06708955275534752
Архангельская область (кроме Ненецкого автономного округа),11001,2021,0.08352649890481666,0.31268903409857296,0.0261754932472911,0.13966459323181982,0.10109291618070188,0.7834716871225983,0.2526799628021188
Архангельская область (кроме Ненецкого автономного округа),11001,2024,0.064366710934821,0.33546160860185975,0.027108434399366034,0.1968673419040012,0.12109740036894123,0.7220458594635656,0.01434218568438271
Астраханская область,12,2021,0.08224915048759689,0.18008145152129823,0.03269135917477831,0.07825889238008561,0.0395214505200516,0.6991043009658949,0.05268827011285606
Астраханская область,12,2022,0.07975303453201724,0.1731478721784642,0.025557862763260265,0.1594859371167536,0.02818477139982583,0.751668795977922,0.278492473270817
Астраханская область,12,2023,0.07211471165900044,0.1888502892470342,0.03234594876172875,0.21234069994176064,0.11230188242838578,0.547941712357749,0.018350093245211578
Белгородская область,14,2020,0.13722651934678268,0.1853482955681828,0.8907305064811181,0.3520294267345373,0.09964187381963902,0.5179781256317794,0.2533263094149271
Белгородская область,14,2021,0.16821298880665017,0.20473925131786003,0.03436000513246077,0.0881006091840786,0.10189335611842784,0.5043907859690784,0.30607449329154623
Белгородская область,14,2022,0.13389092754783127,0.28147740749326233,0.022629673538323743,0.08181407191605056,0.13215465656533384,0.4148057403708919,0.5959652836606527
Брянская область,15,2020,0.0574078572553758,0.3802484186197191,0.02092110206253089,0.3503240701516004,0.04558100005022984,0.6576883333928042,0.7290514421528802
Брянская область,15,2021,0.06023271211752975,0.5390157180219721,0.019494656614656207,0.1814836914299773,0.023786121459836322,0.7895485637178172,0.46981063568427206
Брянская область,15,2023,0.05920795327513008,0.4337042066734468,0.01694719620765369,0.08768495158223426,0.043456309766114885,0.479657316035112,1.0
Владимирская область,17,2020,0.07656388309128907,0.42665341608003765,0.7487118372095085,0.3542045586942947,0.30585221626291437,0.6412920768095035,0.12299126766483084
Владимирская область,17,2021,0.09076134541868726,0.3614347481415065,0.5749163122569922,0.1224636404226833,0.20522870840406013,0.6531968362327945,0.07468345297598283
Владимирская область,17,2022,0.08156284948079887,0.33328047750762124,0.5507710166658156,0.10388613720993495,0.21445305428451225,0.6252982479624415,0.05212364129419801
Владимирская область,17,2023,0.08198091851962906,0.3343955254718793,0.5703354277313168,0.10517976438927741,0.25061636722792974,0.6291601518051919,0.03925925714618513
Волгоградская область,18,2021,0.1336110367359169,0.32466314467536317,0.07321136060586161,0.21141579018156745,0.15583711111724688,0.5340971398867589,0.1421338055741146
Волгоградская область,18,2022,0.12709759467780307,0.35648590441476014,0.03925007425528821,0.15353564369561437,0.16083613368401084,0.5318885709077801,0.24275232215324677
Волгоградская область,18,2023,0.12816865090353172,0.30133843559286805,0.009577784409383538,0.9433774433962061,0.1663644681820905,0.5522650895922173,0.5616205029726772
Волгоградская область,18,2024,0.11621760457398121,0.3220787593264341,0.16967800984748435,0.19489423187112706,0.15301674257509076,0.5800504293027763,0.3917478356439379
Вологодская область,19,2020,0.08674494293264934,0.37894401253786136,0.10796562814190178,0.0919680794454515,0.05218952500730269,0.705486834158003,0.08197321840163471
Вологодская область,19,2022,0.10697762239723173,0.29268631057184197,0.027189704181405455,0.2763292517427999,0.045454817553314396,0.6635942247217944,0.01758237197594835
Вологодская область,19,2023,0.1005615509081174,0.3159535535884381,0.04988210651068861,0.16093208568607156,0.043233315399228145,0.7665610889935199,0.04166033564841404
Воронежская область,20,2020,0.15029161366222502,0.19022024938615864,0.3685227222582792,0.7436805148013893,0.3863318353881884,0.47246170801782184,0.042842024181117815
Воронежская область,20,2021,0.1618458614570315,0.26552484438089174,0.2896998528933639,0.7124483327711362,0.33465749648240817,0.5135275790715322,0.09101279713639411
Воронежская область,20,2022,0.14518068368589057,0.2998959499698275,0.24295380452534845,0.25443411654610115,0.30014457121819,0.6117200767812967,0.13303889696763782
Воронежская область,20,2023,0.1417446465178718,0.2840459423789804,0.1578771965318197,0.2692113083506708,0.27519613887911976,0.6203714013922769,0.08981643366451661
Воронежская область,20,2024,0.13149612917558123,0.3425204647020913,0.05266065321347183,0.21087150047090342,0.2558787199247687,0.6821469548774157,0.152644795008251
Ивановская область,24,2020,0.03757607773318504,0.8982504864283228,0.06689232948509799,0.33884059880494344,0.10161105220161694,0.6934514122626755,0.24156620424772016
Ивановская область,24,2021,0.038617588804004885,0.3228133080545308,0.15501732362236814,0.19188369744232775,0.09712539403444648,0.7193010574339979,0.26726080989725415
Ивановская область,24,2022,0.0381168830277622,0.4946968525986787,0.5542072663550274,0.0736532407667424,0.08154460946953358,0.767438902291433,0.32714738340100946
Ивановская область,24,2023,0.0404037647373702,0.28866943971634274,0.08770357607563846,0.09583468370967262,0.07867370039459433,0.7677441401533028,0.26259318309853735
Ивановская область,24,2024,0.038494092602905726,0.26389080497190015,0.020166556824035783,0.11834306617857632,0.06997584989635414,0.8274780189702235,0.15107362503764238
Иркутская область,25,2021,0.24590203180207462,0.2668158444038322,0.11630854513772276,0.17314648387038964,0.10194688379644182,0.7457078391982257,0.1963455426831767
Иркутская область,25,2022,0.24589089883773688,0.2728406473877192,0.18023859466799744,0.28954408724604974,0.09882283359963531,0.7661946874562429,0.21897491384008705
Иркутская область,25,2023,0.23598313424309414,0.2723942260271491,0.3683754268980704,0.2805436097061812,0.10893504536616767,0.6769095495709927,0.25392416540702206
Иркутская область,25,2024,0.22876089892528073,0.2651434084642622,0.5348999985626309,0.19321391493986395,0.1527223070597739,0.4472386167603188,0.09812619486726333
Калининградская область,27,2020,0.07658160596812506,0.27416851291052874,0.09260086299646722,0.22877021747824358,0.12904714337963347,0.5589431003086933,0.05270536507712834
Калининградская область,27,2021,0.08576366993327308,0.31070988552865075,0.5715804094817197,0.18716736869005587,0.10596164411628654,0.6443686201516906,0.05458053173049944
Калининградская область,27,2022,0.07732922433346068,0.33314767692764263,0.06726745382261183,0.16646176388965983,0.11746685628791867,0.6715813246181245,0.007382363739994144
Тверская область,28,2021,0.07055329993761995,0.7163902604952397,0.07530155277733244,0.1551469601191513,0.31317539564965524,0.5849947117123091,0.006438880599020668
Тверская область,28,2022,0.0651978836163325,0.5105273168229781,0.034287704930779504,0.16407705755618815,0.2970880297125532,0.5906994162526451,0.012827893728972115
Тверская область,28,2023,0.06902632261345283,0.4723614086231547,0.08227910507820362,0.26130885459500813,0.2204558199465581,0.6406410284817555,0.008465013535288009
Тверская область,28,2024,0.06321147415717288,0.5570862861518768,0.05699726798578518,0.35086943590013425,0.19673514119117327,0.6742825639370782,0.010808497282084998
Калужская область,29,2020,0.07800714585197456,0.3880123415568173,0.030284609604139864,0.20744415752758472,0.5042291227761146,0.5395715889072666,0.4087718702762253
Калужская область,29,2022,0.0722071178890205,0.4345355339897753,0.022361433213293334,0.13370969162304341,0.5449190057151211,0.5093590961167412,0.24863207350032468
Калужская область,29,2023,0.0741267316815965,0.35721758361407135,0.027464807918078777,0.18949421758140542,0.55919489379223,0.5019731450674161,0.6107569582251857
Калужская область,29,2024,0.06990095983414073,0.3894678111569811,0.12229237701314333,0.15895668979369357,0.47621663711149165,0.5043311032450347,0.2934525187935004
Краснодарский край,3,2022,0.44953652020034374,0.298702520012165,0.3704159152836652,0.1371842257930411,0.07530786979242489,0.6429694914088961,0.15832052514150888
Краснодарский край,3,2023,0.4427024059714837,0.29215057131982053,0.4282820302635736,0.1381449770772946,0.06887209807779004,0.6719591505429569,0.17333621258906473
Камчатский край,30,2021,0.04372649210447194,0.3461221078140783,0.29482112267827804,0.2479216440481566,0.14818745774371506,0.8965302421828599,0.12096431683698773
Камчатский край,30,2022,0.03747766406393252,0.4035188334604748,0.09910874675571518,0.3357043216794587,0.152666570682755,0.9184328108728115,0.1128362606106734
Камчатский край,30,2023,0.04001519473291515,0.391809044718562,0.031006254747388322,0.13073851186820837,0.13474758340353296,0.9179660355117306,0.1116312408971142
Камчатский край,30,2024,0.035596739547941056,0.40769591692713586,0.030139758026686517,0.15790168625455478,0.1473140908788298,0.8883277920362292,0.34160418525614117
Кемеровская область - Кузбасс,32,2021,0.22649766337065153,0.22894073159911663,0.08485129879136072,0.24695455365364608,0.037412949509353866,0.7048240333844717,0.5100186170832225
Кемеровская область - Кузбасс,32,2022,0.22695316385791336,0.23657250389125192,0.15703250583144365,0.20486066911382564,0.03513537793015683,0.6864572464124054,0.3947469574513712
Кемеровская область - Кузбасс,32,2023,0.1750879004911351,0.2775148526811511,0.020552336908125947,0.2767489584451258,0.05198041882591444,0.6665037591828927,0.5125280198950372
Кемеровская область - Кузбасс,32,2024,0.13923063625748258,0.356716760357364,0.1536775135311083,0.1551174500054144,0.058479824056389546,0.7140454464490886,0.34900964734639645
Кировская область,33,2020,0.05543369276072696,0.34729601981239566,0.09801476583960278,0.2568306625548468,0.36230361222839785,0.3388120308927413,0.008741739776901231
Кировская область,33,2021,0.061258871767542356,0.4328464494215856,0.01205124791176467,0.5974873272355709,0.24043418931885313,0.4135364213873061,0.038407862230272864
Кировская область,33,2022,0.05762946429643696,0.40609164815927784,0.015028304225305567,0.13021219564916028,0.24557069776252866,0.4617589340568856,0.024822493150538166
Кировская область,33,2023,0.05607848462199609,0.4723039872948264,0.021122225601305028,0.22239707795015082,0.2589404737919228,0.4151651438284641,0.02946626339664108
Кировская область,33,2024,0.0547112037819525,0.7453966286536025,0.02506347114085194,0.3199374247766671,0.2022033843050115,0.48736514465679887,0.04530599706296463
Самарская область,36,2020,0.23004451863196632,0.8825315988859859,0.24595330669894092,0.186701914276344,0.5424977584850433,0.33879105781906815,0.14677898780338272
Самарская область,36,2022,0.25191457283105995,0.516950734057705,0.0740017972290051,0.25743615498938377,0.44691681087665447,0.30719581105513066,0.2006908180372078
Самарская область,36,2023,0.2509880168869019,0.5319792610632414,0.028740962346236375,0.3805225410191479,0.4132830877717476,0.38411169269083956,0.35034942388235635
Самарская область,36,2024,0.2538972066926979,0.5577285281490587,0.05401530763912779,0.3223477313157933,0.39293883562319476,0.42332019641512614,0.14151351587524788
Курганская область,37,2021,0.033951668389969145,0.2936061472621979,0.02267939536308243,0.09999245617153883,0.07251657916521174,0.5854906790498003,0.09335677263949466
Курганская область,37,2023,0.034843571592499095,0.4916263503468027,0.18920651941615263,0.2977580160514822,0.06162123895020251,0.623867572795357,0.4637558079407775
Курганская область,37,2024,0.03527639690846808,0.9451525500012137,0.002802027769572661,0.10109849410919586,0.05923587968721694,0.6495967509777212,0.3964380298973243
Курская область,38,2021,0.08547724574382136,0.23359506101196936,0.0585002103080404,0.3883461295036645,0.23618692202910016,0.4965920847514373,0.006867076383193895
Курская область,38,2022,0.06946594485095156,0.25795802669208695,0.10788853515898177,0.15029368284057767,0.21378275324075585,0.6093277839120137,0.09009216146506656
Курская область,38,2023,0.06931502575788025,0.2874215615835153,0.07149890139764771,0.17272472711335762,0.21550959121525562,0.5848244363431654,0.03937570597994589
Курская область,38,2024,0.06370125305523928,0.2755271180661704,0.006343518201123114,0.1439356139464636,0.21935630810233292,0.5419770257694124,0.05117073669509895
Красноярский край,4,2020,0.3754940775418693,0.2654302610594609,0.10563224619271308,0.1888274258960966,0.5880299809151112,0.17025282664363725,0.025657497819645304
Красноярский край,4,2021,0.3873931540675878,0.2967598732284769,0.05085961228588917,0.21864633118085353,0.4829400661333143,0.20520160726135797,0.04161577956674897
Красноярский край,4,2022,0.3464317612773644,0.4043214410463277,0.09060481468161134,0.3341999287408632,0.4886593736373037,0.21897613556832443,0.029522006693865344
Красноярский край,4,2023,0.3436774411980368,0.3869747165977185,0.28927570458833457,0.5084489857097985,0.5284614087473809,0.22467281731790859,0.026022996536299147
Красноярский край,4,2024,0.33127728085877894,0.38989913791041186,0.3983827441834084,0.5700679714886192,0.45302272166897517,0.24622819251308564,0.07424421497702305
Город Санкт-Петербург город федерального значения,40,2024,0.991130260975338,0.8125250154732216,0.057502311852347596,0.40656587086170565,0.628932263919189,0.5192900777156202,0.12234487891484835
Ленинградская область,41,2021,0.18158038268104681,0.5711108015646423,0.10713483767064097,0.12276699868858267,0.23320380117363246,0.656377701030743,0.10443592666889484
Ленинградская область,41,2022,0.1725521423023532,0.3596808342417288,0.0504548257306988,0.5188551596531572,0.2176956652995186,0.6541022864332158,0.04930271134196472
Ленинградская область,41,2023,0.17729736979071672,0.25784271204219944,0.1845069322466054,0.2623636041168704,0.19863391602929023,0.6930333433542799,0.040857059660633195
Ленинградская область,41,2024,0.18406102754991285,0.30121082039565794,0.050311148712867335,0.2075636535017727,0.20643062186810573,0.5980357771354662,0.14921576012342255
Липецкая область,42,2020,0.08528568144794572,0.39320685745515266,0.03850872949715729,0.1762234491654016,0.06589249977250948,0.31548652204591543,0.09981569364063303
Липецкая область,42,2024,0.07997935595878616,0.47735157597464395,0.13727521573314388,0.26292937201597505,0.05361749105542028,0.5693352313224547,0.0700893716616072
Магаданская область,44,2020,0.039185696765439,0.23251505623508129,0.006524812764948167,0.4529909154370302,0.09391490343741976,1.0,0.003258676002239329
Магаданская область,44,2021,0.039601934739525876,0.87042695983207,0.13551915736139206,0.06827117595761106,0.08974986308694714,0.9277918152148199,0.04557641511158969
Московская область,46,2023,0.8560109104882214,0.37242414949798797,0.15226224121031282,0.3883209700718281,0.9449925071453517,0.4404197623152528,0.0841959816199053
Московская область,46,2024,0.8332306370266738,0.39581997371488736,0.09463215781628902,0.3387624097721028,0.934972185752785,0.4303488738010914,0.10973369761700584
Мурманская область,47,2020,0.10987403146429321,0.2503857467359254,0.02094566263150823,0.271869039457715,0.11708483475605314,0.9006235817725635,0.03252369822676778
Мурманская область,47,2021,0.13679143140486366,0.20798655486273646,0.03337581052389392,0.5271684500172799,0.09975461276150398,0.828025520839091,0.0469316727012418
Мурманская область,47,2022,0.12004077591826903,0.2600732757380757,0.17719361715937051,0.23898630122259737,0.10337334958304396,0.8437276504750202,0.039434039685707904
Мурманская область,47,2023,0.10417873256003847,0.24328764855569313,0.8297812157181561,0.17619007841665588,0.1103746796523699,0.8799514062211867,0.08430483248174225
Мурманская область,47,2024,0.08581295620777349,0.31614451864333354,0.25504148872121585,0.2689690839607323,0.1180226724590462,0.8733653241595328,0.08318060355212786
Новгородская область,49,2020,0.038639995599874986,0.34201523996137545,0.17360184163916081,0.26050060623580573,0.1766218283860838,0.8132890539187003,0.0029238082359646055
Новгородская область,49,2021,0.042918740093324,0.27936067433926065,0.028189283190930687,0.197849033364762,0.16804285208623526,0.7218592069272494,0.013124171205993022
Новгородская область,49,2022,0.039487404291623146,0.26798734858010237,0.2201173674267323,0.21732994157419444,0.15932030670054953,0.6985225191236855,0.01179529781355468
Приморский край,5,2020,0.15462928572822307,0.37135911872010025,0.20247180225507774,0.5882559584629932,0.2505919830526704,0.7361540071933499,0.09449696334054401
Приморский край,5,2021,0.17004436771496267,0.3266088457091245,0.15407283234811825,0.17308710109905268,0.22103402799776417,0.7103680565001432,0.09099871302392962
Приморский край,5,2022,0.1663253693499362,0.31019411471324476,0.0523049243005334,0.496154317061976,0.20042858625721252,0.7596440973091995,0.040097555924939986
Приморский край,5,2023,0.17523022404672003,0.2992683947708137,0.12739537363782494,0.28696195981296385,0.1777174159008938,0.7530972400432531,0.02012702786591159
Приморский край,5,2024,0.1634925647025236,0.49623886570237236,0.035855805714701976,0.32567732426211116,0.1495159461258353,0.7656707784744587,0.03705910961241095
Новосибирская область,50,2020,0.1954459793891672,0.7310828474510215,0.20368119825301076,0.18402840933944553,0.6610110099773666,0.6622580289172239,0.29915260254732456
Новосибирская область,50,2021,0.20970377118053343,0.8863630860168178,0.01840168303257848,0.26829431367206696,0.6262286966371011,0.6660810174165526,0.11012026289794556
Новосибирская область,50,2022,0.20682028555413562,0.8756105939588625,0.008063367273051908,0.2675219517111797,0.5886530268356189,0.6818429113304962,0.13936521499438304
Новосибирская область,50,2023,0.21213943860500364,0.8713651776393609,0.014999095866893733,0.1617041137126498,0.6247149553557182,0.6501061826575132,0.1683208775683992
Новосибирская область,50,2024,0.20637991039951578,1.0,0.03592916317933972,0.18478127867659783,0.6478677350901567,0.6255237298405016,0.1699945507782488
Омская область,52,2020,0.10819562852474865,0.38159086253845154,0.022674786161527412,0.23400097623382973,0.2474784359354562,0.6083280338990934,0.11018340090456175
Омская область,52,2021,0.10080006947555738,0.4413640672651413,0.04231815832562797,0.2967536814990489,0.3260265913955079,0.4986464126045055,0.1736479084027534
Омская область,52,2023,0.11300361870861904,0.4221454851093476,0.021039360566021178,0.12137130126181807,0.2221205420318858,0.6098647609223107,0.26418829696923857
Омская область,52,2024,0.10814855981634311,0.38709443394693227,0.07222202967287382,0.1618302526211035,0.1834879811003036,0.6810898651798154,0.0912787612073121
Оренбургская область,53,2020,0.1448278712838337,0.2803490602003125,0.4941358394919597,0.22660769240443068,0.029424580449934446,0.8047344946133391,0.11099976840739675
Оренбургская область,53,2021,0.17508309929567195,0.41692336103578487,0.008729436123094972,0.09432998541769344,0.025190440398027664,0.7728520465026458,0.600278995748858
Оренбургская область,53,2022,0.1637406740747718,0.2998683456778263,0.03658920297433507,0.14126967121555192,0.027013950158263356,0.7702423858882371,0.6033238708182147
Оренбургская область,53,2023,0.16398305758873716,0.3364410689412236,0.008420159514591404,0.18130875731675558,0.03236346846211974,0.7197644948663456,0.6546540278506118
Оренбургская область,53,2024,0.1582991153419255,0.35161754508131715,0.07285409313449082,0.15375347329181122,0.029001700647402713,0.7839375234454032,0.37323625223927526
Орловская область,54,2020,0.03933402557797022,0.2595139329738805,0.019248597184577696,0.36860043453567837,0.08723247350302513,0.5685261582116599,0.6409249348730854
Орловская область,54,2021,0.04230815296143269,0.3166150479844366,0.04706561465004129,0.15254900126645515,0.0676155371851731,0.6526205157956386,0.5371726371124768
Орловская область,54,2022,0.03849245244625399,0.31360801841644503,0.006552753862137727,0.24163815654811174,0.08061545746847616,0.6373580717468925,0.7200782555596001
Орловская область,54,2023,0.03680751005188305,0.31268874548714043,0.0009123733116053345,0.07362927863079612,0.07985945590438619,0.6916036894678419,0.7890726977651501
Пензенская область,56,2020,0.06721006578907561,0.2615714154940997,0.2658504816470899,0.4201028173664695,0.27942937259988077,0.6605317934373688,0.0938438256311217
Пензенская область,56,2021,0.06745898944340058,0.26056099584551307,0.21212007011073886,0.20283248773084936,0.32892075440414487,0.5959198664286541,0.1490893894056945
Пензенская область,56,2022,0.06182743836731118,0.28651781277196686,0.18314248929821425,0.12277720758936883,0.2890959112327304,0.6151176467782014,0.030819089778428566
Пензенская область,56,2023,0.061161077786536976,0.2697298027521901,0.07163502847367459,0.1710709131207414,0.2726902580505888,0.6942323954816313,0.022805711531806373
Пензенская область,56,2024,0.06148140846347061,0.26793476649054593,0.04995879360362959,0.19909467414711066,0.3013699629732662,0.5579560728710936,0.030592044575496254
Пермский край,57,2021,0.21982052511096375,0.41886383674968053,0.12680319407977847,1.0,0.5653054469393617,0.33785764570886473,0.07047147014347391
Пермский край,57,2022,0.20920289695068298,0.515453839463184,0.04882769989273922,0.5689433907437372,0.5209886505074796,0.39468453406078324,0.051584758937998285
Пермский край,57,2024,0.1993606368448253,0.5354971398025211,0.1215073716635522,0.489385740904679,0.5104078639994396,0.34900180867860076,0.045277280407613155
Ростовская область,60,2020,0.2397581073425183,0.2912627957298257,0.23228426623992451,0.3894819706771706,0.31141087249546,0.5608417182393975,0.21077828806080876
Ростовская область,60,2021,0.2567680809252578,0.31428512964635347,0.4082785473368295,0.21426592765316108,0.24538586590074687,0.6115738172903481,0.22460116573825922
Ростовская область,60,2022,0.24468701339212437,0.2771742005519826,0.11188667588685713,0.48941705908697314,0.21675975442823056,0.5698333015211876,0.42635094562909087
Ростовская область,60,2023,0.25351464761989884,0.2701562267979973,0.09443490797870237,0.1902025841675076,0.22771729927470477,0.5231964604166314,0.6093231458730146
Рязанская область,61,2020,0.06462258016069838,0.4073148360162691,0.02370007032664761,0.27346916298450097,0.12433081242942717,0.614226469530148,0.17367726853570503
Рязанская область,61,2021,0.06850559500435169,0.48005001972479466,0.02373047567770221,0.24828699556275796,0.11082951197609557,0.666818826796381,0.032411211007845525
Рязанская область,61,2022,0.06502188627017559,0.5149784576165561,0.019610462609305795,0.4109984924852967,0.13608433114648008,0.6034458938508757,0.057172307050755905
Рязанская область,61,2023,0.06516131283400615,0.4853126654086984,0.03349733901713115,0.18587237280441216,0.12405277078151458,0.6001381760655081,0.2210476757085429
Рязанская область,61,2024,0.06252960941565633,0.5235429823884385,0.05250512798890057,0.2727276017371279,0.08919253337943728,0.6918784350561097,0.15535070488296598
Саратовская область,63,2021,0.12686459103079747,0.40215658747803373,0.18526536429332133,0.1948336325953265,0.2607816279918956,0.4905201643680222,0.11320854116058635
Саратовская область,63,2022,0.12407179514560207,0.3929748596991469,0.9704712221221924,0.19074728876496003,0.1773153112632416,0.6566318154392646,0.11539084205886457
Сахалинская область,64,2022,0.1741862457847857,0.18159793109699002,0.026042486773025737,0.5693313088131816,0.02226531597902953,0.8844019002284024,0.1854188216821902
Сахалинская область,64,2023,0.147729813964791,0.1986601426920498,0.05209641328434543,0.5177729848406791,0.02656229153177584,0.8579454673491407,0.35864722064152565
Сахалинская область,64,2024,0.12842726507920266,0.23407505475438886,0.6446870254396552,0.9472472035709085,0.03545028248692606,0.7860623721260297,0.10148535185782595
Свердловская область,65,2020,0.3543821390277696,0.4697394641114003,0.3637492483529823,0.4242669024492444,0.4392225653416108,0.45831006352395165,0.09618132611352866
Свердловская область,65,2021,0.38992496295639695,0.49071838658704653,0.09148989324855361,0.7448176593443148,0.40079637178835653,0.47294433941204034,0.15123710298289642
Свердловская область,65,2022,0.36560376233010855,0.5081882350438945,0.06505446632014594,0.47346354183124323,0.4461277695501129,0.5110834765874483,0.17422324584696394
Свердловская область,65,2023,0.39011764582625974,0.5005496277466635,0.04595461253840137,0.518907647467148,0.4028870892732611,0.4840000549211031,0.25613910997371103
Свердловская область,65,2024,0.36342990695517174,0.5571540254098029,0.057886965734594766,0.4328791940100683,0.5553076709144339,0.3584133932751837,0.19577144078518288
Смоленская область,66,2020,0.05058336125903404,0.2778909689551339,0.03956065400028358,0.6339274180651845,0.1486224199370926,0.7810174948681108,0.017417020462510025
Смоленская область,66,2021,0.053461714891942284,0.411448483274735,0.01865759537149886,0.2668265055200458,0.15315129284465326,0.6594305217120767,0.6861569634454466
Смоленская область,66,2022,0.050680262711790394,0.3580028143368721,0.010279073934074906,0.2932864379707326,0.12965886094103102,0.814683543658798,0.03408128071567055
Смоленская область,66,2023,0.05188435356983416,0.35264047615191496,0.3675291027972934,0.2218349603685589,0.13978533687601122,0.8829099229597405,0.044602324537363965
Смоленская область,66,2024,0.050167827518361206,0.32877792305399706,0.0036765379367021843,0.30173475442320513,0.10061326388508778,0.8007811451782713,0.14706991161335498
Тамбовская область,68,2020,0.051993865116180094,0.2806337906440533,0.0904212462665493,0.22356467615079587,0.10989040714206574,0.5325980850984038,0.22166372065360615
Тамбовская область,68,2021,0.055077743608439006,0.2744291286092613,0.19416815995354578,0.3048758916325805,0.07680506559471426,0.5664735372480849,0.4134553176877667
Тамбовская область,68,2022,0.04734427323018167,0.24368712093950604,0.15979641149019855,0.3303086637889917,0.07974731029887393,0.586485226657699,0.6160248268021049
Тамбовская область,68,2023,0.048492065704933904,0.27801237255655903,0.05165405437523228,0.345231823339645,0.06892636426991115,0.5774072066862259,0.32637974018433674
Тамбовская область,68,2024,0.04443361319448851,0.3558396839578292,0.09096968210743331,0.21286801855019002,0.07893411948617103,0.5335353794922578,0.16052263086322402
Томская область,69,2021,0.09028896126819319,0.6151406973564248,1.0,0.3866720568600033,0.7757803032070036,0.6228586902530322,0.5221684146934169
Томская область,69,2022,0.08534940625540038,0.6022246055080298,0.9038075330179421,0.20730021979403823,0.7875301418410853,0.6134724024571959,0.3539937598459591
Томская область,69,2023,0.08489317975684191,0.6083717102618863,0.1373180399916749,0.1978004084493151,0.8393139749564933,0.6144260641702104,0.20343384074218465
Томская область,69,2024,0.08397287649481851,0.5774717728518041,0.369520314263894,0.09946028578269847,0.8101565119733933,0.5988071491868263,0.29856711425101184
Ставропольский край,7,2020,0.11855526327901914,0.3235387606061845,0.1381601913975128,0.32125667608893504,0.08557628371112223,0.5780349671721885,0.22387912437166418
Ставропольский край,7,2021,0.1308086915942049,0.2985685695621402,0.09264451533144527,0.2986889069242532,0.08395489910682026,0.5670851331821194,0.2510141712880762
Ставропольский край,7,2022,0.12437424769586436,0.26184121289988593,0.04562866880579629,0.27506364830373653,0.09228344053073943,0.5670947313304718,0.1403213920460609
Ставропольский край,7,2023,0.12669928611172016,0.22431352638504093,0.41795891944239166,0.4818341936222696,0.10522562190603242,0.4914155075001262,0.1197460278471709
Ставропольский край,7,2024,0.1221589404091313,0.2615786257940116,0.4873139630117887,0.5647293452775423,0.08128044596644118,0.6628825483307742,0.09646741543946773
Тульская область,70,2020,0.09974338813569382,0.42080226325693443,0.05413469992695402,0.18974201951760503,0.6597301324947137,0.2958316369513555,0.021295799075721166
Тульская область,70,2021,0.1112025684351888,0.3530941464193274,0.058017103246732454,0.16323052799392812,0.46718465377536833,0.391240574228934,0.04686075145464595
Тульская область,70,2022,0.10560956840040753,0.3075414513767612,0.0704050200738604,0.1672469445728226,0.42473745649114747,0.3779673937703091,0.12324557759933936
Тульская область,70,2023,0.10695296389370103,0.2745154854822963,0.035794144191097436,0.18775980742546214,0.46765041657619233,0.30452828253776515,0.060810696719504946
Тульская область,70,2024,0.09990315086293713,0.3137357602980008,0.023472579999283264,0.1688195678678536,0.32075095064244113,0.39341997648037447,0.04836732616371952
Тюменская область,71,2020,1.0,0.26462940170152166,0.8497039238689192,0.12360026434366918,0.0971042895217934,0.71392066889991,0.028824791652933696
Тюменская область (кроме Ханты-Мансийского автономного округа-Югры и Ямало-Ненецкого автономного округа),71001,2020,0.1619848643042102,0.4205495080555778,0.07719163195936311,0.1209972848806887,0.48451180998647875,0.7179392239710443,0.01956033374464909
Тюменская область (кроме Ханты-Мансийского автономного округа-Югры и Ямало-Ненецкого автономного округа),71001,2021,0.19553794719850098,0.3793427266226257,0.0108734296784753,0.09415569946298318,0.43058828076385464,0.6678490846841773,0.025269954451189968
Тюменская область (кроме Ханты-Мансийского автономного округа-Югры и Ямало-Ненецкого автономного округа),71001,2022,0.18030169133959242,0.34452949677199723,0.08265462647418602,0.1704882180063104,0.4398193263939072,0.7216702545559099,0.011214254003821231
Тюменская область (кроме Ханты-Мансийского автономного округа-Югры и Ямало-Ненецкого автономного округа),71001,2023,0.17831091938159185,0.3698070372295506,0.12211320540046754,0.11607555213749092,0.4619331920461029,0.6805959050777625,0.022194909613844422
Тюменская область (кроме Ханты-Мансийского автономного округа-Югры и Ямало-Ненецкого автономного округа),71001,2024,0.1694793237349949,0.35694157770820406,0.19143833913621675,0.10830394682431786,0.4481563253512288,0.7209949124343406,0.03156549041595958
Ханты-Мансийский автономный округ - Югра (Тюменская область),711,2020,0.4601888695193645,0.2694223676325408,0.009078997878628899,0.08739804238951647,0.03825698032724088,0.6781259205453042,0.07178725150077149
Ханты-Мансийский автономный округ - Югра (Тюменская область),711,2021,0.7036491878254334,0.2044763864705189,0.9714725979734353,0.13602715805107005,0.0147523547561159,0.6902105011387892,0.08014305954683708
Ханты-Мансийский автономный округ - Югра (Тюменская область),711,2022,0.7164692294031808,0.17151227149202503,0.29662751945290144,0.22720847826748333,0.017856916929965407,0.6893024747353423,0.0939199725875145
Ханты-Мансийский автономный округ - Югра (Тюменская область),711,2024,0.760520370723807,0.1523382469957723,0.1723095102532231,0.11545899324234635,0.013080288546315284,0.6599255363503764,0.16356674522433773
Ульяновская область,73,2020,0.06147733381522589,0.36721314316197734,0.33778708153216086,0.2642204919235222,0.9674356766550436,0.3790132006201776,0.01843102121530807
Челябинская область,75,2021,0.2585092565641822,0.3995610364936196,0.5792051846210089,0.27976376245734125,0.6399568153681685,0.4164503655450117,0.25538515312951865
Челябинская область,75,2023,0.24080963950462475,0.4703127085595046,0.4717520892167181,0.16497030459562778,0.4764299117669265,0.48325740782310417,0.16465887299535428
Челябинская область,75,2024,0.22600027405818718,0.40488375375957103,0.4087027724101656,0.30330586913207136,0.47143131587401976,0.5088666911693881,0.5546932343392067
Забайкальский край,76,2020,0.058672700113735626,0.2855361360359979,0.034707286675417566,0.32023070611307447,0.04493160203716646,0.5998799138853568,0.35899624863135676
Ярославская область,78,2020,0.08593434091573048,0.28862910720796564,0.13873905908418593,0.1888012444647227,0.46020849017015447,0.39037221355460244,0.21256677969560203
Ярославская область,78,2021,0.08776346587268852,0.3048646272945234,0.4791902234881536,0.21195718036456296,0.6953330247894272,0.28453290263392833,0.145479908362485
Ярославская область,78,2022,0.07847361881255156,0.3914217633750177,0.08160198842294748,0.1861508494435908,0.8273855632048224,0.29650665395276415,0.2089621952241554
Ярославская область,78,2023,0.08075829192828818,0.35658493842113453,0.05542794674083482,0.3131740639986831,1.0,0.24049196401063677,0.13843071146098257
Ярославская область,78,2024,0.07871240628990055,0.361778186035871,0.03670610485879747,0.4166590011872278,0.7467947029322742,0.283264902800992,0.1214450178667664
Республика Адыгея (Адыгея),79,2020,0.01971746057581129,0.25228239448705386,0.004046322290222918,0.4298765836474094,0.04795365391384512,0.790800256962762,0.5085169998562643
Республика Адыгея (Адыгея),79,2022,0.01997983317015941,0.2632701534587017,0.042889323044272905,0.4076216701758398,0.05242835163021864,0.6553022358838794,0.9695969737832673
Хабаровский край,8,2020,0.12039142620139832,0.33914528895007234,0.025822646398082627,0.27175770202435723,0.08047970200634458,0.845849300435617,0.11267895255860721
Хабаровский край,8,2021,0.12839935221629376,0.4054705538576994,0.19806248730820536,0.22481548649893984,0.07932090246881988,0.7938345753242836,0.05187125817601013
Хабаровский край,8,2022,0.1129108713643976,0.5806789737645435,0.26539881291365824,0.11143824528336678,0.06718154201184931,0.8382497373565,0.13725650626928182
Хабаровский край,8,2023,0.1186714137093093,0.44486335582727865,0.005941738033693169,0.33448846490474426,0.06820845606186018,0.7675700321693789,0.11968489330810592
Хабаровский край,8,2024,0.12111869330149254,0.38470139083038857,0.03664830320021835,0.17467861543139643,0.06310824235500606,0.8761915846515045,0.10226642770092251
Республика Башкортостан,80,2020,0.23571099853807345,0.44080120311725696,0.12541625869194697,0.1440143597492599,0.22138599218240776,0.7186712810814874,0.3142062687629275
Республика Башкортостан,80,2021,0.2524186357028825,0.4873106540917915,0.1697352428715252,0.14782330536299287,0.22889058126558137,0.6933741599535784,0.11695250454611386
Республика Башкортостан,80,2022,0.23345599726819308,0.4176698318846994,0.13065544094096962,0.2769652043760139,0.21608885404320682,0.6124457961588426,0.21415061813266476
Республика Башкортостан,80,2023,0.22900853688734926,0.48933980944350164,0.12831498535074828,0.1827779090953727,0.23541318135065578,0.6473781718282484,0.16340061499534314
Республика Башкортостан,80,2024,0.22954842064212694,0.48019767889281645,0.09634181928686657,0.2099696717398357,0.18539762207565194,0.6480716994209333,0.13898638754513218
Республика Бурятия,81,2020,0.04228020297956179,0.3519575398717689,0.06505990028595542,0.45941753430260174,0.09850359626265824,0.9237551402647465,0.04498508953798327
Республика Бурятия,81,2021,0.04465194234186915,0.29628351769068034,0.1605714650524184,0.5513613017963107,0.09167142507984904,0.9210443589025443,0.04877527989275927
Республика Бурятия,81,2022,0.04698093449564021,0.2516959196182068,0.03587955184798665,0.27310437954312894,0.08247934674766788,0.9325293543009572,0.10337773611118427
Республика Бурятия,81,2023,0.046785396820316745,0.33517920678568575,0.14805181144426707,0.08761493134162743,0.08450358259694447,0.8183010282927329,0.7547426093539863
Республика Бурятия,81,2024,0.04425362463640616,0.2164443775695937,0.12765268015174022,0.37030157480522435,0.06981509663594686,0.8644431821911696,0.4922022599012402
Республика Дагестан,82,2020,0.10133676912934293,0.0480954430229887,0.028160482462902654,0.29664495824441517,0.055757266318552004,0.6913269438041069,0.6142684197017234
Республика Дагестан,82,2021,0.09890998120911763,0.11594566271509259,0.6795066247450962,0.5037141040155516,0.05193892549758323,0.7946283128345781,0.8226151683262897
Республика Дагестан,82,2022,0.09117526385129504,0.08559352177586796,0.028310362634090945,0.509316936073629,0.04549442842568855,0.7643530992299642,0.6482288342995115
Республика Дагестан,82,2023,0.09201874301906204,0.06506489213372156,0.08694275186891383,0.4277577627986174,0.03911687416729387,0.8347633472682067,0.19966633974614803
Республика Дагестан,82,2024,0.08672768278278446,0.06392378479904202,0.01020237078631812,0.2761303202446148,0.03598950022767254,0.8480417093309383,0.13930775231833012
Кабардино-Балкарская Республика,83,2020,0.02484845505777442,0.20462154466461305,0.04219854169646665,0.1270080544067327,0.14434572165123333,0.8298486726105087,0.033605644312716496
Кабардино-Балкарская Республика,83,2021,0.026444005410079942,0.24097464986167433,0.09746805325010315,0.10012502096560737,0.13450933289211175,0.8589708594306447,0.0237478342466483
Кабардино-Балкарская Республика,83,2022,0.02578558699362927,0.20931228143664224,0.08762455621225435,0.24334064144782666,0.12184552405532219,0.8382477424396801,0.31534030670539054
Кабардино-Балкарская Республика,83,2023,0.02695809797632847,0.16217379081590214,0.029711447508819454,0.27420621530762307,0.12554263873253657,0.9240393403006205,0.26269451042198527
Кабардино-Балкарская Республика,83,2024,0.026490888300374618,0.1391801861402929,0.002900665604608156,0.09878626682071269,0.09441152353656698,0.8969325667518703,0.07446710137969924
Республика Алтай,84,2022,0.009376368799351746,0.4205479883758296,0.1375247214753226,0.1994869172817756,0.0411119323969347,0.9221614913018494,0.08743061462697989
Республика Карелия,86,2020,0.044791817725501136,0.4116368559862756,0.01691816333399193,0.17931668243726928,0.1075267139041391,0.9107795313815096,0.26666934331260617
Республика Карелия,86,2021,0.055668252605700796,0.2621875992558685,0.08039506354110504,0.18508322293093232,0.09274185385929204,0.8395870488762922,0.02420306162370428
Республика Карелия,86,2022,0.04120814696435253,0.31516512547897824,0.021652934567252258,0.28688752513668303,0.1141029350332046,0.8875007528388448,0.02657733258312301
Республика Коми,87,2020,0.08472695803353575,0.4778504037728041,0.03293232148347296,0.07661884357296181,0.11450703061945944,0.8597808390699365,0.07519552870976362
Республика Коми,87,2021,0.10776766520488562,0.3683846418138809,0.04475994910580439,0.1399064389810276,0.08199169144195151,0.8757351997424504,0.0740760849846966
Республика Коми,87,2022,0.10136471936322466,0.34085980216714434,0.13693616142298803,0.06237094154784071,0.08403837579344037,0.8833061949834816,0.09262269259306384
Республика Коми,87,2023,0.09468889916323478,0.3742218983222644,0.004296665245155312,0.25088280388304784,0.12032516220756198,0.8561245699921214,0.04322863293592919
Республика Коми,87,2024,0.091859822693838,0.3252336098885726,0.010351489437378836,0.10113063914461402,0.10565690459752598,0.8931868330742868,0.06127825967133826
Республика Марий Эл,88,2024,0.027157588752841105,0.6364173238507795,0.02841212173342712,0.31399348231105007,0.03579789105268287,0.7837951058198322,0.31442261611481126
Республика Мордовия,89,2020,0.03679640712659803,0.2836641476443393,0.06755870997226315,0.304286270566721,0.15414379118561117,0.4468299936772049,0.6190760632356332
Республика Мордовия,89,2021,0.03785730322921793,0.24280627700096385,0.24028652177148946,0.27411871697558254,0.14852376815707755,0.47013604770964795,0.10428524816864233
Республика Мордовия,89,2022,0.03547456432699441,0.27990120398553836,0.25187092418283347,0.17780549234093962,0.13903667005084,0.4480800633363951,0.2800059594740702
Республика Мордовия,89,2023,0.03676078080557244,0.26685851925541026,0.1123248982282125,0.23616273967574317,0.12708643143413234,0.5041724708037162,0.2551624032911911
Республика Мордовия,89,2024,0.03650271834859518,0.31856948975024774,0.11742236094984078,0.12442160983703603,0.1431657649484828,0.525271256108531,0.22002685124248725
Республика Северная Осетия-Алания,90,2022,0.023151753537011304,0.17767807527579538,0.0021501682047917136,0.10805537634425964,0.08590505401234662,0.7956517765939295,0.33756051597877507
Республика Северная Осетия-Алания,90,2023,0.024570730195671284,0.2267661912375536,0.07157493411139434,0.03142058364548258,0.07961460829505403,0.7815992110474568,0.35338240891310174
Республика Татарстан (Татарстан),92,2021,0.4420537608826711,0.3769561285246509,0.35663046618368766,0.3407850582179218,0.25311551056394355,0.41222217983934656,0.12822496487911744
Республика Татарстан (Татарстан),92,2022,0.43622891872772457,0.48105267785800615,0.24489828090579913,0.21639902627807772,0.2588023617508048,0.43759640954907125,0.08932870268912246
Республика Татарстан (Татарстан),92,2023,0.4308178890715176,0.5273003274132457,0.6347933386068447,0.22214147882245477,0.27984334516553566,0.4110889521134039,0.07910008642656861
Республика Татарстан (Татарстан),92,2024,0.41823012734175147,0.5583082930959047,0.04311080344045773,0.17248706762035831,0.3651238686758952,0.4364987095814821,0.5537761402099585
Республика Тыва,93,2022,0.011378158771735732,0.40325434996070375,0.01369225574757341,0.16866136357573028,0.12557471637208528,0.9008852870289176,0.030206849241228788
Республика Тыва,93,2023,0.011484421008649603,0.35089587505673525,0.015095949848929327,0.10422706604651974,0.11421873660379019,0.9119001065699052,0.030948147713362694
Удмуртская Республика,94,2020,0.095085246643256,0.4248229827808806,0.6869328229375322,0.5619690130231134,0.10332651894179794,0.6154114864668971,0.029234549047901126
Удмуртская Республика,94,2021,0.10816645731594814,0.3893249681809666,0.44592943121718204,0.2256969184115402,0.09920230880548542,0.5208795569785876,0.10651827609397754
Удмуртская Республика,94,2022,0.1013932296592725,0.38651581762741943,0.4204665067003713,0.11051611468435912,0.0719741592607999,0.6382274196729222,0.10454955113639165
Республика Хакасия,95,2020,0.03680610344658556,0.35467770266663634,0.1982438941146839,0.9315583028693504,0.014011903283209963,0.9504629658821802,0.09074964989174313
Республика Хакасия,95,2021,0.03918438358486214,0.194774504552521,0.024493693295975234,0.08505399172472028,0.017413637542564323,0.9029899361302943,0.057757451779726125
Республика Хакасия,95,2022,0.03618286469625967,0.21929104417297177,0.20921908158573765,0.09450222643873599,0.020739597486537812,0.880289517878134,0.1643385784291097
Республика Хакасия,95,2024,0.030251244589918416,0.23237115136669043,0.006696655979651944,0.2277138196843765,0.021545829353531738,0.9833370013844138,0.02138641739331063
Чувашская Республика - Чувашия,97,2020,0.048881156036305926,0.25398183761367754,0.02807911960045889,0.5332032990175527,0.21104996109998933,0.4411366350010463,0.3432000031455754
Чувашская Республика - Чувашия,97,2021,0.05082506155888344,0.3409648438623427,0.002034568848051292,0.4836321791179993,0.18066019601351987,0.47214945400664593,0.05557398251847615
Чувашская Республика - Чувашия,97,2022,0.05198443603692857,0.3706257116551044,0.0013578371549027714,0.3603805733981253,0.12390943635578834,0.4625881756665026,0.032604776957251946
Республика Саха (Якутия),98,2020,0.15693342288593948,0.3185999630237768,0.07961517797705654,0.2843016371066732,0.09421066054895888,0.8941144321608445,0.055473398477083984
Республика Саха (Якутия),98,2022,0.20989179478168962,0.3637399566885577,0.04234147612335543,0.23092723585695457,0.07094215188095317,0.859106866213892,0.1117974973285683
Республика Саха (Якутия),98,2023,0.2069132016786219,0.24243170591890076,0.08369622927697142,0.20146472106656618,0.06754885559180347,0.869235356019547,0.04723481088929392
Республика Саха (Якутия),98,2024,0.19376969431353475,0.2566175555022868,0.23453068850143294,0.6265890853950902,0.06319681878610586,0.8400237798042411,0.028790306285672654
