region,okato,year,factoriescap_r
Центральный федеральный округ,030,2017,16702989.0
Центральный федеральный округ,030,2018,19331484.0
Центральный федеральный округ,030,2019,20886340.0
Центральный федеральный округ,030,2020,22304960.0
Центральный федеральный округ,030,2021,27720544.0
Центральный федеральный округ,030,2022,28708568.0
Центральный федеральный округ,030,2023,30357364.0
Центральный федеральный округ,030,2024,35672084.0
Центральный федеральный округ,030,2025,40415800.0
Северо-Западный федеральный округ,031,2017,6721486.0
Северо-Западный федеральный округ,031,2018,7801978.0
Северо-Западный федеральный округ,031,2019,8222581.0
Северо-Западный федеральный округ,031,2020,8804788.0
Северо-Западный федеральный округ,031,2021,12428489.0
Северо-Западный федеральный округ,031,2022,13034309.0
Северо-Западный федеральный округ,031,2023,14119196.0
Северо-Западный федеральный округ,031,2024,15043707.0
Северо-Западный федеральный округ,031,2025,14764770.0
Приволжский федеральный округ,033,2017,11035337.0
Приволжский федеральный округ,033,2018,12987369.0
Приволжский федеральный округ,033,2019,13522465.0
Приволжский федеральный округ,033,2020,12804270.0
Приволжский федеральный округ,033,2021,16645958.0
Приволжский федеральный округ,033,2022,17888060.0
Приволжский федеральный округ,033,2023,20034564.0
Приволжский федеральный округ,033,2024,24077480.0
Приволжский федеральный округ,033,2025,24347400.0
Уральский федеральный округ,034,2017,10817283.0
Уральский федеральный округ,034,2018,13037702.0
Уральский федеральный округ,034,2019,13260027.0
Уральский федеральный округ,034,2020,11713162.0
Уральский федеральный округ,034,2021,17314364.0
Уральский федеральный округ,034,2022,20454058.0
Уральский федеральный округ,034,2023,23356040.0
Уральский федеральный округ,034,2024,26716040.0
Уральский федеральный округ,034,2025,23317638.0
Северо-Кавказский федеральный округ,038,2017,592426.0
Северо-Кавказский федеральный округ,038,2018,631331.0
Северо-Кавказский федеральный округ,038,2019,624381.0
Северо-Кавказский федеральный округ,038,2020,680341.0
Северо-Кавказский федеральный округ,038,2021,833561.0
Северо-Кавказский федеральный округ,038,2022,920219.0
Северо-Кавказский федеральный округ,038,2023,1017414.0
Северо-Кавказский федеральный округ,038,2024,1147721.0
Северо-Кавказский федеральный округ,038,2025,1263055.0
Южный федеральный округ,040,2017,3458438.0
Южный федеральный округ,040,2018,4093652.0
Южный федеральный округ,040,2019,4047217.0
Южный федеральный округ,040,2020,3886053.0
Южный федеральный округ,040,2021,4501401.0
Южный федеральный округ,040,2022,5155092.0
Южный федеральный округ,040,2023,5596133.0
Южный федеральный округ,040,2024,6283423.0
Южный федеральный округ,040,2025,6304660.0
Сибирский федеральный округ,041,2017,6774224.0
Сибирский федеральный округ,041,2018,8116347.0
Сибирский федеральный округ,041,2019,8416771.0
Сибирский федеральный округ,041,2020,8210317.0
Сибирский федеральный округ,041,2021,10476114.0
Сибирский федеральный округ,041,2022,11136696.0
Сибирский федеральный округ,041,2023,11533787.0
Сибирский федеральный округ,041,2024,13726610.0
Сибирский федеральный округ,041,2025,13373037.0
Дальневосточный федеральный округ,042,2017,2928626.0
Дальневосточный федеральный округ,042,2018,3621024.0
Дальневосточный федеральный округ,042,2019,3910136.0
Дальневосточный федеральный округ,042,2020,3946333.0
Дальневосточный федеральный округ,042,2021,4967805.0
Дальневосточный федеральный округ,042,2022,5362349.0
Дальневосточный федеральный округ,042,2023,6229706.0
Дальневосточный федеральный округ,042,2024,7395420.0
Дальневосточный федеральный округ,042,2025,7852628.0
Алтайский край,1,2017,367988.0
Алтайский край,1,2018,385596.0
Алтайский край,1,2019,419159.0
Алтайский край,1,2020,471582.0
Алтайский край,1,2021,581053.0
Алтайский край,1,2022,633952.0
Алтайский край,1,2023,676165.0
Алтайский край,1,2024,842772.0
Алтайский край,1,2025,865948.0
Амурская область,10,2017,134422.0
Амурская область,10,2018,134380.0
Амурская область,10,2019,170013.0
Амурская область,10,2020,217219.0
Амурская область,10,2021,219712.0
Амурская область,10,2022,213229.0
Амурская область,10,2023,358460.0
Амурская область,10,2024,523334.0
Амурская область,10,2025,636714.0
Архангельская область,11,2017,648108.0
Архангельская область,11,2018,673813.0
Архангельская область,11,2019,632307.0
Архангельская область,11,2020,598751.0
Архангельская область,11,2021,989566.0
Архангельская область,11,2022,963395.0
Архангельская область,11,2023,1070738.0
Архангельская область,11,2024,1108690.0
Архангельская область,11,2025,920919.0
Архангельская область (кроме Ненецкого автономного округа),11001,2017,354505.0
Архангельская область (кроме Ненецкого автономного округа),11001,2018,303236.0
Архангельская область (кроме Ненецкого автономного округа),11001,2019,266792.0
Архангельская область (кроме Ненецкого автономного округа),11001,2020,335389.0
Архангельская область (кроме Ненецкого автономного округа),11001,2021,511510.0
Архангельская область (кроме Ненецкого автономного округа),11001,2022,403630.0
Архангельская область (кроме Ненецкого автономного округа),11001,2023,505345.0
Архангельская область (кроме Ненецкого автономного округа),11001,2024,430727.0
Архангельская область (кроме Ненецкого автономного округа),11001,2025,437346.0
Ненецкий автономный округ (Архангельская область),111,2017,293603.0
Ненецкий автономный округ (Архангельская область),111,2018,370578.0
Ненецкий автономный округ (Архангельская область),111,2019,365515.0
Ненецкий автономный округ (Архангельская область),111,2020,263362.0
Ненецкий автономный округ (Архангельская область),111,2021,478056.0
Ненецкий автономный округ (Архангельская область),111,2022,559766.0
Ненецкий автономный округ (Архангельская область),111,2023,565393.0
Ненецкий автономный округ (Архангельская область),111,2024,677963.0
Ненецкий автономный округ (Архангельская область),111,2025,483573.0
Астраханская область,12,2017,313285.0
Астраханская область,12,2018,441883.0
Астраханская область,12,2019,450757.0
Астраханская область,12,2020,364472.0
Астраханская область,12,2021,501369.0
Астраханская область,12,2022,608048.0
Астраханская область,12,2023,596424.0
Астраханская область,12,2024,661028.0
Астраханская область,12,2025,533652.0
Белгородская область,14,2017,783326.0
Белгородская область,14,2018,895434.0
Белгородская область,14,2019,939036.0
Белгородская область,14,2020,1001401.0
Белгородская область,14,2021,1434608.0
Белгородская область,14,2022,1332212.0
Белгородская область,14,2023,1379348.0
Белгородская область,14,2024,1559163.0
Белгородская область,14,2025,1577766.0
Брянская область,15,2017,214708.0
Брянская область,15,2018,245437.0
Брянская область,15,2019,280967.0
Брянская область,15,2020,291324.0
Брянская область,15,2021,359288.0
Брянская область,15,2022,409029.0
Брянская область,15,2023,489517.0
Брянская область,15,2024,566879.0
Брянская область,15,2025,588027.0
Владимирская область,17,2017,453782.0
Владимирская область,17,2018,500985.0
Владимирская область,17,2019,546654.0
Владимирская область,17,2020,598052.0
Владимирская область,17,2021,807313.0
Владимирская область,17,2022,789051.0
Владимирская область,17,2023,934012.0
Владимирская область,17,2024,1069824.0
Владимирская область,17,2025,1123589.0
Волгоградская область,18,2017,853778.0
Волгоградская область,18,2018,1034747.0
Волгоградская область,18,2019,1057910.0
Волгоградская область,18,2020,904781.0
Волгоградская область,18,2021,756775.0
Волгоградская область,18,2022,904522.0
Волгоградская область,18,2023,966321.0
Волгоградская область,18,2024,1053496.0
Волгоградская область,18,2025,1023917.0
Вологодская область,19,2017,621395.0
Вологодская область,19,2018,741042.0
Вологодская область,19,2019,757287.0
Вологодская область,19,2020,790965.0
Вологодская область,19,2021,1299539.0
Вологодская область,19,2022,1265640.0
Вологодская область,19,2023,1255650.0
Вологодская область,19,2024,1389116.0
Вологодская область,19,2025,1363851.0
Воронежская область,20,2017,529550.0
Воронежская область,20,2018,569080.0
Воронежская область,20,2019,640981.0
Воронежская область,20,2020,771635.0
Воронежская область,20,2021,899078.0
Воронежская область,20,2022,983757.0
Воронежская область,20,2023,1056780.0
Воронежская область,20,2024,1248063.0
Воронежская область,20,2025,1364447.0
Нижегородская область,22,2017,1367185.0
Нижегородская область,22,2018,1531787.0
Нижегородская область,22,2019,1643353.0
Нижегородская область,22,2020,1584211.0
Нижегородская область,22,2021,1657676.0
Нижегородская область,22,2022,1837795.0
Нижегородская область,22,2023,2133105.0
Нижегородская область,22,2024,2551016.0
Нижегородская область,22,2025,2581664.0
Ивановская область,24,2017,170378.0
Ивановская область,24,2018,189527.0
Ивановская область,24,2019,194533.0
Ивановская область,24,2020,257144.0
Ивановская область,24,2021,263600.0
Ивановская область,24,2022,303854.0
Ивановская область,24,2023,363754.0
Ивановская область,24,2024,413169.0
Ивановская область,24,2025,421935.0
Иркутская область,25,2017,1063133.0
Иркутская область,25,2018,1255788.0
Иркутская область,25,2019,1259580.0
Иркутская область,25,2020,1238255.0
Иркутская область,25,2021,1658283.0
Иркутская область,25,2022,1902078.0
Иркутская область,25,2023,2007098.0
Иркутская область,25,2024,2363841.0
Иркутская область,25,2025,2452083.0
Республика Ингушетия,26,2017,5159.0
Республика Ингушетия,26,2018,5200.0
Республика Ингушетия,26,2019,5440.0
Республика Ингушетия,26,2020,4508.0
Республика Ингушетия,26,2021,6127.0
Республика Ингушетия,26,2022,10798.0
Республика Ингушетия,26,2023,9374.0
Республика Ингушетия,26,2024,14672.0
Республика Ингушетия,26,2025,13667.0
Калининградская область,27,2017,517165.0
Калининградская область,27,2018,639271.0
Калининградская область,27,2019,671900.0
Калининградская область,27,2020,676198.0
Калининградская область,27,2021,824109.0
Калининградская область,27,2022,622526.0
Калининградская область,27,2023,595184.0
Калининградская область,27,2024,701688.0
Калининградская область,27,2025,686707.0
Тверская область,28,2017,348053.0
Тверская область,28,2018,418961.0
Тверская область,28,2019,453098.0
Тверская область,28,2020,468336.0
Тверская область,28,2021,510937.0
Тверская область,28,2022,553993.0
Тверская область,28,2023,668775.0
Тверская область,28,2024,780055.0
Тверская область,28,2025,861492.0
Калужская область,29,2017,708041.0
Калужская область,29,2018,867954.0
Калужская область,29,2019,919954.0
Калужская область,29,2020,948870.0
Калужская область,29,2021,1131867.0
Калужская область,29,2022,924383.0
Калужская область,29,2023,975225.0
Калужская область,29,2024,1172951.0
Калужская область,29,2025,1526290.0
Краснодарский край,3,2017,1115520.0
Краснодарский край,3,2018,1230964.0
Краснодарский край,3,2019,1180459.0
Краснодарский край,3,2020,1181398.0
Краснодарский край,3,2021,1493109.0
Краснодарский край,3,2022,1724529.0
Краснодарский край,3,2023,1852327.0
Краснодарский край,3,2024,2124650.0
Краснодарский край,3,2025,2243055.0
Камчатский край,30,2017,143431.0
Камчатский край,30,2018,175393.0
Камчатский край,30,2019,186919.0
Камчатский край,30,2020,186801.0
Камчатский край,30,2021,214205.0
Камчатский край,30,2022,216192.0
Камчатский край,30,2023,285077.0
Камчатский край,30,2024,287580.0
Камчатский край,30,2025,258122.0
Кемеровская область - Кузбасс,32,2017,1558767.0
Кемеровская область - Кузбасс,32,2018,1866402.0
Кемеровская область - Кузбасс,32,2019,1728654.0
Кемеровская область - Кузбасс,32,2020,1553246.0
Кемеровская область - Кузбасс,32,2021,2559241.0
Кемеровская область - Кузбасс,32,2022,2941688.0
Кемеровская область - Кузбасс,32,2023,2520413.0
Кемеровская область - Кузбасс,32,2024,2376004.0
Кемеровская область - Кузбасс,32,2025,1909318.0
Кировская область,33,2017,245088.0
Кировская область,33,2018,281612.0
Кировская область,33,2019,290603.0
Кировская область,33,2020,322052.0
Кировская область,33,2021,410267.0
Кировская область,33,2022,430332.0
Кировская область,33,2023,469634.0
Кировская область,33,2024,594170.0
Кировская область,33,2025,654064.0
Костромская область,34,2017,161310.0
Костромская область,34,2018,176380.0
Костромская область,34,2019,190060.0
Костромская область,34,2020,182894.0
Костромская область,34,2021,228221.0
Костромская область,34,2022,249337.0
Костромская область,34,2023,291823.0
Костромская область,34,2024,347199.0
Костромская область,34,2025,345431.0
Самарская область,36,2017,1399540.0
Самарская область,36,2018,1629704.0
Самарская область,36,2019,1703552.0
Самарская область,36,2020,1601287.0
Самарская область,36,2021,2085640.0
Самарская область,36,2022,2025544.0
Самарская область,36,2023,2378047.0
Самарская область,36,2024,3076512.0
Самарская область,36,2025,2813252.0
Курганская область,37,2017,123381.0
Курганская область,37,2018,133988.0
Курганская область,37,2019,154364.0
Курганская область,37,2020,158266.0
Курганская область,37,2021,187027.0
Курганская область,37,2022,229796.0
Курганская область,37,2023,291194.0
Курганская область,37,2024,397116.0
Курганская область,37,2025,490574.0
Курская область,38,2017,308774.0
Курская область,38,2018,353408.0
Курская область,38,2019,372312.0
Курская область,38,2020,395546.0
Курская область,38,2021,589472.0
Курская область,38,2022,531683.0
Курская область,38,2023,636408.0
Курская область,38,2024,709748.0
Курская область,38,2025,706899.0
Красноярский край,4,2017,1735725.0
Красноярский край,4,2018,2158703.0
Красноярский край,4,2019,2557530.0
Красноярский край,4,2020,2604295.0
Красноярский край,4,2021,2919132.0
Красноярский край,4,2022,3015994.0
Красноярский край,4,2023,3359748.0
Красноярский край,4,2024,3791327.0
Красноярский край,4,2025,3692311.0
Город Санкт-Петербург город федерального значения,40,2017,2513170.0
Город Санкт-Петербург город федерального значения,40,2018,2912870.0
Город Санкт-Петербург город федерального значения,40,2019,3007590.0
Город Санкт-Петербург город федерального значения,40,2020,3189683.0
Город Санкт-Петербург город федерального значения,40,2021,4680333.0
Город Санкт-Петербург город федерального значения,40,2022,5387228.0
Город Санкт-Петербург город федерального значения,40,2023,6241166.0
Город Санкт-Петербург город федерального значения,40,2024,6265458.0
Город Санкт-Петербург город федерального значения,40,2025,6457596.0
Ленинградская область,41,2017,1032697.0
Ленинградская область,41,2018,1255394.0
Ленинградская область,41,2019,1326135.0
Ленинградская область,41,2020,1336037.0
Ленинградская область,41,2021,1784285.0
Ленинградская область,41,2022,1937468.0
Ленинградская область,41,2023,2039074.0
Ленинградская область,41,2024,2465681.0
Ленинградская область,41,2025,2446650.0
Липецкая область,42,2017,670076.0
Липецкая область,42,2018,801971.0
Липецкая область,42,2019,726566.0
Липецкая область,42,2020,800438.0
Липецкая область,42,2021,1234182.0
Липецкая область,42,2022,1165409.0
Липецкая область,42,2023,1294696.0
Липецкая область,42,2024,1429343.0
Липецкая область,42,2025,1367741.0
Магаданская область,44,2017,132612.0
Магаданская область,44,2018,146394.0
Магаданская область,44,2019,195668.0
Магаданская область,44,2020,280646.0
Магаданская область,44,2021,301309.0
Магаданская область,44,2022,260342.0
Магаданская область,44,2023,343209.0
Магаданская область,44,2024,481013.0
Магаданская область,44,2025,655318.0
Город Москва столица Российской Федерации город федерального значения,45,2017,7723314.0
Город Москва столица Российской Федерации город федерального значения,45,2018,9159884.0
Город Москва столица Российской Федерации город федерального значения,45,2019,9969869.0
Город Москва столица Российской Федерации город федерального значения,45,2020,10165848.0
Город Москва столица Российской Федерации город федерального значения,45,2021,12687046.0
Город Москва столица Российской Федерации город федерального значения,45,2022,13218269.0
Город Москва столица Российской Федерации город федерального значения,45,2023,12357970.0
Город Москва столица Российской Федерации город федерального значения,45,2024,14591175.0
Город Москва столица Российской Федерации город федерального значения,45,2025,17540930.0
Московская область,46,2017,2693256.0
Московская область,46,2018,2995367.0
Московская область,46,2019,3403150.0
Московская область,46,2020,3869951.0
Московская область,46,2021,4458700.0
Московская область,46,2022,4838109.0
Московская область,46,2023,5895686.0
Московская область,46,2024,7059889.0
Московская область,46,2025,7794427.0
Мурманская область,47,2017,336320.0
Мурманская область,47,2018,348940.0
Мурманская область,47,2019,533366.0
Мурманская область,47,2020,1018759.0
Мурманская область,47,2021,1195961.0
Мурманская область,47,2022,1156780.0
Мурманская область,47,2023,1145039.0
Мурманская область,47,2024,1049157.0
Мурманская область,47,2025,946758.0
Новгородская область,49,2017,205979.0
Новгородская область,49,2018,227287.0
Новгородская область,49,2019,227050.0
Новгородская область,49,2020,242790.0
Новгородская область,49,2021,355477.0
Новгородская область,49,2022,390712.0
Новгородская область,49,2023,361776.0
Новгородская область,49,2024,418763.0
Новгородская область,49,2025,495149.0
Приморский край,5,2017,320802.0
Приморский край,5,2018,334545.0
Приморский край,5,2019,395920.0
Приморский край,5,2020,366574.0
Приморский край,5,2021,444623.0
Приморский край,5,2022,412437.0
Приморский край,5,2023,467646.0
Приморский край,5,2024,533967.0
Приморский край,5,2025,595692.0
Новосибирская область,50,2017,587220.0
Новосибирская область,50,2018,703303.0
Новосибирская область,50,2019,719744.0
Новосибирская область,50,2020,750004.0
Новосибирская область,50,2021,911090.0
Новосибирская область,50,2022,1069907.0
Новосибирская область,50,2023,1243289.0
Новосибирская область,50,2024,1361217.0
Новосибирская область,50,2025,1469660.0
Омская область,52,2017,853536.0
Омская область,52,2018,1029636.0
Омская область,52,2019,1033561.0
Омская область,52,2020,947498.0
Омская область,52,2021,999527.0
Омская область,52,2022,590962.0
Омская область,52,2023,679360.0
Омская область,52,2024,1829995.0
Омская область,52,2025,1860530.0
Оренбургская область,53,2017,765467.0
Оренбургская область,53,2018,971874.0
Оренбургская область,53,2019,1003414.0
Оренбургская область,53,2020,888157.0
Оренбургская область,53,2021,1311034.0
Оренбургская область,53,2022,1392615.0
Оренбургская область,53,2023,1527718.0
Оренбургская область,53,2024,1736504.0
Оренбургская область,53,2025,1536218.0
Орловская область,54,2017,120907.0
Орловская область,54,2018,133708.0
Орловская область,54,2019,136833.0
Орловская область,54,2020,165276.0
Орловская область,54,2021,202745.0
Орловская область,54,2022,230289.0
Орловская область,54,2023,252480.0
Орловская область,54,2024,297481.0
Орловская область,54,2025,296332.0
Пензенская область,56,2017,224195.0
Пензенская область,56,2018,225398.0
Пензенская область,56,2019,255471.0
Пензенская область,56,2020,309567.0
Пензенская область,56,2021,351579.0
Пензенская область,56,2022,368675.0
Пензенская область,56,2023,436746.0
Пензенская область,56,2024,539425.0
Пензенская область,56,2025,564323.0
Пермский край,57,2017,1370843.0
Пермский край,57,2018,1672530.0
Пермский край,57,2019,1708931.0
Пермский край,57,2020,1522252.0
Пермский край,57,2021,1849179.0
Пермский край,57,2022,2078701.0
Пермский край,57,2023,2204514.0
Пермский край,57,2024,2528513.0
Пермский край,57,2025,2441665.0
Псковская область,58,2017,112282.0
Псковская область,58,2018,122876.0
Псковская область,58,2019,143744.0
Псковская область,58,2020,144500.0
Псковская область,58,2021,171508.0
Псковская область,58,2022,185292.0
Псковская область,58,2023,212092.0
Псковская область,58,2024,256232.0
Псковская область,58,2025,264798.0
Ростовская область,60,2017,961868.0
Ростовская область,60,2018,1133264.0
Ростовская область,60,2019,1112940.0
Ростовская область,60,2020,1151874.0
Ростовская область,60,2021,1437577.0
Ростовская область,60,2022,1551711.0
Ростовская область,60,2023,1795543.0
Ростовская область,60,2024,1974834.0
Ростовская область,60,2025,1962117.0
Рязанская область,61,2017,322188.0
Рязанская область,61,2018,349541.0
Рязанская область,61,2019,374189.0
Рязанская область,61,2020,408437.0
Рязанская область,61,2021,501667.0
Рязанская область,61,2022,550214.0
Рязанская область,61,2023,639696.0
Рязанская область,61,2024,769903.0
Рязанская область,61,2025,765387.0
Саратовская область,63,2017,490395.0
Саратовская область,63,2018,554810.0
Саратовская область,63,2019,565616.0
Саратовская область,63,2020,587103.0
Саратовская область,63,2021,788873.0
Саратовская область,63,2022,853009.0
Саратовская область,63,2023,925030.0
Саратовская область,63,2024,1039789.0
Саратовская область,63,2025,1063520.0
Сахалинская область,64,2017,764821.0
Сахалинская область,64,2018,1097783.0
Сахалинская область,64,2019,1033831.0
Сахалинская область,64,2020,826727.0
Сахалинская область,64,2021,1024319.0
Сахалинская область,64,2022,1187430.0
Сахалинская область,64,2023,1208477.0
Сахалинская область,64,2024,1379222.0
Сахалинская область,64,2025,1032457.0
Российская Федерация,643,2017,59030810.0
Российская Федерация,643,2018,69620890.0
Российская Федерация,643,2019,72889920.0
Российская Федерация,643,2020,72350220.0
Российская Федерация,643,2021,94888230.0
Российская Федерация,643,2022,102659350.0
Российская Федерация,643,2023,112244210.0
Российская Федерация,643,2024,130062490.0
Российская Федерация,643,2025,131638990.0
Свердловская область,65,2017,2097372.0
Свердловская область,65,2018,2359655.0
Свердловская область,65,2019,2468501.0
Свердловская область,65,2020,2591610.0
Свердловская область,65,2021,3107291.0
Свердловская область,65,2022,3337434.0
Свердловская область,65,2023,3970777.0
Свердловская область,65,2024,4500893.0
Свердловская область,65,2025,4441062.0
Смоленская область,66,2017,254871.0
Смоленская область,66,2018,275139.0
Смоленская область,66,2019,277345.0
Смоленская область,66,2020,313115.0
Смоленская область,66,2021,371050.0
Смоленская область,66,2022,419315.0
Смоленская область,66,2023,496596.0
Смоленская область,66,2024,585394.0
Смоленская область,66,2025,640985.0
Тамбовская область,68,2017,153675.0
Тамбовская область,68,2018,182461.0
Тамбовская область,68,2019,192227.0
Тамбовская область,68,2020,214507.0
Тамбовская область,68,2021,269853.0
Тамбовская область,68,2022,307648.0
Тамбовская область,68,2023,355966.0
Тамбовская область,68,2024,419331.0
Тамбовская область,68,2025,452958.0
Томская область,69,2017,378553.0
Томская область,69,2018,453002.0
Томская область,69,2019,439138.0
Томская область,69,2020,369471.0
Томская область,69,2021,502158.0
Томская область,69,2022,547120.0
Томская область,69,2023,618870.0
Томская область,69,2024,700022.0
Томская область,69,2025,620244.0
Ставропольский край,7,2017,365905.0
Ставропольский край,7,2018,402965.0
Ставропольский край,7,2019,392468.0
Ставропольский край,7,2020,427606.0
Ставропольский край,7,2021,562973.0
Ставропольский край,7,2022,616685.0
Ставропольский край,7,2023,657855.0
Ставропольский край,7,2024,728508.0
Ставропольский край,7,2025,770650.0
Тульская область,70,2017,694526.0
Тульская область,70,2018,769707.0
Тульская область,70,2019,816592.0
Тульская область,70,2020,951479.0
Тульская область,70,2021,1193578.0
Тульская область,70,2022,1302794.0
Тульская область,70,2023,1552679.0
Тульская область,70,2024,1906059.0
Тульская область,70,2025,2290824.0
Тюменская область,71,2017,7001168.0
Тюменская область,71,2018,8805581.0
Тюменская область,71,2019,8898906.0
Тюменская область,71,2020,7162167.0
Тюменская область,71,2021,11460161.0
Тюменская область,71,2022,14318192.0
Тюменская область,71,2023,16160694.0
Тюменская область,71,2024,18629934.0
Тюменская область,71,2025,15465497.0
Тюменская область (кроме Ханты-Мансийского автономного округа-Югры и Ямало-Ненецкого автономного округа),71001,2017,917546.0
Тюменская область (кроме Ханты-Мансийского автономного округа-Югры и Ямало-Ненецкого автономного округа),71001,2018,1139552.0
Тюменская область (кроме Ханты-Мансийского автономного округа-Югры и Ямало-Ненецкого автономного округа),71001,2019,974986.0
Тюменская область (кроме Ханты-Мансийского автономного округа-Югры и Ямало-Ненецкого автономного округа),71001,2020,945585.0
Тюменская область (кроме Ханты-Мансийского автономного округа-Югры и Ямало-Ненецкого автономного округа),71001,2021,1432195.0
Тюменская область (кроме Ханты-Мансийского автономного округа-Югры и Ямало-Ненецкого автономного округа),71001,2022,1692005.0
Тюменская область (кроме Ханты-Мансийского автономного округа-Югры и Ямало-Ненецкого автономного округа),71001,2023,1745438.0
Тюменская область (кроме Ханты-Мансийского автономного округа-Югры и Ямало-Ненецкого автономного округа),71001,2024,1954188.0
Тюменская область (кроме Ханты-Мансийского автономного округа-Югры и Ямало-Ненецкого автономного округа),71001,2025,1763421.0
Ханты-Мансийский автономный округ - Югра (Тюменская область),711,2017,3756019.0
Ханты-Мансийский автономный округ - Югра (Тюменская область),711,2018,4695642.0
Ханты-Мансийский автономный округ - Югра (Тюменская область),711,2019,4815020.0
Ханты-Мансийский автономный округ - Югра (Тюменская область),711,2020,3480050.0
Ханты-Мансийский автономный округ - Югра (Тюменская область),711,2021,5683619.0
Ханты-Мансийский автономный округ - Югра (Тюменская область),711,2022,7119289.0
Ханты-Мансийский автономный округ - Югра (Тюменская область),711,2023,8955736.0
Ханты-Мансийский автономный округ - Югра (Тюменская область),711,2024,10250899.0
Ханты-Мансийский автономный округ - Югра (Тюменская область),711,2025,8142348.0
Ямало-Ненецкий автономный округ (Тюменская область),7114,2017,2327602.0
Ямало-Ненецкий автономный округ (Тюменская область),7114,2018,2970386.0
Ямало-Ненецкий автономный округ (Тюменская область),7114,2019,3108900.0
Ямало-Ненецкий автономный округ (Тюменская область),7114,2020,2736532.0
Ямало-Ненецкий автономный округ (Тюменская область),7114,2021,4344347.0
Ямало-Ненецкий автономный округ (Тюменская область),7114,2022,5506897.0
Ямало-Ненецкий автономный округ (Тюменская область),7114,2023,5459520.0
Ямало-Ненецкий автономный округ (Тюменская область),7114,2024,6424846.0
Ямало-Ненецкий автономный округ (Тюменская область),7114,2025,5559727.0
Ульяновская область,73,2017,299003.0
Ульяновская область,73,2018,303210.0
Ульяновская область,73,2019,366758.0
Ульяновская область,73,2020,346368.0
Ульяновская область,73,2021,397174.0
Ульяновская область,73,2022,426149.0
Ульяновская область,73,2023,535310.0
Ульяновская область,73,2024,634910.0
Ульяновская область,73,2025,675420.0
Челябинская область,75,2017,1595362.0
Челябинская область,75,2018,1738479.0
Челябинская область,75,2019,1738256.0
Челябинская область,75,2020,1801119.0
Челябинская область,75,2021,2559884.0
Челябинская область,75,2022,2568635.0
Челябинская область,75,2023,2933376.0
Челябинская область,75,2024,3188099.0
Челябинская область,75,2025,2920506.0
Забайкальский край,76,2017,142480.0
Забайкальский край,76,2018,169778.0
Забайкальский край,76,2019,201217.0
Забайкальский край,76,2020,245810.0
Забайкальский край,76,2021,289781.0
Забайкальский край,76,2022,318615.0
Забайкальский край,76,2023,387700.0
Забайкальский край,76,2024,590133.0
Забайкальский край,76,2025,693225.0
Чукотский автономный округ,77,2017,74424.0
Чукотский автономный округ,77,2018,77853.0
Чукотский автономный округ,77,2019,92065.0
Чукотский автономный округ,77,2020,132270.0
Чукотский автономный округ,77,2021,137101.0
Чукотский автономный округ,77,2022,102707.0
Чукотский автономный округ,77,2023,166981.0
Чукотский автономный округ,77,2024,200678.0
Чукотский автономный округ,77,2025,280403.0
Ярославская область,78,2017,392254.0
Ярославская область,78,2018,446541.0
Ярославская область,78,2019,451973.0
Ярославская область,78,2020,500708.0
Ярославская область,78,2021,577338.0
Ярославская область,78,2022,599224.0
Ярославская область,78,2023,715953.0
Ярославская область,78,2024,746459.0
Ярославская область,78,2025,750340.0
Республика Адыгея (Адыгея),79,2017,54717.0
Республика Адыгея (Адыгея),79,2018,59852.0
Республика Адыгея (Адыгея),79,2019,58081.0
Республика Адыгея (Адыгея),79,2020,63483.0
Республика Адыгея (Адыгея),79,2021,71319.0
Республика Адыгея (Адыгея),79,2022,94700.0
Республика Адыгея (Адыгея),79,2023,105844.0
Республика Адыгея (Адыгея),79,2024,131167.0
Республика Адыгея (Адыгея),79,2025,137600.0
Хабаровский край,8,2017,382967.0
Хабаровский край,8,2018,428235.0
Хабаровский край,8,2019,464846.0
Хабаровский край,8,2020,526321.0
Хабаровский край,8,2021,637917.0
Хабаровский край,8,2022,603066.0
Хабаровский край,8,2023,721587.0
Хабаровский край,8,2024,836103.0
Хабаровский край,8,2025,1174600.0
Республика Башкортостан,80,2017,1462488.0
Республика Башкортостан,80,2018,1714059.0
Республика Башкортостан,80,2019,1797610.0
Республика Башкортостан,80,2020,1582718.0
Республика Башкортостан,80,2021,2113845.0
Республика Башкортостан,80,2022,2169720.0
Республика Башкортостан,80,2023,2403975.0
Республика Башкортостан,80,2024,2801506.0
Республика Башкортостан,80,2025,2644411.0
Республика Бурятия,81,2017,112895.0
Республика Бурятия,81,2018,121569.0
Республика Бурятия,81,2019,139423.0
Республика Бурятия,81,2020,183015.0
Республика Бурятия,81,2021,204025.0
Республика Бурятия,81,2022,257650.0
Республика Бурятия,81,2023,267259.0
Республика Бурятия,81,2024,289826.0
Республика Бурятия,81,2025,339647.0
Республика Дагестан,82,2017,67422.0
Республика Дагестан,82,2018,74800.0
Республика Дагестан,82,2019,73638.0
Республика Дагестан,82,2020,62719.0
Республика Дагестан,82,2021,70378.0
Республика Дагестан,82,2022,78446.0
Республика Дагестан,82,2023,84922.0
Республика Дагестан,82,2024,101417.0
Республика Дагестан,82,2025,127662.0
Кабардино-Балкарская Республика,83,2017,37888.0
Кабардино-Балкарская Республика,83,2018,42204.0
Кабардино-Балкарская Республика,83,2019,44865.0
Кабардино-Балкарская Республика,83,2020,56851.0
Кабардино-Балкарская Республика,83,2021,56183.0
Кабардино-Балкарская Республика,83,2022,60264.0
Кабардино-Балкарская Республика,83,2023,61124.0
Кабардино-Балкарская Республика,83,2024,73685.0
Кабардино-Балкарская Республика,83,2025,91152.0
Республика Алтай,84,2017,11766.0
Республика Алтай,84,2018,9692.0
Республика Алтай,84,2019,8057.0
Республика Алтай,84,2020,9955.0
Республика Алтай,84,2021,10376.0
Республика Алтай,84,2022,24533.0
Республика Алтай,84,2023,16592.0
Республика Алтай,84,2024,21104.0
Республика Алтай,84,2025,23451.0
Республика Калмыкия,85,2017,5313.0
Республика Калмыкия,85,2018,6061.0
Республика Калмыкия,85,2019,5913.0
Республика Калмыкия,85,2020,6996.0
Республика Калмыкия,85,2021,9323.0
Республика Калмыкия,85,2022,16486.0
Республика Калмыкия,85,2023,19431.0
Республика Калмыкия,85,2024,20979.0
Республика Калмыкия,85,2025,24759.0
Республика Карелия,86,2017,196741.0
Республика Карелия,86,2018,234868.0
Республика Карелия,86,2019,246760.0
Республика Карелия,86,2020,258021.0
Республика Карелия,86,2021,370114.0
Республика Карелия,86,2022,287388.0
Республика Карелия,86,2023,294412.0
Республика Карелия,86,2024,338124.0
Республика Карелия,86,2025,287652.0
Республика Коми,87,2017,537630.0
Республика Коми,87,2018,645617.0
Республика Коми,87,2019,676441.0
Республика Коми,87,2020,549084.0
Республика Коми,87,2021,757597.0
Республика Коми,87,2022,837878.0
Республика Коми,87,2023,904065.0
Республика Коми,87,2024,1050798.0
Республика Коми,87,2025,894691.0
Республика Марий Эл,88,2017,168958.0
Республика Марий Эл,88,2018,175444.0
Республика Марий Эл,88,2019,180167.0
Республика Марий Эл,88,2020,166696.0
Республика Марий Эл,88,2021,197799.0
Республика Марий Эл,88,2022,212485.0
Республика Марий Эл,88,2023,269607.0
Республика Марий Эл,88,2024,330698.0
Республика Марий Эл,88,2025,345784.0
Республика Мордовия,89,2017,182349.0
Республика Мордовия,89,2018,209845.0
Республика Мордовия,89,2019,223879.0
Республика Мордовия,89,2020,259107.0
Республика Мордовия,89,2021,311154.0
Республика Мордовия,89,2022,346707.0
Республика Мордовия,89,2023,390074.0
Республика Мордовия,89,2024,478434.0
Республика Мордовия,89,2025,507894.0
Республика Северная Осетия-Алания,90,2017,36489.0
Республика Северная Осетия-Алания,90,2018,28669.0
Республика Северная Осетия-Алания,90,2019,28873.0
Республика Северная Осетия-Алания,90,2020,40898.0
Республика Северная Осетия-Алания,90,2021,43573.0
Республика Северная Осетия-Алания,90,2022,52516.0
Республика Северная Осетия-Алания,90,2023,65335.0
Республика Северная Осетия-Алания,90,2024,70722.0
Республика Северная Осетия-Алания,90,2025,81962.0
Карачаево-Черкесская Республика,91,2017,47997.0
Карачаево-Черкесская Республика,91,2018,44613.0
Карачаево-Черкесская Республика,91,2019,39854.0
Карачаево-Черкесская Республика,91,2020,41935.0
Карачаево-Черкесская Республика,91,2021,47061.0
Карачаево-Черкесская Республика,91,2022,50285.0
Карачаево-Черкесская Республика,91,2023,69667.0
Карачаево-Черкесская Республика,91,2024,74284.0
Карачаево-Черкесская Республика,91,2025,82730.0
Республика Татарстан (Татарстан),92,2017,2298921.0
Республика Татарстан (Татарстан),92,2018,2804598.0
Республика Татарстан (Татарстан),92,2019,2810718.0
Республика Татарстан (Татарстан),92,2020,2780617.0
Республика Татарстан (Татарстан),92,2021,4109533.0
Республика Татарстан (Татарстан),92,2022,4531702.0
Республика Татарстан (Татарстан),92,2023,4907377.0
Республика Татарстан (Татарстан),92,2024,5810573.0
Республика Татарстан (Татарстан),92,2025,6337898.0
Республика Тыва,93,2017,28712.0
Республика Тыва,93,2018,33766.0
Республика Тыва,93,2019,27246.0
Республика Тыва,93,2020,23491.0
Республика Тыва,93,2021,28092.0
Республика Тыва,93,2022,36380.0
Республика Тыва,93,2023,35010.0
Республика Тыва,93,2024,43737.0
Республика Тыва,93,2025,45138.0
Удмуртская Республика,94,2017,556808.0
Удмуртская Республика,94,2018,680455.0
Удмуртская Республика,94,2019,710949.0
Удмуртская Республика,94,2020,594615.0
Удмуртская Республика,94,2021,780895.0
Удмуртская Республика,94,2022,887371.0
Удмуртская Республика,94,2023,1010558.0
Удмуртская Республика,94,2024,1377594.0
Удмуртская Республика,94,2025,1447726.0
Республика Хакасия,95,2017,188824.0
Республика Хакасия,95,2018,220457.0
Республика Хакасия,95,2019,224102.0
Республика Хакасия,95,2020,242520.0
Республика Хакасия,95,2021,307163.0
Республика Хакасия,95,2022,374081.0
Республика Хакасия,95,2023,377242.0
Республика Хакасия,95,2024,396591.0
Республика Хакасия,95,2025,434353.0
Чеченская Республика,96,2017,31566.0
Чеченская Республика,96,2018,32879.0
Чеченская Республика,96,2019,39243.0
Чеченская Республика,96,2020,45823.0
Чеченская Республика,96,2021,47265.0
Чеченская Республика,96,2022,51225.0
Чеченская Республика,96,2023,69138.0
Чеченская Республика,96,2024,84433.0
Чеченская Республика,96,2025,95231.0
Чувашская Республика - Чувашия,97,2017,204097.0
Чувашская Республика - Чувашия,97,2018,232044.0
Чувашская Республика - Чувашия,97,2019,261444.0
Чувашская Республика - Чувашия,97,2020,259520.0
Чувашская Республика - Чувашия,97,2021,281309.0
Чувашская Республика - Чувашия,97,2022,327257.0
Чувашская Республика - Чувашия,97,2023,442868.0
Чувашская Республика - Чувашия,97,2024,577836.0
Чувашская Республика - Чувашия,97,2025,733560.0
Республика Саха (Якутия),98,2017,700779.0
Республика Саха (Якутия),98,2018,913158.0
Республика Саха (Якутия),98,2019,1004438.0
Республика Саха (Якутия),98,2020,951896.0
Республика Саха (Якутия),98,2021,1452365.0
Республика Саха (Якутия),98,2022,1753436.0
Республика Саха (Якутия),98,2023,1983651.0
Республика Саха (Якутия),98,2024,2233786.0
Республика Саха (Якутия),98,2025,2144721.0
Еврейская автономная область,99,2017,18992.0
Еврейская автономная область,99,2018,21935.0
Еврейская автономная область,99,2019,25795.0
Еврейская автономная область,99,2020,29053.0
Еврейская автономная область,99,2021,42447.0
Еврейская автономная область,99,2022,37244.0
Еврейская автономная область,99,2023,39660.0
Еврейская автономная область,99,2024,39778.0
Еврейская автономная область,99,2025,41729.0
