region,year,inetusage_r
Абай,2018,1489
Абай,2019,1551
Абай,2020,1603
Абай,2021,1690
Абай,2022,1460
Абай,2023,1474
Абай,2024,1796
Абай,2025,1548
Акмолинская,2004,101
Акмолинская,2005,201
Акмолинская,2006,243
Акмолинская,2007,328
Акмолинская,2008,1290
Акмолинская,2009,1814
Акмолинская,2010,1677
Акмолинская,2011,1840
Акмолинская,2012,2203
Акмолинская,2013,2659
Акмолинская,2014,2818
Акмолинская,2015,2782
Акмолинская,2016,2906
Акмолинская,2017,3008
Акмолинская,2018,3183
Акмолинская,2019,3347
Акмолинская,2020,3636
Акмолинская,2021,3887
Акмолинская,2022,3944
Акмолинская,2023,4280
Акмолинская,2024,4414
Акмолинская,2025,3786
Актюбинская,2004,190
Актюбинская,2005,247
Актюбинская,2006,297
Актюбинская,2007,321
Актюбинская,2008,1856
Актюбинская,2009,2687
Актюбинская,2010,2912
Актюбинская,2011,3410
Актюбинская,2012,3300
Актюбинская,2013,3581
Актюбинская,2014,3165
Актюбинская,2015,3721
Актюбинская,2016,3484
Актюбинская,2017,3714
Актюбинская,2018,3981
Актюбинская,2019,4101
Актюбинская,2020,4049
Актюбинская,2021,4351
Актюбинская,2022,4406
Актюбинская,2023,4023
Актюбинская,2024,4158
Актюбинская,2025,3775
Алматинская,2004,134
Алматинская,2005,206
Алматинская,2006,293
Алматинская,2007,333
Алматинская,2008,744
Алматинская,2009,2183
Алматинская,2010,1314
Алматинская,2011,1792
Алматинская,2012,1830
Алматинская,2013,2637
Алматинская,2014,2551
Алматинская,2015,2911
Алматинская,2016,3121
Алматинская,2017,3434
Алматинская,2018,2498
Алматинская,2019,2960
Алматинская,2020,2557
Алматинская,2021,2680
Алматинская,2022,2563
Алматинская,2023,3624
Алматинская,2024,4444
Алматинская,2025,3843
Атырауская,2004,76
Атырауская,2005,144
Атырауская,2006,166
Атырауская,2007,202
Атырауская,2008,749
Атырауская,2009,1982
Атырауская,2010,2497
Атырауская,2011,1789
Атырауская,2012,1647
Атырауская,2013,2042
Атырауская,2014,1741
Атырауская,2015,2455
Атырауская,2016,2303
Атырауская,2017,2346
Атырауская,2018,2656
Атырауская,2019,3127
Атырауская,2020,2727
Атырауская,2021,2678
Атырауская,2022,3438
Атырауская,2023,3025
Атырауская,2024,3828
Атырауская,2025,3267
Восточно-Казахстанская,2004,231
Восточно-Казахстанская,2005,424
Восточно-Казахстанская,2006,482
Восточно-Казахстанская,2007,636
Восточно-Казахстанская,2008,2469
Восточно-Казахстанская,2009,3669
Восточно-Казахстанская,2010,3287
Восточно-Казахстанская,2011,3772
Восточно-Казахстанская,2012,3988
Восточно-Казахстанская,2013,4249
Восточно-Казахстанская,2014,4135
Восточно-Казахстанская,2015,4148
Восточно-Казахстанская,2016,4452
Восточно-Казахстанская,2017,4940
Восточно-Казахстанская,2018,3886
Восточно-Казахстанская,2019,3800
Восточно-Казахстанская,2020,4166
Восточно-Казахстанская,2021,3637
Восточно-Казахстанская,2022,3761
Восточно-Казахстанская,2023,3976
Восточно-Казахстанская,2024,4097
Восточно-Казахстанская,2025,3945
Жамбылская,2004,63
Жамбылская,2005,96
Жамбылская,2006,152
Жамбылская,2007,182
Жамбылская,2008,694
Жамбылская,2009,1297
Жамбылская,2010,971
Жамбылская,2011,1163
Жамбылская,2012,1320
Жамбылская,2013,1653
Жамбылская,2014,1543
Жамбылская,2015,1947
Жамбылская,2016,1838
Жамбылская,2017,1930
Жамбылская,2018,1925
Жамбылская,2019,2012
Жамбылская,2020,2198
Жамбылская,2021,2255
Жамбылская,2022,2751
Жамбылская,2023,2409
Жамбылская,2024,2610
Жамбылская,2025,2246
Жетісу,2018,1484
Жетісу,2019,1434
Жетісу,2020,1685
Жетісу,2021,1499
Жетісу,2022,1287
Жетісу,2023,1450
Жетісу,2024,1699
Жетісу,2025,1380
Западно-Казахстанская,2004,136
Западно-Казахстанская,2005,178
Западно-Казахстанская,2006,176
Западно-Казахстанская,2007,192
Западно-Казахстанская,2008,751
Западно-Казахстанская,2009,1738
Западно-Казахстанская,2010,1669
Западно-Казахстанская,2011,1453
Западно-Казахстанская,2012,1440
Западно-Казахстанская,2013,1957
Западно-Казахстанская,2014,1743
Западно-Казахстанская,2015,1769
Западно-Казахстанская,2016,2418
Западно-Казахстанская,2017,2352
Западно-Казахстанская,2018,2120
Западно-Казахстанская,2019,2410
Западно-Казахстанская,2020,2326
Западно-Казахстанская,2021,2641
Западно-Казахстанская,2022,2520
Западно-Казахстанская,2023,2697
Западно-Казахстанская,2024,2834
Западно-Казахстанская,2025,2666
Карагандинская,2004,288
Карагандинская,2005,507
Карагандинская,2006,574
Карагандинская,2007,620
Карагандинская,2008,2362
Карагандинская,2009,3097
Карагандинская,2010,3818
Карагандинская,2011,3709
Карагандинская,2012,3900
Карагандинская,2013,4493
Карагандинская,2014,4639
Карагандинская,2015,5732
Карагандинская,2016,6321
Карагандинская,2017,6896
Карагандинская,2018,7061
Карагандинская,2019,7541
Карагандинская,2020,7451
Карагандинская,2021,7109
Карагандинская,2022,7907
Карагандинская,2023,8105
Карагандинская,2024,7894
Карагандинская,2025,6769
Костанайская,2004,191
Костанайская,2005,255
Костанайская,2006,337
Костанайская,2007,407
Костанайская,2008,1494
Костанайская,2009,2058
Костанайская,2010,2006
Костанайская,2011,2468
Костанайская,2012,2737
Костанайская,2013,3057
Костанайская,2014,3339
Костанайская,2015,3238
Костанайская,2016,3601
Костанайская,2017,3939
Костанайская,2018,4162
Костанайская,2019,4309
Костанайская,2020,4845
Костанайская,2021,4204
Костанайская,2022,4381
Костанайская,2023,4393
Костанайская,2024,4546
Костанайская,2025,4104
Кызылординская,2004,53
Кызылординская,2005,77
Кызылординская,2006,114
Кызылординская,2007,132
Кызылординская,2008,703
Кызылординская,2009,1009
Кызылординская,2010,1009
Кызылординская,2011,1172
Кызылординская,2012,1227
Кызылординская,2013,1235
Кызылординская,2014,1385
Кызылординская,2015,1719
Кызылординская,2016,1695
Кызылординская,2017,1635
Кызылординская,2018,1894
Кызылординская,2019,1909
Кызылординская,2020,1999
Кызылординская,2021,1819
Кызылординская,2022,1731
Кызылординская,2023,1592
Кызылординская,2024,1850
Кызылординская,2025,1269
Мангистауская,2004,64
Мангистауская,2005,93
Мангистауская,2006,121
Мангистауская,2007,161
Мангистауская,2008,830
Мангистауская,2009,2183
Мангистауская,2010,2002
Мангистауская,2011,2035
Мангистауская,2012,2182
Мангистауская,2013,3124
Мангистауская,2014,1979
Мангистауская,2015,2079
Мангистауская,2016,1744
Мангистауская,2017,2667
Мангыстауская,2018,2956
Мангыстауская,2019,2780
Мангыстауская,2020,2840
Мангыстауская,2021,2927
Мангыстауская,2022,3402
Мангыстауская,2023,3000
Мангыстауская,2024,3325
Мангыстауская,2025,2601
Павлодарская,2004,198
Павлодарская,2005,334
Павлодарская,2006,338
Павлодарская,2007,341
Павлодарская,2008,1266
Павлодарская,2009,1955
Павлодарская,2010,1874
Павлодарская,2011,2129
Павлодарская,2012,2284
Павлодарская,2013,2761
Павлодарская,2014,2805
Павлодарская,2015,2979
Павлодарская,2016,3691
Павлодарская,2017,3770
Павлодарская,2018,4104
Павлодарская,2019,4370
Павлодарская,2020,4653
Павлодарская,2021,5017
Павлодарская,2022,5434
Павлодарская,2023,4007
Павлодарская,2024,4917
Павлодарская,2025,4071
Республика Казахстан,2004,2843
Республика Казахстан,2005,4883
Республика Казахстан,2006,5767
Республика Казахстан,2007,6803
Республика Казахстан,2008,35089
Республика Казахстан,2009,44046
Республика Казахстан,2010,45354
Республика Казахстан,2011,48064
Республика Казахстан,2012,49853
Республика Казахстан,2013,58456
Республика Казахстан,2014,52630
Республика Казахстан,2015,65186
Республика Казахстан,2016,75779
Республика Казахстан,2017,79658
Республика Казахстан,2018,100702
Республика Казахстан,2019,105531
Республика Казахстан,2020,110246
Республика Казахстан,2021,107121
Республика Казахстан,2022,124603
Республика Казахстан,2023,121439
Республика Казахстан,2024,131012
Республика Казахстан,2025,113998
Северо-Казахстанская,2004,120
Северо-Казахстанская,2005,234
Северо-Казахстанская,2006,239
Северо-Казахстанская,2007,304
Северо-Казахстанская,2008,916
Северо-Казахстанская,2009,1692
Северо-Казахстанская,2010,1632
Северо-Казахстанская,2011,1745
Северо-Казахстанская,2012,1762
Северо-Казахстанская,2013,2226
Северо-Казахстанская,2014,2266
Северо-Казахстанская,2015,2294
Северо-Казахстанская,2016,2500
Северо-Казахстанская,2017,2852
Северо-Казахстанская,2018,2999
Северо-Казахстанская,2019,2939
Северо-Казахстанская,2020,3494
Северо-Казахстанская,2021,3204
Северо-Казахстанская,2022,3090
Северо-Казахстанская,2023,3149
Северо-Казахстанская,2024,3361
Северо-Казахстанская,2025,3057
Туркестанская,2018,2801
Туркестанская,2019,2937
Туркестанская,2020,3274
Туркестанская,2021,3319
Туркестанская,2022,3689
Туркестанская,2023,3805
Туркестанская,2024,4632
Туркестанская,2025,3701
Южно-Казахстанская,2004,196
Южно-Казахстанская,2005,283
Южно-Казахстанская,2006,325
Южно-Казахстанская,2007,390
Южно-Казахстанская,2008,1377
Южно-Казахстанская,2009,1869
Южно-Казахстанская,2010,2276
Южно-Казахстанская,2011,2597
Южно-Казахстанская,2012,3698
Южно-Казахстанская,2013,3904
Южно-Казахстанская,2014,2949
Южно-Казахстанская,2015,3869
Южно-Казахстанская,2016,4321
Южно-Казахстанская,2017,4512
г. Алматы,2004,727
г. Алматы,2005,1288
г. Алматы,2006,1523
г. Алматы,2007,1713
г. Алматы,2008,15050
г. Алматы,2009,12628
г. Алматы,2010,13251
г. Алматы,2011,13218
г. Алматы,2012,12428
г. Алматы,2013,14676
г. Алматы,2014,10710
г. Алматы,2015,17688
г. Алматы,2016,22384
г. Алматы,2017,21438
г. Алматы,2018,24199
г. Алматы,2019,26255
г. Алматы,2020,29782
г. Алматы,2021,27115
г. Алматы,2022,35098
г. Алматы,2023,34464
г. Алматы,2024,37150
г. Алматы,2025,36767
г. Астана,2004,75
г. Астана,2005,316
г. Астана,2006,387
г. Астана,2007,541
г. Астана,2008,2538
г. Астана,2009,2185
г. Астана,2010,3159
г. Астана,2011,3772
г. Астана,2012,3907
г. Астана,2013,4202
г. Астана,2014,4862
г. Астана,2015,5855
г. Астана,2016,9000
г. Астана,2017,10225
г. Астана,2018,21427
г. Астана,2019,22146
г. Астана,2020,20513
г. Астана,2021,21144
г. Астана,2022,27676
г. Астана,2023,25942
г. Астана,2024,26217
г. Астана,2025,19302
г. Шымкент,2018,5265
г. Шымкент,2019,4969
г. Шымкент,2020,5810
г. Шымкент,2021,5276
г. Шымкент,2022,5528
г. Шымкент,2023,5422
г. Шымкент,2024,6572
г. Шымкент,2025,5341
Ұлытау,2018,612
Ұлытау,2019,634
Ұлытау,2020,638
Ұлытау,2021,669
Ұлытау,2022,537
Ұлытау,2023,602
Ұлытау,2024,668
Ұлытау,2025,560
