sector,okved2,year,RDequip_s
"Растениеводство и животноводство, охота и предоставление соответствующих услуг в этих областях",01,2017,0.7351
"Растениеводство и животноводство, охота и предоставление соответствующих услуг в этих областях",01,2018,6.93
"Растениеводство и животноводство, охота и предоставление соответствующих услуг в этих областях",01,2019,25.4717
"Растениеводство и животноводство, охота и предоставление соответствующих услуг в этих областях",01,2022,13.3348
Выращивание однолетних культур,01.1,2024,18.7154
Предоставление услуг в области добычи полезных ископаемых,09,2025,0.188
Предоставление услуг в области добычи нефти и природного газа,09.10,2025,0.188
Предоставление прочих услуг в области добычи нефти и природного газа,09.10.9,2025,0.188
Производство пищевых продуктов,10,2017,0.345
Производство пищевых продуктов,10,2018,0.021
Всего по обследуемым видам экономической деятельности,101.АГ,2017,21750.6176
Всего по обследуемым видам экономической деятельности,101.АГ,2018,19610.4818
Всего по обследуемым видам экономической деятельности,101.АГ,2019,34199.569200000005
Всего по обследуемым видам экономической деятельности,101.АГ,2020,35234.2578
Всего по обследуемым видам экономической деятельности,101.АГ,2021,37991.4554
Всего по обследуемым видам экономической деятельности,101.АГ,2022,33939.1341
Всего по обследуемым видам экономической деятельности,101.АГ,2023,44494.7143
Всего по обследуемым видам экономической деятельности,101.АГ,2024,54565.0418
Всего по обследуемым видам экономической деятельности,101.АГ,2025,45027.7886
Промышленное производство (промышленность),102.АГ,2017,1883.9809
Промышленное производство (промышленность),102.АГ,2018,1820.9997
Производство текстильных изделий,13,2017,0.482
Производство текстильных изделий,13,2018,6.5993
Производство текстильных изделий,13,2022,128.763
Производство текстильных изделий,13,2023,24.2785
Собирательная классификационная группировка видов экономической деятельности в области деятельности творческих (креативных) индустрий на основе Общероссийского классификатора видов экономической деятельности (ОКВЭД2) ОК 029-2014 (КДЕС Ред. 2),13210000.029.02,2024,327.8486
Собирательная классификационная группировка видов экономической деятельности в области деятельности творческих (креативных) индустрий на основе Общероссийского классификатора видов экономической деятельности (ОКВЭД2) ОК 029-2014 (КДЕС Ред. 2),13210000.029.02,2025,43.0418
Сектор инжиниринговых услуг и промышленного дизайна,1323500.029.12,2017,5.448600000000001
 Сектор инжиниринговых услуг и промышленного дизайна,1323500.029.12,2018,27.4637
Сектор инжиниринговых услуг и промышленного дизайна,1323500.029.12,2020,11.7571
Сектор инжиниринговых услуг и промышленного дизайна,1323500.029.12,2021,14.9888
Сектор инжиниринговых услуг и промышленного дизайна,1323500.029.12,2023,95.5164
Сектор инжиниринговых услуг и промышленного дизайна,1323500.029.12,2024,74.25460000000001
Сектор инжиниринговых услуг и промышленного дизайна,1323500.029.12,2025,11.6869
"Собирательная классификационная группировка видов экономической деятельности ""Промышленность"" на основе ОКВЭД2 (КДЕС Ред. 2)",1323500.029.31,2019,1477.7631
"Собирательная классификационная группировка видов экономической деятельности ""Промышленность"" на основе ОКВЭД2 (КДЕС Ред. 2)",1323500.029.31,2020,1843.0557
"Собирательная классификационная группировка видов экономической деятельности ""Промышленность"" на основе ОКВЭД2 (КДЕС Ред. 2)",1323500.029.31,2021,5979.1088
"Собирательная классификационная группировка видов экономической деятельности ""Промышленность"" на основе ОКВЭД2 (КДЕС Ред. 2)",1323500.029.31,2022,4242.2691
"Собирательная классификационная группировка видов экономической деятельности ""Промышленность"" на основе ОКВЭД2 (КДЕС Ред. 2)",1323500.029.31,2023,6896.553099999999
"Собирательная классификационная группировка видов экономической деятельности ""Промышленность"" на основе ОКВЭД2 (КДЕС Ред. 2)",1323500.029.31,2024,15163.9272
"Собирательная классификационная группировка видов экономической деятельности ""Промышленность"" на основе ОКВЭД2 (КДЕС Ред. 2)",1323500.029.31,2025,11573.1196
Виды экономической деятельности в области промышленности строительных материалов,1323500.029.33,2018,51.6365
Виды экономической деятельности в области промышленности строительных материалов,1323500.029.33,2020,78.24969999999999
Виды экономической деятельности в области промышленности строительных материалов,1323500.029.33,2021,99.883
Виды экономической деятельности в области промышленности строительных материалов,1323500.029.33,2022,57.081
Виды экономической деятельности в области промышленности строительных материалов,1323500.029.33,2023,54.3339
Виды экономической деятельности в области промышленности строительных материалов,1323500.029.33,2024,4.6262
Виды экономической деятельности в области промышленности строительных материалов,1323500.029.33,2025,141.5584
"Собирательная классификационная группировка видов экономической деятельности в области лазерных, оптических и оптоэлектронных технологий (фотоники) на основе Общероссийского классификатора видов экономической деятельности (ОКВЭД 2) ОК 029-2014 (КДЕС Ред.2)",1323500.029.36,2025,1.2825
Сектор информационно-коммуникационных технологий,1324500.029.01,2017,450.9359
Сектор информационно-коммуникационных технологий,1324500.029.01,2018,452.5014000000001
Сектор информационно-коммуникационных технологий,1324500.029.01,2019,137.4447
Сектор информационно-коммуникационных технологий,1324500.029.01,2020,783.5015
Сектор информационно-коммуникационных технологий,1324500.029.01,2021,2249.291
Сектор информационно-коммуникационных технологий,1324500.029.01,2022,1356.8336000000002
Сектор информационно-коммуникационных технологий,1324500.029.01,2023,1733.432
Сектор информационно-коммуникационных технологий,1324500.029.01,2024,3994.9044
Сектор информационно-коммуникационных технологий,1324500.029.01,2025,2686.0155
Сектор контента и средств массовой информации,1324500.029.02,2022,4.3609
Сектор контента и средств массовой информации,1324500.029.02,2023,4.968100000000001
Собирательная классификация группировка видов экономической деятельности «Отрасль информационных технологий» на основе Общероссийского классификатора видов экономической деятельности (ОКВЭД2) ОК 029-2014 (КДЕС Ред. 2),1324500.029.11,2017,223.9109
Отрасль информационных технологий,1324500.029.11,2018,319.3969
Отрасль информационных технологий,1324500.029.11,2019,107.1899
Отрасль информационных технологий,1324500.029.11,2020,68.45710000000001
Отрасль информационных технологий,1324500.029.11,2021,116.642
Отрасль информационных технологий,1324500.029.11,2022,47.0487
Отрасль информационных технологий,1324500.029.11,2023,43.2851
Отрасль информационных технологий,1324500.029.11,2024,195.6454
Отрасль информационных технологий,1324500.029.11,2025,40.8165
Собирательная классификационная группировка видов экономической деятельности  Агропромышленный комплекс  на основе Общероссийского классификатора видов экономической деятельности (ОКВЭД2) ОК 029-2014 (КДЕС Ред.2),1325000.029.01,2017,15364.1166
" Собирательная классификационная группировка видов экономической деятельности ""Агропромышленный комплекс"" на основе Общероссийского классификатора видов экономической деятельности (ОКВЭД2) ОК 029-2014 (КДЕС Ред.2)",1325000.029.01,2018,13946.4309
"Собирательная классификационная группировка видов экономической деятельности ""Агропромышленный комплекс"" на основе Общероссийского классификатора видов экономической деятельности (ОКВЭД2) ОК 029-2014 (КДЕС Ред.2)",1325000.029.01,2019,27627.5252
"Собирательная классификационная группировка видов экономической деятельности ""Агропромышленный комплекс"" на основе Общероссийского классификатора видов экономической деятельности (ОКВЭД2) ОК 029-2014 (КДЕС Ред.2)",1325000.029.01,2020,27301.3475
"Собирательная классификационная группировка видов экономической деятельности ""Агропромышленный комплекс"" на основе Общероссийского классификатора видов экономической деятельности (ОКВЭД2) ОК 029-2014 (КДЕС Ред.2)",1325000.029.01,2021,24545.0238
"Собирательная классификационная группировка видов экономической деятельности ""Агропромышленный комплекс"" на основе Общероссийского классификатора видов экономической деятельности (ОКВЭД2) ОК 029-2014 (КДЕС Ред.2)",1325000.029.01,2022,21708.1822
"Собирательная классификационная группировка видов экономической деятельности ""Агропромышленный комплекс"" на основе Общероссийского классификатора видов экономической деятельности (ОКВЭД2) ОК 029-2014 (КДЕС Ред.2)",1325000.029.01,2023,29762.3989
"Собирательная классификационная группировка видов экономической деятельности ""Агропромышленный комплекс"" на основе Общероссийского классификатора видов экономической деятельности (ОКВЭД2) ОК 029-2014 (КДЕС Ред.2)",1325000.029.01,2024,30672.7793
Наукоемкие виды экономической деятельности.,136.АГ,2024,39359.926
Наукоемкие виды экономической деятельности.,136.АГ,2025,33354.4292
Производство одежды,14,2024,31.2842
Производство одежды,14,2025,20.9498
"Производство одежды, кроме одежды из меха",14.1,2024,31.2842
"Производство одежды, кроме одежды из меха",14.1,2025,20.9498
Производство спецодежды,14.12,2024,31.2842
Производство спецодежды,14.12,2025,20.9498
Деятельность полиграфическая и копирование носителей информации,18,2017,1.179
Производство кокса и нефтепродуктов,19,2017,27.782
Производство кокса и нефтепродуктов,19,2018,27.4205
Производство химических веществ и химических продуктов,20,2017,114.4214
Производство химических веществ и химических продуктов,20,2018,89.7552
Производство химических веществ и химических продуктов,20,2019,202.0377
Производство химических веществ и химических продуктов,20,2020,182.3061
Производство химических веществ и химических продуктов,20,2021,58.3875
Производство химических веществ и химических продуктов,20,2022,63.4752
Производство химических веществ и химических продуктов,20,2023,91.9473
Производство химических веществ и химических продуктов,20,2024,74.7016
Производство химических веществ и химических продуктов,20,2025,262.8933
"Производство химических продуктов, не включенные в другие группировки",20.05.АГ,2017,49.3705
"Производство химических продуктов, не включенных в другие группировки",20.05.АГ,2018,63.3397
"Производство химических продуктов, не включенных в другие группировки",20.05.АГ,2019,72.7241
"Производство химических продуктов, не включенных в другие группировки",20.05.АГ,2020,72.9382
"Производство прочих химических продуктов, за исключением взрывчатых веществ",20.09.АГ,2017,27.0173
"Производство прочих химических продуктов, за исключением взрывчатых веществ",20.09.АГ,2018,63.3397
" Производство прочих химических продуктов, за исключением взрывчатых веществ",20.09.АГ,2019,72.7241
" Производство прочих химических продуктов, за исключением взрывчатых веществ",20.09.АГ,2020,72.9382
" Производство прочих химических продуктов, за исключением взрывчатых веществ",20.09.АГ,2021,35.944300000000005
" Производство прочих химических продуктов, за исключением взрывчатых веществ",20.09.АГ,2022,11.6742
"Производство прочих химических продуктов, за исключением взрывчатых веществ",20.09.АГ,2023,15.5103
"Производство основных химических веществ, удобрений и азотных соединений, пластмасс и синтетического каучука в первичных формах",20.1,2017,63.5642
"Производство основных химических веществ, удобрений и азотных соединений, пластмасс и синтетического каучука в первичных формах",20.1,2018,12.7772
"Производство основных химических веществ, удобрений и азотных соединений, пластмасс и синтетического каучука в первичных формах",20.1,2019,120.021
"Производство основных химических веществ, удобрений и азотных соединений, пластмасс и синтетического каучука в первичных формах",20.1,2020,107.2376
"Производство основных химических веществ, удобрений и азотных соединений, пластмасс и синтетического каучука в первичных формах",20.1,2021,20.753400000000003
"Производство основных химических веществ, удобрений и азотных соединений, пластмасс и синтетического каучука в первичных формах",20.1,2022,50.7208
"Производство основных химических веществ, удобрений и азотных соединений, пластмасс и синтетического каучука в первичных формах",20.1,2023,74.325
"Производство основных химических веществ, удобрений и азотных соединений, пластмасс и синтетического каучука в первичных формах",20.1,2024,63.6177
"Производство основных химических веществ, удобрений и азотных соединений, пластмасс и синтетического каучука в первичных формах",20.1,2025,255.2808
Производство прочих основных неорганических химических веществ,20.13,2025,86.399
Производство удобрений и азотных соединений,20.15,2017,0.149
Производство удобрений и азотных соединений,20.15,2018,1.6087
Среднетехнологичные высокого уровня виды деятельности,20.27.01.АГ,2024,5878.4893
Среднетехнологичные высокого уровня виды деятельности,20.27.01.АГ,2025,1596.6718
"Производство красок, лаков и аналогичных материалов для нанесения покрытий, полиграфических красок и мастик",20.3,2017,1.3320999999999998
"Производство красок, лаков и аналогичных материалов для нанесения покрытий, полиграфических красок и мастик",20.3,2018,1.8775
"Производство красок, лаков и аналогичных материалов для нанесения покрытий, полиграфических красок и мастик",20.3,2021,1.473
"Производство красок, лаков и аналогичных материалов для нанесения покрытий, полиграфических красок и мастик",20.3,2023,1.9299
"Производство мыла и моющих, чистящих и полирующих средств; парфюмерных и косметических средств",20.4,2017,0.1546
"Производство мыла и моющих, чистящих и полирующих средств; парфюмерных и косметических средств",20.4,2018,11.5383
"Производство мыла и моющих, чистящих и полирующих средств; парфюмерных и косметических средств",20.4,2024,1.6941
"Производство мыла и моющих, чистящих и полирующих средств; парфюмерных и косметических средств",20.4,2025,0.5074
"Производство мыла и моющих, чистящих и полирующих средств",20.41,2024,1.6941
Производство прочих химических продуктов,20.5,2017,49.3705
Производство прочих химических продуктов,20.5,2018,63.3397
Производство прочих химических продуктов,20.5,2019,72.7241
Производство прочих химических продуктов,20.5,2020,72.9382
Производство прочих химических продуктов,20.5,2021,35.944300000000005
Производство прочих химических продуктов,20.5,2022,11.6742
Производство прочих химических продуктов,20.5,2023,15.5103
"Производство лекарственных средств и материалов, применяемых в медицинских целях",21,2017,72.06710000000001
"Производство лекарственных средств и материалов, применяемых в медицинских целях",21,2018,91.848
"Производство лекарственных средств и материалов, применяемых в медицинских целях",21,2019,100.3548
"Производство лекарственных средств и материалов, применяемых в медицинских целях",21,2020,105.039
"Производство лекарственных средств и материалов, применяемых в медицинских целях",21,2021,151.6908
"Производство лекарственных средств и материалов, применяемых в медицинских целях",21,2022,98.3607
"Производство лекарственных средств и материалов, применяемых в медицинских целях и ветеринарии",21,2023,218.4401
"Производство лекарственных средств и материалов, применяемых в медицинских целях и ветеринарии",21,2024,261.5282
"Производство лекарственных средств и материалов, применяемых в медицинских целях и ветеринарии",21,2025,405.8621
Производство фармацевтических субстанций,21.1,2018,38.3126
Производство фармацевтических субстанций,21.10,2023,6.937
Производство фармацевтических субстанций,21.10,2025,6.6749
"Производство лекарственных препаратов и материалов, применяемых в медицинских целях",21.2,2017,72.06710000000001
"Производство лекарственных препаратов и материалов, применяемых в медицинских целях",21.2,2018,91.848
"Производство лекарственных препаратов и материалов, применяемых в медицинских целях",21.20,2019,100.237
"Производство лекарственных препаратов и материалов, применяемых в медицинских целях",21.20,2020,105.039
"Производство лекарственных препаратов и материалов, применяемых в медицинских целях",21.20,2021,97.0734
"Производство лекарственных препаратов и материалов, применяемых в медицинских целях",21.20,2022,92.1891
"Производство лекарственных препаратов и материалов, применяемых в медицинских целях и ветеринарии",21.20,2023,211.5031
"Производство лекарственных препаратов и материалов, применяемых в медицинских целях и ветеринарии",21.20,2024,249.4547
"Производство лекарственных препаратов и материалов, применяемых в медицинских целях и ветеринарии",21.20,2025,399.1872
Производство лекарственных препаратов для медицинского применения,21.20.1,2024,208.3297
Производство лекарственных препаратов для медицинского применения,21.20.1,2025,335.5132
Производство лекарственных препаратов для ветеринарного применения,21.20.3,2025,19.7846
Высокотехнологичные виды деятельности,21.26.01.АГ,2024,6950.4401
Высокотехнологичные виды деятельности,21.26.01.АГ,2025,9411.3468
Производство резиновых и пластмассовых изделий,22,2017,34.95
Производство резиновых и пластмассовых изделий,22,2018,93.2837
Производство резиновых и пластмассовых изделий,22,2019,68.5642
Производство резиновых и пластмассовых изделий,22,2020,19.5648
Производство резиновых и пластмассовых изделий,22,2021,20.9973
Производство резиновых и пластмассовых изделий,22,2022,10.5068
Производство резиновых и пластмассовых изделий,22,2023,33.0155
Производство резиновых и пластмассовых изделий,22,2024,26.6591
Производство резиновых и пластмассовых изделий,22,2025,21.9739
Производство резиновых изделий,22.1,2017,34.95
Производство резиновых изделий,22.1,2018,93.2837
Производство резиновых изделий,22.1,2019,68.5642
Производство резиновых изделий,22.1,2020,19.4892
Производство резиновых изделий,22.1,2021,20.9973
Производство резиновых изделий,22.1,2022,10.5068
Производство резиновых изделий,22.1,2023,33.0155
Производство прочей неметаллической минеральной продукции,23,2017,9.1808
Производство прочей неметаллической минеральной продукции,23,2018,50.9021
Производство прочей неметаллической минеральной продукции,23,2021,339.358
Производство прочей неметаллической минеральной продукции,23,2022,275.1785
Производство прочей неметаллической минеральной продукции,23,2024,47.9778
Производство прочей неметаллической минеральной продукции,23,2025,184.6528
Производство металлургическое,24,2017,53.2988
Производство металлургическое,24,2018,77.5859
Производство металлургическое,24,2019,69.5127
Производство металлургическое,24,2020,137.4785
Производство металлургическое,24,2021,849.2121
Производство металлургическое,24,2022,199.5375
Производство металлургическое,24,2023,166.6035
Производство металлургическое,24,2024,736.3091999999999
Производство металлургическое,24,2025,101.6944
Производство прочих цветных металлов; производство ядерного топлива,24.02.АГ,2017,38.359
Производство прочих цветных металлов; производство ядерного топлива,24.04.АГ,2018,61.1783
Производство прочих цветных металлов; производство ядерного топлива,24.04.АГ,2025,77.8044
"Производство чугуна, стали и ферросплавов",24.1,2017,4.4505
"Производство чугуна, стали и ферросплавов",24.1,2018,5.4548000000000005
"Производство стальных труб, полых профилей и фитингов",24.2,2017,3.6692
"Производство стальных труб, полых профилей и фитингов",24.2,2018,0.8713
"Производство основных драгоценных металлов и прочих цветных металлов, производство ядерного топлива",24.4,2017,45.1791
"Производство основных драгоценных металлов и прочих цветных металлов, производство ядерного топлива",24.4,2018,76.7146
"Производство основных драгоценных металлов и прочих цветных металлов, производство ядерного топлива",24.4,2019,55.1251
"Производство основных драгоценных металлов и прочих цветных металлов, производство ядерного топлива",24.4,2020,127.8072
"Производство основных драгоценных металлов и прочих цветных металлов, производство ядерного топлива",24.4,2021,848.1015
"Производство основных драгоценных металлов и прочих цветных металлов, производство ядерного топлива",24.4,2022,199.5167
"Производство основных драгоценных металлов и прочих цветных металлов, производство ядерного топлива",24.4,2023,164.1457
"Производство основных драгоценных металлов и прочих цветных металлов, производство ядерного топлива",24.4,2024,719.2003000000001
"Производство основных драгоценных металлов и прочих цветных металлов, производство ядерного топлива",24.4,2025,86.9772
"Производство готовых металлических изделий, кроме машин и оборудования",25,2017,282.6954
"Производство готовых металлических изделий, кроме машин и оборудования",25,2018,124.2055
"Производство готовых металлических изделий, кроме машин и оборудования",25,2019,58.1552
"Производство готовых металлических изделий, кроме машин и оборудования",25,2020,61.753800000000005
"Производство готовых металлических изделий, кроме машин и оборудования",25,2021,237.9675
"Производство готовых металлических изделий, кроме машин и оборудования",25,2022,634.7834
"Производство готовых металлических изделий, кроме машин и оборудования",25,2023,236.8808
"Производство готовых металлических изделий, кроме машин и оборудования",25,2024,493.5881
"Производство готовых металлических изделий, кроме машин и оборудования",25,2025,287.7655
"Производство готовых металлических изделий, кроме машин, оборудования, оружия и боеприпасов",25.01.АГ,2025,187.66
"Производство готовых металлических изделий, не включенных в другие группировки",25.04.АГ,2017,172.3524
"Производство готовых металлических изделий, не включенных в другие группировки",25.04.АГ,2018,62.4452
"Производство готовых металлических изделий, не включенных в другие группировки",25.04.АГ,2019,56.0617
"Производство готовых металлических изделий, не включенных в другие группировки",25.04.АГ,2020,36.6702
"Производство готовых металлических изделий, не включенных в другие группировки",25.04.АГ,2024,486.3691
"Производство готовых металлических изделий, не включенных в другие группировки",25.04.АГ,2025,101.1585
Производство строительных металлических конструкций и изделий,25.1,2025,105.858
"Производство строительных металлических конструкций, изделий и их частей",25.11,2025,105.858
"Производство металлических цистерн, резервуаров и прочих емкостей",25.2,2018,2.1729000000000003
Обработка металлов и нанесение покрытий на металлы; механическая обработка металлов,25.6,2018,13.7412
Обработка металлов и нанесение покрытий на металлы; механическая обработка металлов,25.6,2020,1292.9916
Обработка металлов и нанесение покрытий на металлы; механическая обработка металлов,25.6,2023,504.3865
"Производство компьютеров, электронных и оптических изделий",26,2017,404.717
"Производство компьютеров, электронных и оптических изделий",26,2018,153.82139999999998
"Производство компьютеров, электронных и оптических изделий",26,2019,86.1369
"Производство компьютеров, электронных и оптических изделий",26,2020,623.7993
"Производство компьютеров, электронных и оптических изделий",26,2021,2156.7338
"Производство компьютеров, электронных и оптических изделий",26,2022,1507.0449
"Производство компьютеров, электронных и оптических изделий",26,2023,3159.5767
"Производство компьютеров, электронных и оптических изделий",26,2024,4589.9142
"Производство компьютеров, электронных и оптических изделий",26,2025,4539.3042000000005
Производство элементов электронной аппаратуры и печатных схем (плат),26.1,2017,161.6588
Производство элементов электронной аппаратуры и печатных схем (плат),26.1,2018,105.2685
Производство элементов электронной аппаратуры и печатных схем (плат),26.1,2019,1.8025
Производство элементов электронной аппаратуры и печатных схем (плат),26.1,2020,562.0605
Производство элементов электронной аппаратуры и печатных схем (плат),26.1,2021,32.0844
Производство элементов электронной аппаратуры и печатных схем (плат),26.1,2022,403.4768
Производство элементов электронной аппаратуры и печатных схем (плат),26.1,2023,28.001
Производство элементов электронной аппаратуры и печатных схем (плат),26.1,2024,340.35720000000003
Производство элементов электронной аппаратуры и печатных схем (плат),26.1,2025,142.02370000000002
Производство элементов электронной аппаратуры,26.11,2024,340.35720000000003
Производство элементов электронной аппаратуры,26.11,2025,136.0097
"Производство диодов, транзисторов и прочих полупроводниковых приборов, включая светоизлучающие диоды, пьезоэлектрические приборы и их части",26.11.2,2024,31.7881
"Производство диодов, транзисторов и прочих полупроводниковых приборов, включая светоизлучающие диоды, пьезоэлектрические приборы и их части",26.11.2,2025,14.3482
Производство интегральных электронных схем,26.11.3,2024,1069.4741
Производство интегральных электронных схем,26.11.3,2025,46.0915
 Производство компьютеров и периферийного оборудования,26.20,2021,43.0467
Производство компьютеров и периферийного оборудования,26.20,2023,1416.6826999999998
Производство компьютеров и периферийного оборудования,26.20,2024,3377.7246
Производство компьютеров и периферийного оборудования,26.20,2025,1467.1523
Производство коммуникационного оборудования,26.3,2017,51.5553
Производство коммуникационного оборудования,26.3,2018,10.9944
Производство коммуникационного оборудования,26.30,2019,12.0085
Производство коммуникационного оборудования,26.30,2020,16.7375
Производство коммуникационного оборудования,26.30,2021,2099.5066
Производство коммуникационного оборудования,26.30,2022,146.4833
Производство коммуникационного оборудования,26.30,2023,228.9838
Производство коммуникационного оборудования,26.30,2024,81.1772
Производство коммуникационного оборудования,26.30,2025,21.8905
"Производство прочего коммуникационного оборудования, не включенного в другие группировки",26.30.01.АГ,2025,3846.7649
"Производство коммуникационной аппаратуры, радио- и телевизионной передающей аппаратуры, телевизионных камер",26.30.1,2024,67.3262
"Производство коммуникационной аппаратуры, радио- и телевизионной передающей аппаратуры, телевизионных камер",26.30.1,2025,12.7695
"Производство средств связи, выполняющих функцию систем коммутации",26.30.11,2024,3018.6262
Производство бытовой электроники,26.4,2017,3.4086
Производство бытовой электроники,26.40,2018,5.167
Производство бытовой электроники,26.40,2021,34.148300000000006
Производство бытовой электроники,26.40,2024,84.955
Производство бытовой электроники,26.40,2025,79.1673
Производство электроакустической аппаратуры,26.40.4,2025,10.4428
Производство контрольно-измерительных и навигационных приборов и аппаратов; производство часов,26.5,2017,126.319
Производство контрольно-измерительных и навигационных приборов и аппаратов; производство часов,26.5,2018,9.5884
Производство контрольно-измерительных и навигационных приборов и аппаратов; производство часов,26.5,2019,53.566
Производство контрольно-измерительных и навигационных приборов и аппаратов; производство часов,26.5,2020,44.7481
Производство контрольно-измерительных и навигационных приборов и аппаратов; производство часов,26.5,2021,20.542
Производство контрольно-измерительных и навигационных приборов и аппаратов; производство часов,26.5,2022,196.7105
Производство контрольно-измерительных и навигационных приборов и аппаратов; производство часов,26.5,2023,1480.3901
Производство контрольно-измерительных и навигационных приборов и аппаратов; производство часов,26.5,2024,704.4291999999999
Производство контрольно-измерительных и навигационных приборов и аппаратов; производство часов,26.5,2025,2795.0609
"Производство инструментов и приборов для измерения, тестирования и навигации",26.51,2024,704.4291999999999
"Производство инструментов и приборов для измерения, тестирования и навигации",26.51,2025,2795.0609
"Производство прочих инструментов и приборов для измерения, тестирования и навигации",26.51.02.АГ,2017,38.0121
"Производство прочих инструментов и приборов для измерения, тестирования и навигации",26.51.02.АГ,2018,4.1936
"Производство прочих инструментов и приборов для измерения, тестирования и навигации",26.51.02.АГ,2019,3.0536
"Производство прочих инструментов и приборов для измерения, тестирования и навигации",26.51.02.АГ,2020,36.7646
"Производство прочих инструментов и приборов для измерения, тестирования и навигации",26.51.02.АГ,2024,645.5039
"Производство прочих инструментов и приборов для измерения, тестирования и навигации",26.51.02.АГ,2025,2714.306
"Производство навигационных, метеорологических, геодезических, геофизических и аналогичного типа приборов, аппаратуры и инструментов",26.51.1,2024,20.9557
"Производство навигационных, метеорологических, геодезических, геофизических и аналогичного типа приборов, аппаратуры и инструментов",26.51.1,2025,38.564
Производство приборов для контроля прочих физических величин,26.51.5,2024,63.576800000000006
Производство приборов для контроля прочих физических величин,26.51.5,2025,205.2681
"Производство облучающего и электротерапевтического оборудования, применяемого в медицинских целях",26.6,2018,22.1187
"Производство облучающего и электротерапевтического оборудования, применяемого в медицинских целях",26.6,2020,26.1302
"Производство облучающего и электротерапевтического оборудования, применяемого в медицинских целях",26.6,2022,22.8158
"Производство оптических приборов, фото- и кинооборудования",26.7,2017,61.7753
"Производство оптических приборов, фото- и кинооборудования",26.7,2018,22.8031
"Производство оптических приборов, фото- и кинооборудования",26.7,2023,129.5019
Производство электрического оборудования,27,2017,44.5781
Производство электрического оборудования,27,2018,50.2178
Производство электрического оборудования,27,2019,56.8674
Производство электрического оборудования,27,2020,26.6474
Производство электрического оборудования,27,2021,18.2198
Производство электрического оборудования,27,2022,50.2203
Производство электрического оборудования,27,2023,106.4307
Производство электрического оборудования,27,2024,119.8128
Производство электрического оборудования,27,2025,222.2479
"Производство электродвигателей, генераторов, трансформаторов и распределительных устройств, а также контрольно-измерительной аппаратуры",27.1,2017,1.3494000000000002
"Производство электродвигателей, генераторов, трансформаторов и распределительных устройств, а также контрольно-измерительной аппаратуры",27.1,2018,42.5902
"Производство электродвигателей, генераторов, трансформаторов и распределительных устройств, а также контрольно-измерительной аппаратуры",27.1,2019,33.3686
"Производство электродвигателей, генераторов, трансформаторов и распределительных устройств, а также контрольно-измерительной аппаратуры",27.1,2020,1.1623
"Производство электродвигателей, генераторов, трансформаторов и распределительных устройств, а также контрольно-измерительной аппаратуры",27.1,2021,6.750100000000001
"Производство электродвигателей, генераторов, трансформаторов и распределительных устройств, а также контрольно-измерительной аппаратуры",27.1,2022,22.1485
"Производство электродвигателей, генераторов, трансформаторов и распределительных устройств, а также контрольно-измерительной аппаратуры",27.1,2023,0.7507
"Производство электродвигателей, генераторов, трансформаторов и распределительных устройств, а также контрольно-измерительной аппаратуры",27.1,2024,7.533
"Производство электродвигателей, генераторов, трансформаторов и распределительных устройств, а также контрольно-измерительной аппаратуры",27.1,2025,192.6321
"Производство электродвигателей, генераторов и трансформаторов, кроме ремонта",27.11.1,2025,128.99880000000002
Производство электрической распределительной и регулирующей аппаратуры,27.12,2024,5.033
Производство электрической распределительной и регулирующей аппаратуры,27.12,2025,171.81310000000002
Производство электрических аккумуляторов и аккумуляторных батарей,27.2,2018,177.6804
Производство электрических аккумуляторов и аккумуляторных батарей,27.2,2019,105.4867
Производство электрических аккумуляторов и аккумуляторных батарей,27.2,2020,40.3753
Производство электрических аккумуляторов и аккумуляторных батарей,27.2,2021,309.102
Производство электрических аккумуляторов и аккумуляторных батарей,27.2,2022,112.9279
Производство электрических аккумуляторов и аккумуляторных батарей,27.2,2023,303.5504
Производство электрических аккумуляторов и аккумуляторных батарей,27.20,2024,331.7676
"Производство первичных элементов, батарей первичных элементов и их частей",27.20.1,2024,166.9016
"Производство аккумуляторов, в том числе для автомобилей, аккумуляторных батарей и их составных частей",27.20.2,2025,152.5264
Производство кабелей и кабельной арматуры,27.3,2018,6.641
Производство кабелей и кабельной арматуры,27.3,2020,14.5158
Производство кабелей и кабельной арматуры,27.3,2021,6.6653
Производство кабелей и кабельной арматуры,27.3,2024,103.0144
Производство кабелей и кабельной арматуры,27.3,2025,23.1561
Производство прочего электрического оборудования,27.9,2017,32.6717
Производство прочего электрического оборудования,27.9,2018,0.0046
"Производство машин и оборудования, не включенных в другие группировки",28,2017,42.8384
"Производство машин и оборудования, не включенных в другие группировки",28,2018,14.6926
"Производство машин и оборудования, не включенных в другие группировки",28,2019,161.03820000000002
"Производство машин и оборудования, не включенных в другие группировки",28,2020,22.4213
"Производство машин и оборудования, не включенных в другие группировки",28,2021,862.8816999999999
"Производство машин и оборудования, не включенных в другие группировки",28,2022,116.413
"Производство машин и оборудования, не включенных в другие группировки",28,2023,282.2263
"Производство машин и оборудования, не включенных в другие группировки",28,2024,4882.7365
"Производство машин и оборудования, не включенных в другие группировки",28,2025,414.9695
Производство машин и оборудования общего назначения,28.1,2017,10.3013
Производство машин и оборудования общего назначения,28.1,2018,0.6912999999999999
Производство машин и оборудования общего назначения,28.1,2019,122.0619
Производство машин и оборудования общего назначения,28.1,2021,24.8424
Производство машин и оборудования общего назначения,28.1,2024,4719.740400000001
Производство машин и оборудования общего назначения,28.1,2025,185.1233
"Производство двигателей и турбин, кроме авиационных, автомобильных и мотоциклетных двигателей",28.11,2024,105.2251
"Производство двигателей и турбин, кроме авиационных, автомобильных и мотоциклетных двигателей",28.11,2025,713.3926
Производство прочих машин и оборудования общего назначения,28.2,2017,3.0259
Производство прочих машин и оборудования общего назначения,28.2,2019,33.772
Производство прочих машин и оборудования общего назначения,28.2,2025,16.6189
Производство машин и оборудования для сельского и лесного хозяйства,28.3,2017,0.6555
Производство прочих машин специального назначения,28.9,2017,28.8557
Производство прочих машин специального назначения,28.9,2018,11.1911
Производство прочих машин специального назначения,28.9,2019,5.2043
Производство прочих машин специального назначения,28.9,2020,17.927400000000002
Производство прочих машин специального назначения,28.9,2021,191.7853
Производство прочих машин специального назначения,28.9,2025,212.7122
"Производство прочих машин и оборудования специального назначения, не включенных в другие группировки",28.99,2025,210.3502
"Производство прочего оборудования специального назначения,  не включенных в другие группировки",28.99.03.АГ,2017,22.4642
"Производство прочего оборудования специального назначения, не включенного в другие группировки",28.99.03.АГ,2018,10.3535
"Производство прочего оборудования специального назначения, не включенного в другие группировки",28.99.03.АГ,2019,5.2043
"Производство прочего оборудования специального назначения, не включенного в другие группировки",28.99.03.АГ,2020,16.0196
"Производство прочего оборудования специального назначения, не включенного в другие группировки",28.99.03.АГ,2025,210.3502
"Производство автотранспортных средств, прицепов и полуприцепов",29,2017,54.663
"Производство автотранспортных средств, прицепов и полуприцепов",29,2018,54.4847
"Производство автотранспортных средств, прицепов и полуприцепов",29,2025,588.5236
Производство автотранспортных средств,29.10,2017,54.663
Производство автотранспортных средств,29.10,2018,54.4847
Производство автомобилей специального назначения,29.10.5,2024,153.7451
Производство автомобилей специального назначения,29.10.5,2025,233.4931
Производство комплектующих и принадлежностей для автотранспортных средств,29.3,2019,19.322
Производство комплектующих и принадлежностей для автотранспортных средств,29.3,2024,60.4335
Производство прочих транспортных средств и оборудования,30,2017,664.6107
Производство прочих транспортных средств и оборудования,30,2018,406.0913
Производство прочих транспортных средств и оборудования,30,2019,587.598
Производство прочих транспортных средств и оборудования,30,2020,534.0573
Производство прочих транспортных средств и оборудования,30,2021,1156.8294
Производство прочих транспортных средств и оборудования,30,2022,935.1911
Производство прочих транспортных средств и оборудования,30,2023,1032.3836
Производство прочих транспортных средств и оборудования,30,2024,2107.11
Производство прочих транспортных средств и оборудования,30,2025,4474.1125
"Производство прочих транспортных средств, не включенных в другие группировки",30.01.АГ,2017,24.6541
"Производство прочих транспортных средств, не включенных в другие группировки",30.01.АГ,2018,10.5813
Производство железнодорожных локомотивов и подвижного состава,30.20,2017,0.13
Производство железнодорожных локомотивов и подвижного состава,30.20,2018,0.604
"Производство летательных аппаратов, включая космические, и соответствующего оборудования",30.3,2017,639.8266
"Производство летательных аппаратов, включая космические, и соответствующего оборудования",30.3,2018,394.906
"Производство летательных аппаратов, включая космические, и соответствующего оборудования",30.3,2019,585.679
"Производство летательных аппаратов, включая космические, и соответствующего оборудования",30.3,2020,457.6827
"Производство летательных аппаратов, включая космические, и соответствующего оборудования",30.3,2021,1155.5615
"Производство летательных аппаратов, включая космические, и соответствующего оборудования",30.3,2022,934.5871
"Производство летательных аппаратов, включая космические, и соответствующего оборудования",30.3,2023,1029.2209
"Производство летательных аппаратов, включая космические, и соответствующего оборудования",30.30,2024,2098.9977000000003
"Производство летательных аппаратов, включая космические, и соответствующего оборудования",30.30,2025,4466.1805
"Производство силовых установок и двигателей для летательных аппаратов, включая космические; наземных тренажеров для летного состава; их частей",30.30.1,2024,155.46710000000002
"Производство силовых установок и двигателей для летательных аппаратов, включая космические; наземных тренажеров для летного состава; их частей",30.30.1,2025,279.6542
Производство турбореактивных и турбовинтовых двигателей и их частей,30.30.12,2025,263.76570000000004
"Производство вертолетов, самолетов и прочих летательных аппаратов",30.30.3,2025,3855.0299
Производство частей и принадлежностей летательных и космических аппаратов,30.30.5,2024,210.322
Производство частей и принадлежностей летательных и космических аппаратов,30.30.5,2025,325.91540000000003
Производство прочих готовых изделий,32,2018,415.7936
Производство прочих готовых изделий,32,2021,76.44330000000001
Производство прочих готовых изделий,32,2022,80.8461
Производство прочих готовых изделий,32,2024,76.36739999999999
Производство прочих готовых изделий,32,2025,5.336399999999999
Производство медицинских инструментов и оборудования,32.5,2018,415.7936
Производство медицинских инструментов и оборудования,32.5,2021,2.9439
Производство медицинских инструментов и оборудования,32.5,2022,50.497800000000005
Производство медицинских инструментов и оборудования,32.50,2024,72.396
Производство медицинских инструментов и оборудования,32.50,2025,5.336399999999999
"Производство изделий, не включенных в другие группировки",32.9,2024,3.6237
"Производство прочих готовых изделий, не включенных в другие группировки",32.99,2024,3.6237
Производство головных защитных уборов и прочих средств защиты,32.99.1,2024,3.6237
 Ремонт и монтаж машин и оборудования,33,2018,142.3991
Ремонт и монтаж машин и оборудования,33,2021,75.5326
"Производство, передача и распределение электроэнергии",35.1,2018,24.0735
"Сбор, обработка и утилизация отходов; обработка вторичного сырья",38,2018,161.9448
"Торговля оптовая, кроме оптовой торговли автотранспортными средствами и мотоциклами",46,2017,8.1575
"Торговля оптовая, кроме оптовой торговли автотранспортными средствами и мотоциклами",46,2018,18.2566
"Торговля оптовая, кроме оптовой торговли автотранспортными средствами и мотоциклами",46,2019,15.7302
"Торговля оптовая, кроме оптовой торговли автотранспортными средствами и мотоциклами",46,2020,10.126
"Торговля оптовая, кроме оптовой торговли автотранспортными средствами и мотоциклами",46,2021,5.494
"Торговля оптовая, кроме оптовой торговли автотранспортными средствами и мотоциклами",46,2022,58.0673
"Торговля оптовая, кроме оптовой торговли автотранспортными средствами и мотоциклами",46,2023,313.7796
"Торговля оптовая, кроме оптовой торговли автотранспортными средствами и мотоциклами",46,2024,16.5242
"Торговля оптовая, кроме оптовой торговли автотранспортными средствами и мотоциклами",46,2025,89.7068
Деятельность сухопутного и трубопроводного транспорта,49,2018,25.8815
Деятельность почтовой связи и курьерская деятельность,53,2018,0.923
Деятельность в сфере телекоммуникаций,61,2018,121.089
Деятельность в области связи на базе проводных технологий,61.1,2018,121.089
"Разработка компьютерного программного обеспечения, консультационные услуги в данной области и другие сопутствующие услуги",62,2017,182.1056
"Разработка компьютерного программного обеспечения, консультационные услуги в данной области и другие сопутствующие услуги",62,2018,314.4785
"Разработка компьютерного программного обеспечения, консультационные услуги в данной области и другие сопутствующие услуги",62,2019,101.8847
"Разработка компьютерного программного обеспечения, консультационные услуги в данной области и другие сопутствующие услуги",62,2020,201.593
"Разработка компьютерного программного обеспечения, консультационные услуги в данной области и другие сопутствующие услуги",62,2021,116.3899
"Разработка компьютерного программного обеспечения, консультационные услуги в данной области и другие сопутствующие услуги",62,2022,47.0487
"Разработка компьютерного программного обеспечения, консультационные услуги в данной области и другие сопутствующие услуги",62,2023,49.8686
"Разработка компьютерного программного обеспечения, консультационные услуги в данной области и другие сопутствующие услуги",62.0,2024,195.6454
"Разработка компьютерного программного обеспечения, консультационные услуги в данной области и другие сопутствующие услуги",62.0,2025,1053.2071
Разработка компьютерного программного обеспечения,62.01,2018,314.4785
Разработка компьютерного программного обеспечения,62.01,2019,92.3408
Разработка компьютерного программного обеспечения,62.01,2020,67.7272
Разработка компьютерного программного обеспечения,62.01,2021,115.8485
Разработка компьютерного программного обеспечения,62.01,2022,47.0487
Разработка компьютерного программного обеспечения,62.01,2023,43.2851
Разработка компьютерного программного обеспечения,62.01,2024,166.037
Разработка компьютерного программного обеспечения,62.01,2025,19.2678
Деятельность консультативная и работы в области компьютерных технологий,62.02,2018,0.016
"Деятельность, связанная с использованием вычислительной техники и информационных технологий, прочая",62.09,2018,30.8662
"Деятельность, связанная с использованием вычислительной техники и информационных технологий, прочая",62.09,2020,133.807
"Деятельность, связанная с использованием вычислительной техники и информационных технологий, прочая",62.09,2021,33.6939
"Деятельность, связанная с использованием вычислительной техники и информационных технологий, прочая",62.09,2022,34.8591
Деятельность в области информационных технологий,63,2017,44.0501
Деятельность в области информационных технологий,63,2018,5.0684
Деятельность в области информационных технологий,63,2022,7.2635
Деятельность в области информационных технологий,63,2023,2.2009000000000003
"Деятельность по обработке данных, предоставление услуг по размещению информации, деятельность порталов в информационно-коммуникационной сети Интернет",63.1,2017,44.0501
"Деятельность по обработке данных, предоставление услуг по размещению информации, деятельность порталов в информационно-коммуникационной сети Интернет",63.1,2018,4.918399999999999
"Деятельность по обработке данных, предоставление услуг по размещению информации, деятельность порталов в информационно-коммуникационной сети Интернет",63.1,2022,4.6545
"Деятельность по обработке данных, предоставление услуг по размещению информации, деятельность порталов в информационно-коммуникационной сети Интернет",63.1,2023,2.2009000000000003
"Деятельность по обработке данных, предоставление услуг по размещению информации и связанная с этим деятельность",63.11,2022,4.6545
"Деятельность по обработке данных, предоставление услуг по размещению информации и связанная с этим деятельность",63.11,2023,2.2009000000000003
"Деятельность по предоставлению финансовых услуг, кроме услуг по страхованию и пенсионному обеспечению",64,2017,0.02
Деятельность головных офисов; консультирование по вопросам управления,70,2018,2.382
Деятельность головных офисов; консультирование по вопросам управления,70,2019,17.7269
Консультирование по вопросам управления,70.2,2025,74.4233
Консультирование по вопросам коммерческой деятельности и управления,70.22,2025,74.4233
"Деятельность в области архитектуры и инженерно-технического проектирования; технических испытаний, исследований и анализа",71,2017,39.4994
"Деятельность в области архитектуры и инженерно-технического проектирования; технических испытаний, исследований и анализа",71,2018,62.401300000000006
"Деятельность в области архитектуры и инженерно-технического проектирования; технических испытаний, исследований и анализа",71,2019,227.4423
"Деятельность в области архитектуры и инженерно-технического проектирования; технических испытаний, исследований и анализа",71,2020,166.5746
"Деятельность в области архитектуры и инженерно-технического проектирования; технических испытаний, исследований и анализа",71,2021,110.3263
"Деятельность в области архитектуры и инженерно-технического проектирования; технических испытаний, исследований и анализа",71,2022,110.4949
"Деятельность в области архитектуры и инженерно-технического проектирования; технических испытаний, исследований и анализа",71,2023,238.74
"Деятельность в области архитектуры и инженерно-технического проектирования; технических испытаний, исследований и анализа",71,2024,152.105
"Деятельность в области архитектуры и инженерно-технического проектирования; технических испытаний, исследований и анализа",71,2025,163.14620000000002
"Деятельность в области архитектуры, инженерных изысканий и предоставление технических консультаций в этих областях",71.1,2017,35.5954
"Деятельность в области архитектуры, инженерных изысканий и предоставление технических консультаций в этих областях",71.1,2018,59.1376
"Деятельность в области архитектуры, инженерных изысканий и предоставление технических консультаций в этих областях",71.1,2019,67.5808
"Деятельность в области архитектуры, инженерных изысканий и предоставление технических консультаций в этих областях",71.1,2020,61.4196
"Деятельность в области архитектуры, инженерных изысканий и предоставление технических консультаций в этих областях",71.1,2021,34.6965
"Деятельность в области архитектуры, инженерных изысканий и предоставление технических консультаций в этих областях",71.1,2022,33.945
"Деятельность в области архитектуры, инженерных изысканий и предоставление технических консультаций в этих областях",71.1,2023,115.8682
"Деятельность в области архитектуры, инженерных изысканий и предоставление технических консультаций в этих областях",71.1,2024,121.0921
"Деятельность в области архитектуры, инженерных изысканий и предоставление технических консультаций в этих областях",71.1,2025,143.16279999999998
Деятельность в области архитектуры,71.11,2024,9.2489
Деятельность в области архитектуры,71.11,2025,16.807599999999997
"Деятельность в области архитектуры, связанная с созданием архитектурного объекта",71.11.1,2024,7.9849
"Деятельность в области инженерных изысканий, инженерно-технического проектирования, управления проектами строительства, выполнения строительного контроля и авторского надзора, предоставление технических консультаций в этих областях",71.12,2024,111.8432
"Деятельность в области инженерных изысканий, инженерно-технического проектирования, управления проектами строительства, выполнения строительного контроля и авторского надзора, предоставление технических консультаций в этих областях",71.12,2025,126.3552
"Деятельность, связанная с инженерно-техническим проектированием, управлением проектами строительства, выполнением строительного контроля и авторского надзора",71.12.1,2020,11.7571
"Деятельность, связанная с инженерно-техническим проектированием, управлением проектами строительства, выполнением строительного контроля и авторского надзора",71.12.1,2021,14.9888
"Деятельность, связанная с инженерно-техническим проектированием, управлением проектами строительства, выполнением строительного контроля и авторского надзора",71.12.1,2023,95.5164
"Деятельность, связанная с инженерно-техническим проектированием, управлением проектами строительства, выполнением строительного контроля и авторского надзора",71.12.1,2024,74.25460000000001
"Деятельность, связанная с инженерно-техническим проектированием, управлением проектами строительства, выполнением строительного контроля и авторского надзора",71.12.1,2025,11.6869
"Разработка проектов промышленных процессов и производств, относящихся к электротехнике, электронной технике, горному делу, химической технологии, машиностроению, а также в области промышленного строительства, системотехники и техники безопасности",71.12.12,2020,11.7571
"Разработка проектов промышленных процессов и производств, относящихся к электротехнике, электронной технике, горному делу, химической технологии, машиностроению, а также в области промышленного строительства, системотехники и техники безопасности",71.12.12,2021,14.9888
"Разработка проектов промышленных процессов и производств, относящихся к электротехнике, электронной технике, горному делу, химической технологии, машиностроению, а также в области промышленного строительства, системотехники и техники безопасности",71.12.12,2023,95.5164
"Разработка проектов промышленных процессов и производств, относящихся к электротехнике, электронной технике, горному делу, химической технологии, машиностроению, а также в области промышленного строительства, системотехники и техники безопасности",71.12.12,2024,74.13080000000001
"Разработка проектов промышленных процессов и производств, относящихся к электротехнике, электронной технике, горному делу, химической технологии, машиностроению, а также в области промышленного строительства, системотехники и техники безопасности",71.12.12,2025,11.5422
"Деятельность заказчика-застройщика, генерального подрядчика",71.12.2,2023,403.3263
Деятельность геодезическая и картографическая,71.12.4,2024,491.4357
"Технические испытания, исследования, анализ и сертификация",71.2,2017,3.904
"Технические испытания, исследования, анализ и сертификация",71.2,2018,3.2637
"Технические испытания, исследования, анализ и сертификация",71.2,2019,159.8615
"Технические испытания, исследования, анализ и сертификация",71.2,2021,75.6298
"Технические испытания, исследования, анализ и сертификация",71.2,2022,76.5499
"Технические испытания, исследования, анализ и сертификация",71.2,2023,122.8718
"Технические испытания, исследования, анализ и сертификация",71.20,2024,31.0129
"Технические испытания, исследования, анализ и сертификация",71.20,2025,19.983400000000003
Научные исследования и разработки,72,2017,15329.4938
Научные исследования и разработки,72,2018,13910.034
 Научные исследования и разработки,72,2019,27621.0349
 Научные исследования и разработки,72,2020,27295.3806
 Научные исследования и разработки,72,2021,24512.086
 Научные исследования и разработки,72,2022,21949.4752
Научные исследования и разработки,72,2023,29613.1101
Научные исследования и разработки,72,2024,30748.3146
Научные исследования и разработки,72,2025,21069.6478
Научные исследования и разработки в области естественных и технических наук,72.1,2017,15242.9892
Научные исследования и разработки в области естественных и технических наук,72.1,2018,13838.3706
Научные исследования и разработки в области естественных и технических наук,72.1,2019,27524.8725
Научные исследования и разработки в области естественных и технических наук,72.1,2020,27129.598
Научные исследования и разработки в области естественных и технических наук,72.1,2021,24370.8369
Научные исследования и разработки в области естественных и технических наук,72.1,2022,21591.5067
Научные исследования и разработки в области естественных и технических наук,72.1,2023,29492.5997
Научные исследования и разработки в области естественных и технических наук,72.1,2024,30392.6497
Научные исследования и разработки в области естественных и технических наук,72.1,2025,20948.9748
Научные исследования и разработки в области биотехнологии,72.11,2017,4.726
Научные исследования и разработки в области биотехнологии,72.11,2018,9.7942
Научные исследования и разработки в области биотехнологии,72.11,2019,13.7334
Научные исследования и разработки в области биотехнологии,72.11,2020,1081.6602
Научные исследования и разработки в области биотехнологии,72.11,2021,264.56359999999995
Научные исследования и разработки в области биотехнологии,72.11,2022,236.7005
Научные исследования и разработки в области биотехнологии,72.11,2023,434.1184
Научные исследования и разработки в области биотехнологии,72.11,2024,151.9896
Научные исследования и разработки в области биотехнологии,72.11,2025,298.9168
Научные исследования и разработки в области естественных и технических наук прочие,72.19,2017,15238.2632
Научные исследования и разработки в области естественных и технических наук прочие,72.19,2018,13828.5764
Научные исследования и разработки в области естественных и технических наук прочие,72.19,2019,27511.1391
Научные исследования и разработки в области естественных и технических наук прочие,72.19,2020,26047.9378
Научные исследования и разработки в области естественных и технических наук прочие,72.19,2021,24106.2733
Научные исследования и разработки в области естественных и технических наук прочие,72.19,2022,21354.8062
Научные исследования и разработки в области естественных и технических наук прочие,72.19,2023,29058.4813
Научные исследования и разработки в области естественных и технических наук прочие,72.19,2024,30240.6601
Научные исследования и разработки в области естественных и технических наук прочие,72.19,2025,20650.058
Научные исследования и разработки в области общественных и гуманитарных наук,72.2,2017,86.50460000000001
Научные исследования и разработки в области общественных и гуманитарных наук,72.2,2018,71.6634
Научные исследования и разработки в области общественных и гуманитарных наук,72.2,2019,96.1624
Научные исследования и разработки в области общественных и гуманитарных наук,72.2,2020,165.7826
Научные исследования и разработки в области общественных и гуманитарных наук,72.2,2021,141.2491
Научные исследования и разработки в области общественных и гуманитарных наук,72.2,2022,357.9685
Научные исследования и разработки в области общественных и гуманитарных наук,72.2,2023,120.5104
Научные исследования и разработки в области общественных и гуманитарных наук,72.20,2024,355.66490000000005
Научные исследования и разработки в области общественных и гуманитарных наук,72.20,2025,120.673
Научные исследования и разработки в области общественных наук,72.20.1,2017,1.9876
Научные исследования и разработки в области общественных наук,72.20.1,2018,1.094
Научные исследования и разработки в области общественных наук,72.20.1,2019,2.4845
Научные исследования и разработки в области общественных наук,72.20.1,2020,19.276
Научные исследования и разработки в области общественных наук,72.20.1,2021,23.0602
Научные исследования и разработки в области общественных наук,72.20.1,2022,259.8847
Научные исследования и разработки в области общественных наук,72.20.1,2023,15.226299999999998
Научные исследования и разработки в области общественных наук,72.20.1,2024,38.3706
Научные исследования и разработки в области общественных наук,72.20.1,2025,45.8588
Научные исследования и разработки в области гуманитарных наук,72.20.2,2017,24.4786
Научные исследования и разработки в области гуманитарных наук,72.20.2,2018,8.7491
Научные исследования и разработки в области гуманитарных наук,72.20.2,2021,3.8036
Научные исследования и разработки в области гуманитарных наук,72.20.2,2023,7.1304
Научные исследования и разработки в области гуманитарных наук,72.20.2,2024,1.724
Научные исследования и разработки в области гуманитарных наук,72.20.2,2025,36.9871
Деятельность рекламная и исследование конъюнктуры рынка,73,2017,0.3091
Деятельность рекламная и исследование конъюнктуры рынка,73,2018,0.0287
Исследование конъюнктуры рынка и изучение общественного мнения,73.2,2017,0.3091
Исследование конъюнктуры рынка и изучение общественного мнения,73.2,2018,0.0287
Деятельность профессиональная научная и техническая прочая,74,2025,8.441
"Деятельность профессиональная, научная и техническая прочая, не включенная в другие группировки",74.90,2025,8.441
"Деятельность административно-хозяйственная, вспомогательная деятельность по обеспечению функционирования организации, деятельность по предоставлению прочих вспомогательных услуг для бизнеса",82,2017,3.444
"Деятельность административно-хозяйственная, вспомогательная деятельность по обеспечению функционирования организации, деятельность по предоставлению прочих вспомогательных услуг для бизнеса",82,2018,3.3689
"Предоставление государственных услуг обществу, не включенные в другие группировки",84.02.АГ,2018,17.536099999999998
Образование,85,2024,6382.2937
Образование,85,2025,9341.5102
Образование профессиональное,85.2,2017,4118.0686000000005
Образование профессиональное,85.2,2018,3360.2295
Образование профессиональное,85.2,2019,4121.7946
Образование профессиональное,85.2,2020,5432.5085
Образование профессиональное,85.2,2021,6958.1165
Образование профессиональное,85.2,2022,7106.0779
Образование профессиональное,85.2,2023,6916.289
Образование профессиональное,85.2,2024,6382.2079
Образование профессиональное,85.2,2025,9340.8019
Образование профессиональное среднее,85.21,2018,0.035
Образование профессиональное среднее,85.21,2019,0.0762
Образование профессиональное среднее,85.21,2020,0.1199
Образование профессиональное среднее,85.21,2021,1.4794
Образование высшее,85.22,2017,4100.3578
Образование высшее,85.22,2018,3352.4042000000004
Образование высшее,85.22,2019,4120.6834
Образование высшее,85.22,2020,5429.0225
Образование высшее,85.22,2021,6948.7131
Образование высшее,85.22,2022,7100.7315
Образование высшее,85.22,2023,6909.931799999999
Образование высшее,85.22,2024,6382.1177
Образование высшее,85.22,2025,9337.9754
Образование высшее - бакалавриат,85.22.1,2024,513.9142
Образование высшее - бакалавриат,85.22.1,2025,493.5969
Образование высшее - специалитет,85.22.2,2024,34.8575
Образование высшее - специалитет,85.22.2,2025,140.0848
Образование высшее - магистратура,85.22.3,2024,201.672
Образование высшее - магистратура,85.22.3,2025,47.7536
Подготовка кадров высшей квалификации,85.23,2017,17.7108
Подготовка кадров высшей квалификации,85.23,2018,7.7903
Подготовка кадров высшей квалификации,85.23,2021,7.924
Подготовка кадров высшей квалификации,85.23,2022,5.277399999999999
Подготовка кадров высшей квалификации,85.23,2023,6.348199999999999
Образование дополнительное,85.4,2017,0.6638999999999999
Образование дополнительное,85.4,2018,0.2415999999999999
Образование дополнительное,85.4,2019,7.7187
Образование дополнительное,85.4,2022,4.3297
Деятельность в области здравоохранения,86,2017,63.929
Деятельность в области здравоохранения,86,2018,66.8292
Деятельность в области здравоохранения,86,2019,128.4416
Деятельность в области здравоохранения,86,2020,111.6921
Деятельность в области здравоохранения,86,2021,142.4425
Деятельность в области здравоохранения,86,2022,280.6815
Деятельность в области здравоохранения,86,2023,363.0528
Деятельность в области здравоохранения,86,2024,1706.0304
Деятельность в области здравоохранения,86,2025,1692.0372
Деятельность больничных организаций,86.10,2024,17.143
Деятельность больничных организаций,86.10,2025,16.9226
Деятельность в области медицины прочая,86.90,2024,1686.0716
Деятельность в области медицины прочая,86.90,2025,1673.7666000000002
Деятельность организаций санитарно-эпидемиологической службы,86.90.1,2024,1670.0033
Деятельность организаций санитарно-эпидемиологической службы,86.90.1,2025,1662.1853
"Деятельность библиотек, архивов, музеев и прочих объектов культуры",91,2017,42.5343
"Деятельность библиотек, архивов, музеев и прочих объектов культуры",91,2018,19.58
"Деятельность библиотек, архивов, музеев и прочих объектов культуры",91,2019,23.2555
"Деятельность библиотек, архивов, музеев и прочих объектов культуры",91,2020,67.0605
"Деятельность библиотек, архивов, музеев и прочих объектов культуры",91,2021,66.1298
"Деятельность библиотек, архивов, музеев и прочих объектов культуры",91,2022,113.6376
"Деятельность библиотек, архивов, музеев и прочих объектов культуры",91,2023,55.8234
"Деятельность библиотек, архивов, музеев и прочих объектов культуры",91.0,2024,85.68310000000001
"Деятельность библиотек, архивов, музеев и прочих объектов культуры",91.0,2025,17.9689
Деятельность музеев,91.02,2024,71.663
Деятельность музеев,91.02,2025,3.4751
"Деятельность ботанических садов, зоопарков, государственных природных заповедников и национальных парков",91.04,2024,13.0125
"Деятельность ботанических садов, зоопарков, государственных природных заповедников и национальных парков",91.04,2025,11.4043
Деятельность национальных парков,91.04.3,2024,0.7996
Деятельность национальных парков,91.04.3,2025,1.1101
Деятельность общественных и прочих некоммерческих организаций,94,2023,18.652
Деятельность общественных и прочих некоммерческих организаций,94,2024,19.5388
Деятельность прочих общественных и некоммерческих организаций,94.9,2024,19.1058
"Деятельность прочих общественных организаций и некоммерческих организаций, кроме религиозных и политических организаций",94.99,2024,19.1058
"Ремонт компьютеров, предметов личного потребления и хозяйственно-бытового назначения",95,2018,0.68
Ремонт коммуникационного оборудования,95.12,2018,152.863
"СЕЛЬСКОЕ, ЛЕСНОЕ ХОЗЯЙСТВО, ОХОТА, РЫБОЛОВСТВО И РЫБОВОДСТВО",A,2017,23.1167
"СЕЛЬСКОЕ, ЛЕСНОЕ ХОЗЯЙСТВО, ОХОТА, РЫБОЛОВСТВО И РЫБОВОДСТВО",A,2018,6.93
"СЕЛЬСКОЕ, ЛЕСНОЕ ХОЗЯЙСТВО, ОХОТА, РЫБОЛОВСТВО И РЫБОВОДСТВО",A,2022,13.3348
ДОБЫЧА ПОЛЕЗНЫХ ИСКОПАЕМЫХ,B,2018,486.5865
ДОБЫЧА ПОЛЕЗНЫХ ИСКОПАЕМЫХ,B,2025,0.188
ОБРАБАТЫВАЮЩИЕ ПРОИЗВОДСТВА,C,2017,1867.8875
ОБРАБАТЫВАЮЩИЕ ПРОИЗВОДСТВА,C,2018,1659.0549
ОБРАБАТЫВАЮЩИЕ ПРОИЗВОДСТВА,C,2019,1477.4656
ОБРАБАТЫВАЮЩИЕ ПРОИЗВОДСТВА,C,2020,1831.1684
ОБРАБАТЫВАЮЩИЕ ПРОИЗВОДСТВА,C,2021,5928.4052
ОБРАБАТЫВАЮЩИЕ ПРОИЗВОДСТВА,C,2022,4231.5679
ОБРАБАТЫВАЮЩИЕ ПРОИЗВОДСТВА,C,2023,6879.1498
ОБРАБАТЫВАЮЩИЕ ПРОИЗВОДСТВА,C,2024,15152.9961
ОБРАБАТЫВАЮЩИЕ ПРОИЗВОДСТВА,C,2025,11530.9026
"ОБЕСПЕЧЕНИЕ ЭЛЕКТРИЧЕСКОЙ ЭНЕРГИЕЙ, ГАЗОМ И ПАРОМ; КОНДИЦИОНИРОВАНИЕ ВОЗДУХА",D,2018,24.0735
"ВОДОСНАБЖЕНИЕ; ВОДООТВЕДЕНИЕ, ОРГАНИЗАЦИЯ СБОРА И УТИЛИЗАЦИИ ОТХОДОВ, ДЕЯТЕЛЬНОСТЬ ПО ЛИКВИДАЦИИ ЗАГРЯЗНЕНИЙ",E,2018,161.9448
"ВОДОСНАБЖЕНИЕ; ВОДООТВЕДЕНИЕ, ОРГАНИЗАЦИЯ СБОРА И УТИЛИЗАЦИИ ОТХОДОВ, ДЕЯТЕЛЬНОСТЬ ПО ЛИКВИДАЦИИ ЗАГРЯЗНЕНИЙ",E,2024,472.8082
СТРОИТЕЛЬСТВО,F,2017,0.289
ТОРГОВЛЯ ОПТОВАЯ И РОЗНИЧНАЯ; РЕМОНТ АВТОТРАНСПОРТНЫХ СРЕДСТВ И МОТОЦИКЛОВ,G,2017,8.1575
ТОРГОВЛЯ ОПТОВАЯ И РОЗНИЧНАЯ; РЕМОНТ АВТОТРАНСПОРТНЫХ СРЕДСТВ И МОТОЦИКЛОВ,G,2018,18.2566
ТОРГОВЛЯ ОПТОВАЯ И РОЗНИЧНАЯ; РЕМОНТ АВТОТРАНСПОРТНЫХ СРЕДСТВ И МОТОЦИКЛОВ,G,2019,15.7302
ТОРГОВЛЯ ОПТОВАЯ И РОЗНИЧНАЯ; РЕМОНТ АВТОТРАНСПОРТНЫХ СРЕДСТВ И МОТОЦИКЛОВ,G,2020,10.126
ТОРГОВЛЯ ОПТОВАЯ И РОЗНИЧНАЯ; РЕМОНТ АВТОТРАНСПОРТНЫХ СРЕДСТВ И МОТОЦИКЛОВ,G,2021,5.494
ТОРГОВЛЯ ОПТОВАЯ И РОЗНИЧНАЯ; РЕМОНТ АВТОТРАНСПОРТНЫХ СРЕДСТВ И МОТОЦИКЛОВ,G,2022,58.0673
ТОРГОВЛЯ ОПТОВАЯ И РОЗНИЧНАЯ; РЕМОНТ АВТОТРАНСПОРТНЫХ СРЕДСТВ И МОТОЦИКЛОВ,G,2023,313.7796
ТОРГОВЛЯ ОПТОВАЯ И РОЗНИЧНАЯ; РЕМОНТ АВТОТРАНСПОРТНЫХ СРЕДСТВ И МОТОЦИКЛОВ,G,2024,16.5242
ТОРГОВЛЯ ОПТОВАЯ И РОЗНИЧНАЯ; РЕМОНТ АВТОТРАНСПОРТНЫХ СРЕДСТВ И МОТОЦИКЛОВ,G,2025,89.7068
ТРАНСПОРТИРОВКА И ХРАНЕНИЕ,H,2017,0.045
ТРАНСПОРТИРОВКА И ХРАНЕНИЕ,H,2018,0.923
ДЕЯТЕЛЬНОСТЬ В ОБЛАСТИ ИНФОРМАЦИИ И СВЯЗИ,J,2017,226.1557
ДЕЯТЕЛЬНОСТЬ В ОБЛАСТИ ИНФОРМАЦИИ И СВЯЗИ,J,2018,319.54690000000005
 ДЕЯТЕЛЬНОСТЬ В ОБЛАСТИ ИНФОРМАЦИИ И СВЯЗИ,J,2019,116.7338
 ДЕЯТЕЛЬНОСТЬ В ОБЛАСТИ ИНФОРМАЦИИ И СВЯЗИ,J,2020,204.6528
 ДЕЯТЕЛЬНОСТЬ В ОБЛАСТИ ИНФОРМАЦИИ И СВЯЗИ,J,2021,116.642
 ДЕЯТЕЛЬНОСТЬ В ОБЛАСТИ ИНФОРМАЦИИ И СВЯЗИ,J,2022,47.0487
ДЕЯТЕЛЬНОСТЬ В ОБЛАСТИ ИНФОРМАЦИИ И СВЯЗИ,J,2023,49.8686
ДЕЯТЕЛЬНОСТЬ В ОБЛАСТИ ИНФОРМАЦИИ И СВЯЗИ,J,2024,195.8632
ДЕЯТЕЛЬНОСТЬ В ОБЛАСТИ ИНФОРМАЦИИ И СВЯЗИ,J,2025,1055.3508
ДЕЯТЕЛЬНОСТЬ ФИНАНСОВАЯ И СТРАХОВАЯ,K,2017,0.02
 ДЕЯТЕЛЬНОСТЬ ПО ОПЕРАЦИЯМ С НЕДВИЖИМЫМ ИМУЩЕСТВОМ,L,2018,5.833600000000001
ДЕЯТЕЛЬНОСТЬ ПО ОПЕРАЦИЯМ С НЕДВИЖИМЫМ ИМУЩЕСТВОМ,L,2020,11.9997
"ДЕЯТЕЛЬНОСТЬ ПРОФЕССИОНАЛЬНАЯ, НАУЧНАЯ И ТЕХНИЧЕСКАЯ",M,2017,15369.3023
"ДЕЯТЕЛЬНОСТЬ ПРОФЕССИОНАЛЬНАЯ, НАУЧНАЯ И ТЕХНИЧЕСКАЯ",M,2018,13972.5226
"ДЕЯТЕЛЬНОСТЬ ПРОФЕССИОНАЛЬНАЯ, НАУЧНАЯ И ТЕХНИЧЕСКАЯ",M,2019,27851.741
"ДЕЯТЕЛЬНОСТЬ ПРОФЕССИОНАЛЬНАЯ, НАУЧНАЯ И ТЕХНИЧЕСКАЯ",M,2020,27477.2022
"ДЕЯТЕЛЬНОСТЬ ПРОФЕССИОНАЛЬНАЯ, НАУЧНАЯ И ТЕХНИЧЕСКАЯ",M,2021,24664.2419
"ДЕЯТЕЛЬНОСТЬ ПРОФЕССИОНАЛЬНАЯ, НАУЧНАЯ И ТЕХНИЧЕСКАЯ",M,2022,22061.3104
"ДЕЯТЕЛЬНОСТЬ ПРОФЕССИОНАЛЬНАЯ, НАУЧНАЯ И ТЕХНИЧЕСКАЯ",M,2023,29852.170100000003
"ДЕЯТЕЛЬНОСТЬ ПРОФЕССИОНАЛЬНАЯ, НАУЧНАЯ И ТЕХНИЧЕСКАЯ",M,2024,30985.7789
"ДЕЯТЕЛЬНОСТЬ ПРОФЕССИОНАЛЬНАЯ, НАУЧНАЯ И ТЕХНИЧЕСКАЯ",M,2025,21241.235
ДЕЯТЕЛЬНОСТЬ АДМИНИСТРАТИВНАЯ И СОПУТСТВУЮЩИЕ ДОПОЛНИТЕЛЬНЫЕ УСЛУГИ,N,2017,3.444
ДЕЯТЕЛЬНОСТЬ АДМИНИСТРАТИВНАЯ И СОПУТСТВУЮЩИЕ ДОПОЛНИТЕЛЬНЫЕ УСЛУГИ,N,2018,3.3689
ДЕЯТЕЛЬНОСТЬ АДМИНИСТРАТИВНАЯ И СОПУТСТВУЮЩИЕ ДОПОЛНИТЕЛЬНЫЕ УСЛУГИ,N,2025,51.075
ГОСУДАРСТВЕННОЕ УПРАВЛЕНИЕ И ОБЕСПЕЧЕНИЕ ВОЕННОЙ БЕЗОПАСНОСТИ; СОЦИАЛЬНОЕ ОБЕСПЕЧЕНИЕ,O,2018,17.536099999999998
ОБРАЗОВАНИЕ,P,2017,4118.7325
ОБРАЗОВАНИЕ,P,2018,3360.4711
ОБРАЗОВАНИЕ,P,2019,4129.5133
ОБРАЗОВАНИЕ,P,2020,5434.6285
ОБРАЗОВАНИЕ,P,2021,6958.5009
ОБРАЗОВАНИЕ,P,2022,7110.4076
ОБРАЗОВАНИЕ,P,2023,6920.6355
ОБРАЗОВАНИЕ,P,2024,6382.2937
ОБРАЗОВАНИЕ,P,2025,9341.5102
ДЕЯТЕЛЬНОСТЬ В ОБЛАСТИ ЗДРАВООХРАНЕНИЯ И СОЦИАЛЬНЫХ УСЛУГ,Q,2017,63.929
ДЕЯТЕЛЬНОСТЬ В ОБЛАСТИ ЗДРАВООХРАНЕНИЯ И СОЦИАЛЬНЫХ УСЛУГ,Q,2018,66.8292
ДЕЯТЕЛЬНОСТЬ В ОБЛАСТИ ЗДРАВООХРАНЕНИЯ И СОЦИАЛЬНЫХ УСЛУГ,Q,2019,128.4416
ДЕЯТЕЛЬНОСТЬ В ОБЛАСТИ ЗДРАВООХРАНЕНИЯ И СОЦИАЛЬНЫХ УСЛУГ,Q,2020,111.8499
ДЕЯТЕЛЬНОСТЬ В ОБЛАСТИ ЗДРАВООХРАНЕНИЯ И СОЦИАЛЬНЫХ УСЛУГ,Q,2021,142.4425
ДЕЯТЕЛЬНОСТЬ В ОБЛАСТИ ЗДРАВООХРАНЕНИЯ И СОЦИАЛЬНЫХ УСЛУГ,Q,2022,280.6815
ДЕЯТЕЛЬНОСТЬ В ОБЛАСТИ ЗДРАВООХРАНЕНИЯ И СОЦИАЛЬНЫХ УСЛУГ,Q,2023,363.1331
ДЕЯТЕЛЬНОСТЬ В ОБЛАСТИ ЗДРАВООХРАНЕНИЯ И СОЦИАЛЬНЫХ УСЛУГ,Q,2024,1706.0892
ДЕЯТЕЛЬНОСТЬ В ОБЛАСТИ ЗДРАВООХРАНЕНИЯ И СОЦИАЛЬНЫХ УСЛУГ,Q,2025,1692.2158
"ДЕЯТЕЛЬНОСТЬ В ОБЛАСТИ КУЛЬТУРЫ, СПОРТА, ОРГАНИЗАЦИИ ДОСУГА И РАЗВЛЕЧЕНИЙ",R,2017,42.5343
"ДЕЯТЕЛЬНОСТЬ В ОБЛАСТИ КУЛЬТУРЫ, СПОРТА, ОРГАНИЗАЦИИ ДОСУГА И РАЗВЛЕЧЕНИЙ",R,2018,20.056
"ДЕЯТЕЛЬНОСТЬ В ОБЛАСТИ КУЛЬТУРЫ, СПОРТА, ОРГАНИЗАЦИИ ДОСУГА И РАЗВЛЕЧЕНИЙ",R,2019,23.6505
"ДЕЯТЕЛЬНОСТЬ В ОБЛАСТИ КУЛЬТУРЫ, СПОРТА, ОРГАНИЗАЦИИ ДОСУГА И РАЗВЛЕЧЕНИЙ",R,2020,67.0605
"ДЕЯТЕЛЬНОСТЬ В ОБЛАСТИ КУЛЬТУРЫ, СПОРТА, ОРГАНИЗАЦИИ ДОСУГА И РАЗВЛЕЧЕНИЙ",R,2021,66.1298
"ДЕЯТЕЛЬНОСТЬ В ОБЛАСТИ КУЛЬТУРЫ, СПОРТА, ОРГАНИЗАЦИИ ДОСУГА И РАЗВЛЕЧЕНИЙ",R,2022,113.6376
"ДЕЯТЕЛЬНОСТЬ В ОБЛАСТИ КУЛЬТУРЫ, СПОРТА, ОРГАНИЗАЦИИ ДОСУГА И РАЗВЛЕЧЕНИЙ",R,2023,55.8234
"ДЕЯТЕЛЬНОСТЬ В ОБЛАСТИ КУЛЬТУРЫ, СПОРТА, ОРГАНИЗАЦИИ ДОСУГА И РАЗВЛЕЧЕНИЙ",R,2024,85.68310000000001
"ДЕЯТЕЛЬНОСТЬ В ОБЛАСТИ КУЛЬТУРЫ, СПОРТА, ОРГАНИЗАЦИИ ДОСУГА И РАЗВЛЕЧЕНИЙ",R,2025,17.9689
94 - Деятельность общественных организаций,S,2018,0.68
ПРЕДОСТАВЛЕНИЕ ПРОЧИХ ВИДОВ УСЛУГ,S,2019,32.0498
ПРЕДОСТАВЛЕНИЕ ПРОЧИХ ВИДОВ УСЛУГ,S,2023,18.652
ПРЕДОСТАВЛЕНИЕ ПРОЧИХ ВИДОВ УСЛУГ,S,2024,19.5388
